1,61.166622952553645,19.0,11.7892,93.9507747111148,19.0,35.0,57.125,19.0,-29.299
0,57.125,0.0,-29.299,57.125,19.0,-29.299,93.9507747111148,19.0,35.0
0,57.125,0.0,-29.299,93.9507747111148,19.0,35.0,93.9507747111148,0.0,35.0
2,57.155371507675476,18.1,-29.316394583108504,57.155371507675476,19.0,-29.316394583108504,93.98114621879027,19.0,34.982605416891495
2,57.155371507675476,18.1,-29.316394583108504,93.98114621879027,19.0,34.982605416891495,93.98114621879027,18.1,34.982605416891495
2,57.155371507675476,0.0,-29.316394583108504,57.155371507675476,0.5,-29.316394583108504,93.98114621879027,0.5,34.982605416891495
2,57.155371507675476,0.0,-29.316394583108504,93.98114621879027,0.5,34.982605416891495,93.98114621879027,0.0,34.982605416891495
2,57.155371507675476,0.0,-29.316394583108504,57.155371507675476,19.0,-29.316394583108504,57.55296197872705,19.0,-28.622188693383425
2,57.155371507675476,0.0,-29.316394583108504,57.55296197872705,19.0,-28.622188693383425,57.55296197872705,0.0,-28.622188693383425
2,93.5835557477387,0.0,34.28839952716641,93.5835557477387,19.0,34.28839952716641,93.98114621879027,19.0,34.982605416891495
2,93.5835557477387,0.0,34.28839952716641,93.98114621879027,19.0,34.982605416891495,93.98114621879027,0.0,34.982605416891495
2,57.155371507675476,3.75,-29.316394583108504,57.155371507675476,3.8499999999999996,-29.316394583108504,93.98114621879027,3.8499999999999996,34.982605416891495
2,57.155371507675476,3.75,-29.316394583108504,93.98114621879027,3.8499999999999996,34.982605416891495,93.98114621879027,3.75,34.982605416891495
2,57.155371507675476,7.55,-29.316394583108504,57.155371507675476,7.6499999999999995,-29.316394583108504,93.98114621879027,7.6499999999999995,34.982605416891495
2,57.155371507675476,7.55,-29.316394583108504,93.98114621879027,7.6499999999999995,34.982605416891495,93.98114621879027,7.55,34.982605416891495
2,57.155371507675476,11.35,-29.316394583108504,57.155371507675476,11.450000000000001,-29.316394583108504,93.98114621879027,11.450000000000001,34.982605416891495
2,57.155371507675476,11.35,-29.316394583108504,93.98114621879027,11.450000000000001,34.982605416891495,93.98114621879027,11.35,34.982605416891495
2,57.155371507675476,15.149999999999999,-29.316394583108504,57.155371507675476,15.25,-29.316394583108504,93.98114621879027,15.25,34.982605416891495
2,57.155371507675476,15.149999999999999,-29.316394583108504,93.98114621879027,15.25,34.982605416891495,93.98114621879027,15.149999999999999,34.982605416891495
2,59.17888341651854,0.0,-25.783276997738874,59.17888341651854,19.0,-25.783276997738874,59.22361234451184,19.0,-25.7051788351448
2,59.17888341651854,0.0,-25.783276997738874,59.22361234451184,19.0,-25.7051788351448,59.22361234451184,0.0,-25.7051788351448
2,61.224759789358245,0.0,-22.211110331072206,61.224759789358245,19.0,-22.211110331072206,61.26948871735155,19.0,-22.133012168478132
2,61.224759789358245,0.0,-22.211110331072206,61.26948871735155,19.0,-22.133012168478132,61.26948871735155,0.0,-22.133012168478132
2,63.27063616219796,0.0,-18.638943664405538,63.27063616219796,19.0,-18.638943664405538,63.315365090191264,19.0,-18.560845501811464
2,63.27063616219796,0.0,-18.638943664405538,63.315365090191264,19.0,-18.560845501811464,63.315365090191264,0.0,-18.560845501811464
2,65.31651253503766,0.0,-15.066776997738874,65.31651253503766,19.0,-15.066776997738874,65.36124146303096,19.0,-14.988678835144803
2,65.31651253503766,0.0,-15.066776997738874,65.36124146303096,19.0,-14.988678835144803,65.36124146303096,0.0,-14.988678835144803
2,67.36238890787737,0.0,-11.494610331072206,67.36238890787737,19.0,-11.494610331072206,67.40711783587068,19.0,-11.416512168478135
2,67.36238890787737,0.0,-11.494610331072206,67.40711783587068,19.0,-11.416512168478135,67.40711783587068,0.0,-11.416512168478135
2,69.40826528071709,0.0,-7.922443664405538,69.40826528071709,19.0,-7.922443664405538,69.4529942087104,19.0,-7.844345501811466
2,69.40826528071709,0.0,-7.922443664405538,69.4529942087104,19.0,-7.844345501811466,69.4529942087104,0.0,-7.844345501811466
2,71.4541416535568,0.0,-4.350276997738874,71.4541416535568,19.0,-4.350276997738874,71.49887058155011,19.0,-4.272178835144802
2,71.4541416535568,0.0,-4.350276997738874,71.49887058155011,19.0,-4.272178835144802,71.49887058155011,0.0,-4.272178835144802
2,73.5000180263965,0.0,-0.778110331072206,73.5000180263965,19.0,-0.778110331072206,73.54474695438981,19.0,-0.7000121684781344
2,73.5000180263965,0.0,-0.778110331072206,73.54474695438981,19.0,-0.7000121684781344,73.54474695438981,0.0,-0.7000121684781344
2,75.54589439923622,0.0,2.794056335594462,75.54589439923622,19.0,2.794056335594462,75.59062332722952,19.0,2.872154498188533
2,75.54589439923622,0.0,2.794056335594462,75.59062332722952,19.0,2.872154498188533,75.59062332722952,0.0,2.872154498188533
2,77.59177077207593,0.0,6.36622300226113,77.59177077207593,19.0,6.36622300226113,77.63649970006924,19.0,6.444321164855202
2,77.59177077207593,0.0,6.36622300226113,77.63649970006924,19.0,6.444321164855202,77.63649970006924,0.0,6.444321164855202
2,79.63764714491565,0.0,9.938389668927798,79.63764714491565,19.0,9.938389668927798,79.68237607290895,19.0,10.016487831521868
2,79.63764714491565,0.0,9.938389668927798,79.68237607290895,19.0,10.016487831521868,79.68237607290895,0.0,10.016487831521868
2,81.68352351775536,0.0,13.510556335594465,81.68352351775536,19.0,13.510556335594465,81.72825244574867,19.0,13.588654498188536
2,81.68352351775536,0.0,13.510556335594465,81.72825244574867,19.0,13.588654498188536,81.72825244574867,0.0,13.588654498188536
2,83.72939989059506,0.0,17.082723002261126,83.72939989059506,19.0,17.082723002261126,83.77412881858837,19.0,17.1608211648552
2,83.72939989059506,0.0,17.082723002261126,83.77412881858837,19.0,17.1608211648552,83.77412881858837,0.0,17.1608211648552
2,85.77527626343478,0.0,20.654889668927794,85.77527626343478,19.0,20.654889668927794,85.82000519142808,19.0,20.732987831521868
2,85.77527626343478,0.0,20.654889668927794,85.82000519142808,19.0,20.732987831521868,85.82000519142808,0.0,20.732987831521868
2,87.82115263627449,0.0,24.22705633559447,87.82115263627449,19.0,24.22705633559447,87.8658815642678,19.0,24.305154498188543
2,87.82115263627449,0.0,24.22705633559447,87.8658815642678,19.0,24.305154498188543,87.8658815642678,0.0,24.305154498188543
2,89.86702900911419,0.0,27.79922300226113,89.86702900911419,19.0,27.79922300226113,89.9117579371075,19.0,27.877321164855204
2,89.86702900911419,0.0,27.79922300226113,89.9117579371075,19.0,27.877321164855204,89.9117579371075,0.0,27.877321164855204
2,91.9129053819539,0.0,31.37138966892779,91.9129053819539,19.0,31.37138966892779,91.95763430994721,19.0,31.449487831521864
2,91.9129053819539,0.0,31.37138966892779,91.95763430994721,19.0,31.449487831521864,91.95763430994721,0.0,31.449487831521864
1,61.166622952553645,19.0,11.7892,61.92034005165341,19.0,35.0,93.9507747111148,19.0,35.0
1,61.166622952553645,19.0,11.7892,61.208,19.0,33.671,61.92034005165341,19.0,35.0
0,61.92034005165341,0.0,35.0,61.92034005165341,19.0,35.0,61.208,19.0,33.671
0,61.92034005165341,0.0,35.0,61.208,19.0,33.671,61.208,0.0,33.671
2,61.889491884059495,18.1,35.016534526183044,61.889491884059495,19.0,35.016534526183044,61.17715183240608,19.0,33.68753452618304
2,61.889491884059495,18.1,35.016534526183044,61.17715183240608,19.0,33.68753452618304,61.17715183240608,18.1,33.68753452618304
2,61.889491884059495,0.0,35.016534526183044,61.889491884059495,0.5,35.016534526183044,61.17715183240608,0.5,33.68753452618304
2,61.889491884059495,0.0,35.016534526183044,61.17715183240608,0.5,33.68753452618304,61.17715183240608,0.0,33.68753452618304
2,61.889491884059495,0.0,35.016534526183044,61.889491884059495,19.0,35.016534526183044,61.51155985701853,19.0,34.31143355260783
2,61.889491884059495,0.0,35.016534526183044,61.51155985701853,19.0,34.31143355260783,61.51155985701853,0.0,34.31143355260783
2,61.555083859447045,0.0,34.392635499758256,61.555083859447045,19.0,34.392635499758256,61.17715183240608,19.0,33.68753452618304
2,61.555083859447045,0.0,34.392635499758256,61.17715183240608,19.0,33.68753452618304,61.17715183240608,0.0,33.68753452618304
2,61.889491884059495,3.75,35.016534526183044,61.889491884059495,3.8499999999999996,35.016534526183044,61.17715183240608,3.8499999999999996,33.68753452618304
2,61.889491884059495,3.75,35.016534526183044,61.17715183240608,3.8499999999999996,33.68753452618304,61.17715183240608,3.75,33.68753452618304
2,61.889491884059495,7.55,35.016534526183044,61.889491884059495,7.6499999999999995,35.016534526183044,61.17715183240608,7.6499999999999995,33.68753452618304
2,61.889491884059495,7.55,35.016534526183044,61.17715183240608,7.6499999999999995,33.68753452618304,61.17715183240608,7.55,33.68753452618304
2,61.889491884059495,11.35,35.016534526183044,61.889491884059495,11.450000000000001,35.016534526183044,61.17715183240608,11.450000000000001,33.68753452618304
2,61.889491884059495,11.35,35.016534526183044,61.17715183240608,11.450000000000001,33.68753452618304,61.17715183240608,11.35,33.68753452618304
2,61.889491884059495,15.149999999999999,35.016534526183044,61.889491884059495,15.25,35.016534526183044,61.17715183240608,15.25,33.68753452618304
2,61.889491884059495,15.149999999999999,35.016534526183044,61.17715183240608,15.25,33.68753452618304,61.17715183240608,15.149999999999999,33.68753452618304
1,61.166622952553645,19.0,11.7892,31.629,19.0,-15.426,61.208,19.0,33.671
0,61.208,0.0,33.671,61.208,19.0,33.671,31.629,19.0,-15.426
0,61.208,0.0,33.671,31.629,19.0,-15.426,31.629,0.0,-15.426
2,61.17802033911775,18.1,33.6890615595502,61.17802033911775,19.0,33.6890615595502,31.599020339117754,19.0,-15.407938440449803
2,61.17802033911775,18.1,33.6890615595502,31.599020339117754,19.0,-15.407938440449803,31.599020339117754,18.1,-15.407938440449803
2,61.17802033911775,0.0,33.6890615595502,61.17802033911775,0.5,33.6890615595502,31.599020339117754,0.5,-15.407938440449803
2,61.17802033911775,0.0,33.6890615595502,31.599020339117754,0.5,-15.407938440449803,31.599020339117754,0.0,-15.407938440449803
2,61.17802033911775,0.0,33.6890615595502,61.17802033911775,19.0,33.6890615595502,60.76518469225609,19.0,33.00381216795593
2,61.17802033911775,0.0,33.6890615595502,60.76518469225609,19.0,33.00381216795593,60.76518469225609,0.0,33.00381216795593
2,32.011855985979416,0.0,-14.722689048855534,32.011855985979416,19.0,-14.722689048855534,31.599020339117754,19.0,-15.407938440449803
2,32.011855985979416,0.0,-14.722689048855534,31.599020339117754,19.0,-15.407938440449803,31.599020339117754,0.0,-15.407938440449803
2,61.17802033911775,3.75,33.6890615595502,61.17802033911775,3.8499999999999996,33.6890615595502,31.599020339117754,3.8499999999999996,-15.407938440449803
2,61.17802033911775,3.75,33.6890615595502,31.599020339117754,3.8499999999999996,-15.407938440449803,31.599020339117754,3.75,-15.407938440449803
2,61.17802033911775,7.55,33.6890615595502,61.17802033911775,7.6499999999999995,33.6890615595502,31.599020339117754,7.6499999999999995,-15.407938440449803
2,61.17802033911775,7.55,33.6890615595502,31.599020339117754,7.6499999999999995,-15.407938440449803,31.599020339117754,7.55,-15.407938440449803
2,61.17802033911775,11.35,33.6890615595502,61.17802033911775,11.450000000000001,33.6890615595502,31.599020339117754,11.450000000000001,-15.407938440449803
2,61.17802033911775,11.35,33.6890615595502,31.599020339117754,11.450000000000001,-15.407938440449803,31.599020339117754,11.35,-15.407938440449803
2,61.17802033911775,15.149999999999999,33.6890615595502,61.17802033911775,15.25,33.6890615595502,31.599020339117754,15.25,-15.407938440449803
2,61.17802033911775,15.149999999999999,33.6890615595502,31.599020339117754,15.25,-15.407938440449803,31.599020339117754,15.149999999999999,-15.407938440449803
2,59.08845662996801,0.0,30.220678266398803,59.08845662996801,19.0,30.220678266398803,59.04201261969607,19.0,30.14358770984445
2,59.08845662996801,0.0,30.220678266398803,59.04201261969607,19.0,30.14358770984445,59.04201261969607,0.0,30.14358770984445
2,56.975670915682294,0.0,26.71374969497023,56.975670915682294,19.0,26.71374969497023,56.92922690541035,19.0,26.636659138415876
2,56.975670915682294,0.0,26.71374969497023,56.92922690541035,19.0,26.636659138415876,56.92922690541035,0.0,26.636659138415876
2,54.86288520139658,0.0,23.20682112354166,54.86288520139658,19.0,23.20682112354166,54.81644119112464,19.0,23.129730566987305
2,54.86288520139658,0.0,23.20682112354166,54.81644119112464,19.0,23.129730566987305,54.81644119112464,0.0,23.129730566987305
2,52.750099487110866,0.0,19.699892552113084,52.750099487110866,19.0,19.699892552113084,52.703655476838925,19.0,19.62280199555873
2,52.750099487110866,0.0,19.699892552113084,52.703655476838925,19.0,19.62280199555873,52.703655476838925,0.0,19.62280199555873
2,50.63731377282515,0.0,16.192963980684514,50.63731377282515,19.0,16.192963980684514,50.59086976255321,19.0,16.11587342413016
2,50.63731377282515,0.0,16.192963980684514,50.59086976255321,19.0,16.11587342413016,50.59086976255321,0.0,16.11587342413016
2,48.52452805853944,0.0,12.686035409255945,48.52452805853944,19.0,12.686035409255945,48.4780840482675,19.0,12.608944852701589
2,48.52452805853944,0.0,12.686035409255945,48.4780840482675,19.0,12.608944852701589,48.4780840482675,0.0,12.608944852701589
2,46.411742344253724,0.0,9.179106837827375,46.411742344253724,19.0,9.179106837827375,46.365298333981784,19.0,9.102016281273018
2,46.411742344253724,0.0,9.179106837827375,46.365298333981784,19.0,9.102016281273018,46.365298333981784,0.0,9.102016281273018
2,44.29895662996801,0.0,5.6721782663988,44.29895662996801,19.0,5.6721782663988,44.25251261969607,19.0,5.595087709844445
2,44.29895662996801,0.0,5.6721782663988,44.25251261969607,19.0,5.595087709844445,44.25251261969607,0.0,5.595087709844445
2,42.1861709156823,0.0,2.1652496949702367,42.1861709156823,19.0,2.1652496949702367,42.139726905410356,19.0,2.088159138415881
2,42.1861709156823,0.0,2.1652496949702367,42.139726905410356,19.0,2.088159138415881,42.139726905410356,0.0,2.088159138415881
2,40.07338520139658,0.0,-1.3416788764583447,40.07338520139658,19.0,-1.3416788764583447,40.02694119112464,19.0,-1.4187694330126999
2,40.07338520139658,0.0,-1.3416788764583447,40.02694119112464,19.0,-1.4187694330126999,40.02694119112464,0.0,-1.4187694330126999
2,37.96059948711086,0.0,-4.848607447886912,37.96059948711086,19.0,-4.848607447886912,37.91415547683892,19.0,-4.925698004441267
2,37.96059948711086,0.0,-4.848607447886912,37.91415547683892,19.0,-4.925698004441267,37.91415547683892,0.0,-4.925698004441267
2,35.847813772825155,0.0,-8.355536019315485,35.847813772825155,19.0,-8.355536019315485,35.801369762553215,19.0,-8.432626575869842
2,35.847813772825155,0.0,-8.355536019315485,35.801369762553215,19.0,-8.432626575869842,35.801369762553215,0.0,-8.432626575869842
2,33.73502805853944,0.0,-11.862464590744052,33.73502805853944,19.0,-11.862464590744052,33.6885840482675,19.0,-11.939555147298408
2,33.73502805853944,0.0,-11.862464590744052,33.6885840482675,19.0,-11.939555147298408,33.6885840482675,0.0,-11.939555147298408
1,61.166622952553645,19.0,11.7892,57.125,19.0,-29.299,31.629,19.0,-15.426
0,31.629,0.0,-15.426,31.629,19.0,-15.426,57.125,19.0,-29.299
0,31.629,0.0,-15.426,57.125,19.0,-29.299,57.125,0.0,-29.299
2,31.61227169677754,18.1,-15.45674351754919,31.61227169677754,19.0,-15.45674351754919,57.108271696777535,19.0,-29.32974351754919
2,31.61227169677754,18.1,-15.45674351754919,57.108271696777535,19.0,-29.32974351754919,57.108271696777535,18.1,-29.32974351754919
2,31.61227169677754,0.0,-15.45674351754919,31.61227169677754,0.5,-15.45674351754919,57.108271696777535,0.5,-29.32974351754919
2,31.61227169677754,0.0,-15.45674351754919,57.108271696777535,0.5,-29.32974351754919,57.108271696777535,0.0,-29.32974351754919
2,31.61227169677754,0.0,-15.45674351754919,31.61227169677754,19.0,-15.45674351754919,32.314980669330446,19.0,-15.839104734062625
2,31.61227169677754,0.0,-15.45674351754919,32.314980669330446,19.0,-15.839104734062625,32.314980669330446,0.0,-15.839104734062625
2,56.40556272422462,0.0,-28.947382301035756,56.40556272422462,19.0,-28.947382301035756,57.108271696777535,19.0,-29.32974351754919
2,56.40556272422462,0.0,-28.947382301035756,57.108271696777535,19.0,-29.32974351754919,57.108271696777535,0.0,-29.32974351754919
2,31.61227169677754,3.75,-15.45674351754919,31.61227169677754,3.8499999999999996,-15.45674351754919,57.108271696777535,3.8499999999999996,-29.32974351754919
2,31.61227169677754,3.75,-15.45674351754919,57.108271696777535,3.8499999999999996,-29.32974351754919,57.108271696777535,3.75,-29.32974351754919
2,31.61227169677754,7.55,-15.45674351754919,31.61227169677754,7.6499999999999995,-15.45674351754919,57.108271696777535,7.6499999999999995,-29.32974351754919
2,31.61227169677754,7.55,-15.45674351754919,57.108271696777535,7.6499999999999995,-29.32974351754919,57.108271696777535,7.55,-29.32974351754919
2,31.61227169677754,11.35,-15.45674351754919,31.61227169677754,11.450000000000001,-15.45674351754919,57.108271696777535,11.450000000000001,-29.32974351754919
2,31.61227169677754,11.35,-15.45674351754919,57.108271696777535,11.450000000000001,-29.32974351754919,57.108271696777535,11.35,-29.32974351754919
2,31.61227169677754,15.149999999999999,-15.45674351754919,31.61227169677754,15.25,-15.45674351754919,57.108271696777535,15.25,-29.32974351754919
2,31.61227169677754,15.149999999999999,-15.45674351754919,57.108271696777535,15.25,-29.32974351754919,57.108271696777535,15.149999999999999,-29.32974351754919
2,35.21503003135715,0.0,-17.417092841977453,35.21503003135715,19.0,-17.417092841977453,35.294084790769354,19.0,-17.460108478835213
2,35.21503003135715,0.0,-17.417092841977453,35.294084790769354,19.0,-17.460108478835213,35.294084790769354,0.0,-17.460108478835213
2,38.857315745642865,0.0,-19.398949984834594,38.857315745642865,19.0,-19.398949984834594,38.936370505055066,19.0,-19.441965621692354
2,38.857315745642865,0.0,-19.398949984834594,38.936370505055066,19.0,-19.441965621692354,38.936370505055066,0.0,-19.441965621692354
2,42.49960145992858,0.0,-21.38080712769174,42.49960145992858,19.0,-21.38080712769174,42.57865621934078,19.0,-21.4238227645495
2,42.49960145992858,0.0,-21.38080712769174,42.57865621934078,19.0,-21.4238227645495,42.57865621934078,0.0,-21.4238227645495
2,46.14188717421429,0.0,-23.362664270548883,46.14188717421429,19.0,-23.362664270548883,46.22094193362649,19.0,-23.405679907406643
2,46.14188717421429,0.0,-23.362664270548883,46.22094193362649,19.0,-23.405679907406643,46.22094193362649,0.0,-23.405679907406643
2,49.7841728885,0.0,-25.34452141340602,49.7841728885,19.0,-25.34452141340602,49.863227647912204,19.0,-25.38753705026378
2,49.7841728885,0.0,-25.34452141340602,49.863227647912204,19.0,-25.38753705026378,49.863227647912204,0.0,-25.38753705026378
2,53.42645860278572,0.0,-27.326378556263165,53.42645860278572,19.0,-27.326378556263165,53.505513362197924,19.0,-27.369394193120925
2,53.42645860278572,0.0,-27.326378556263165,53.505513362197924,19.0,-27.369394193120925,53.505513362197924,0.0,-27.369394193120925
1,91.99027869069205,53.199999999999996,60.468500000000006,119.129,53.199999999999996,78.962,93.9507747111148,53.199999999999996,35.0
0,93.9507747111148,0.0,35.0,93.9507747111148,53.199999999999996,35.0,119.129,53.199999999999996,78.962
0,93.9507747111148,0.0,35.0,119.129,53.199999999999996,78.962,119.129,0.0,78.962
2,93.98114621879027,52.29999999999999,34.982605416891495,93.98114621879027,53.199999999999996,34.982605416891495,119.15937150767547,53.199999999999996,78.94460541689149
2,93.98114621879027,52.29999999999999,34.982605416891495,119.15937150767547,53.199999999999996,78.94460541689149,119.15937150767547,52.29999999999999,78.94460541689149
2,93.98114621879027,0.0,34.982605416891495,93.98114621879027,0.5,34.982605416891495,119.15937150767547,0.5,78.94460541689149
2,93.98114621879027,0.0,34.982605416891495,119.15937150767547,0.5,78.94460541689149,119.15937150767547,0.0,78.94460541689149
2,93.98114621879027,0.0,34.982605416891495,93.98114621879027,53.199999999999996,34.982605416891495,95.07452001418208,53.199999999999996,36.89167161363547
2,93.98114621879027,0.0,34.982605416891495,95.07452001418208,53.199999999999996,36.89167161363547,95.07452001418208,0.0,36.89167161363547
2,118.06599771228366,0.0,77.03553922014751,118.06599771228366,53.199999999999996,77.03553922014751,119.15937150767547,53.199999999999996,78.94460541689149
2,118.06599771228366,0.0,77.03553922014751,119.15937150767547,53.199999999999996,78.94460541689149,119.15937150767547,0.0,78.94460541689149
2,93.98114621879027,3.75,34.982605416891495,93.98114621879027,3.8499999999999996,34.982605416891495,119.15937150767547,3.8499999999999996,78.94460541689149
2,93.98114621879027,3.75,34.982605416891495,119.15937150767547,3.8499999999999996,78.94460541689149,119.15937150767547,3.75,78.94460541689149
2,93.98114621879027,7.55,34.982605416891495,93.98114621879027,7.6499999999999995,34.982605416891495,119.15937150767547,7.6499999999999995,78.94460541689149
2,93.98114621879027,7.55,34.982605416891495,119.15937150767547,7.6499999999999995,78.94460541689149,119.15937150767547,7.55,78.94460541689149
2,93.98114621879027,11.35,34.982605416891495,93.98114621879027,11.450000000000001,34.982605416891495,119.15937150767547,11.450000000000001,78.94460541689149
2,93.98114621879027,11.35,34.982605416891495,119.15937150767547,11.450000000000001,78.94460541689149,119.15937150767547,11.35,78.94460541689149
2,93.98114621879027,15.149999999999999,34.982605416891495,93.98114621879027,15.25,34.982605416891495,119.15937150767547,15.25,78.94460541689149
2,93.98114621879027,15.149999999999999,34.982605416891495,119.15937150767547,15.25,78.94460541689149,119.15937150767547,15.149999999999999,78.94460541689149
2,93.98114621879027,18.95,34.982605416891495,93.98114621879027,19.05,34.982605416891495,119.15937150767547,19.05,78.94460541689149
2,93.98114621879027,18.95,34.982605416891495,119.15937150767547,19.05,78.94460541689149,119.15937150767547,18.95,78.94460541689149
2,93.98114621879027,22.75,34.982605416891495,93.98114621879027,22.85,34.982605416891495,119.15937150767547,22.85,78.94460541689149
2,93.98114621879027,22.75,34.982605416891495,119.15937150767547,22.85,78.94460541689149,119.15937150767547,22.75,78.94460541689149
2,93.98114621879027,26.549999999999997,34.982605416891495,93.98114621879027,26.65,34.982605416891495,119.15937150767547,26.65,78.94460541689149
2,93.98114621879027,26.549999999999997,34.982605416891495,119.15937150767547,26.65,78.94460541689149,119.15937150767547,26.549999999999997,78.94460541689149
2,93.98114621879027,30.349999999999998,34.982605416891495,93.98114621879027,30.45,34.982605416891495,119.15937150767547,30.45,78.94460541689149
2,93.98114621879027,30.349999999999998,34.982605416891495,119.15937150767547,30.45,78.94460541689149,119.15937150767547,30.349999999999998,78.94460541689149
2,93.98114621879027,34.15,34.982605416891495,93.98114621879027,34.24999999999999,34.982605416891495,119.15937150767547,34.24999999999999,78.94460541689149
2,93.98114621879027,34.15,34.982605416891495,119.15937150767547,34.24999999999999,78.94460541689149,119.15937150767547,34.15,78.94460541689149
2,93.98114621879027,37.95,34.982605416891495,93.98114621879027,38.05,34.982605416891495,119.15937150767547,38.05,78.94460541689149
2,93.98114621879027,37.95,34.982605416891495,119.15937150767547,38.05,78.94460541689149,119.15937150767547,37.95,78.94460541689149
2,93.98114621879027,41.75,34.982605416891495,93.98114621879027,41.849999999999994,34.982605416891495,119.15937150767547,41.849999999999994,78.94460541689149
2,93.98114621879027,41.75,34.982605416891495,119.15937150767547,41.849999999999994,78.94460541689149,119.15937150767547,41.75,78.94460541689149
2,93.98114621879027,45.550000000000004,34.982605416891495,93.98114621879027,45.65,34.982605416891495,119.15937150767547,45.65,78.94460541689149
2,93.98114621879027,45.550000000000004,34.982605416891495,119.15937150767547,45.65,78.94460541689149,119.15937150767547,45.550000000000004,78.94460541689149
2,93.98114621879027,49.349999999999994,34.982605416891495,93.98114621879027,49.44999999999999,34.982605416891495,119.15937150767547,49.44999999999999,78.94460541689149
2,93.98114621879027,49.349999999999994,34.982605416891495,119.15937150767547,49.44999999999999,78.94460541689149,119.15937150767547,49.349999999999994,78.94460541689149
2,96.05696719553406,0.0,38.60705633559446,96.05696719553406,53.199999999999996,38.60705633559446,96.10169612352736,53.199999999999996,38.68515449818853
2,96.05696719553406,0.0,38.60705633559446,96.10169612352736,53.199999999999996,38.68515449818853,96.10169612352736,0.0,38.68515449818853
2,98.1551526362745,0.0,42.270556335594456,98.1551526362745,53.199999999999996,42.270556335594456,98.1998815642678,53.199999999999996,42.34865449818853
2,98.1551526362745,0.0,42.270556335594456,98.1998815642678,53.199999999999996,42.34865449818853,98.1998815642678,0.0,42.34865449818853
2,100.25333807701492,0.0,45.934056335594455,100.25333807701492,53.199999999999996,45.934056335594455,100.29806700500822,53.199999999999996,46.01215449818853
2,100.25333807701492,0.0,45.934056335594455,100.29806700500822,53.199999999999996,46.01215449818853,100.29806700500822,0.0,46.01215449818853
2,102.35152351775535,0.0,49.59755633559446,102.35152351775535,53.199999999999996,49.59755633559446,102.39625244574866,53.199999999999996,49.675654498188536
2,102.35152351775535,0.0,49.59755633559446,102.39625244574866,53.199999999999996,49.675654498188536,102.39625244574866,0.0,49.675654498188536
2,104.44970895849579,0.0,53.26105633559446,104.44970895849579,53.199999999999996,53.26105633559446,104.4944378864891,53.199999999999996,53.339154498188535
2,104.44970895849579,0.0,53.26105633559446,104.4944378864891,53.199999999999996,53.339154498188535,104.4944378864891,0.0,53.339154498188535
2,106.54789439923621,0.0,56.92455633559446,106.54789439923621,53.199999999999996,56.92455633559446,106.59262332722952,53.199999999999996,57.002654498188534
2,106.54789439923621,0.0,56.92455633559446,106.59262332722952,53.199999999999996,57.002654498188534,106.59262332722952,0.0,57.002654498188534
2,108.64607983997665,0.0,60.58805633559446,108.64607983997665,53.199999999999996,60.58805633559446,108.69080876796995,53.199999999999996,60.66615449818853
2,108.64607983997665,0.0,60.58805633559446,108.69080876796995,53.199999999999996,60.66615449818853,108.69080876796995,0.0,60.66615449818853
2,110.74426528071709,0.0,64.25155633559446,110.74426528071709,53.199999999999996,64.25155633559446,110.78899420871039,53.199999999999996,64.32965449818853
2,110.74426528071709,0.0,64.25155633559446,110.78899420871039,53.199999999999996,64.32965449818853,110.78899420871039,0.0,64.32965449818853
2,112.84245072145752,0.0,67.91505633559446,112.84245072145752,53.199999999999996,67.91505633559446,112.88717964945083,53.199999999999996,67.99315449818853
2,112.84245072145752,0.0,67.91505633559446,112.88717964945083,53.199999999999996,67.99315449818853,112.88717964945083,0.0,67.99315449818853
2,114.94063616219796,0.0,71.57855633559446,114.94063616219796,53.199999999999996,71.57855633559446,114.98536509019127,53.199999999999996,71.65665449818853
2,114.94063616219796,0.0,71.57855633559446,114.98536509019127,53.199999999999996,71.65665449818853,114.98536509019127,0.0,71.65665449818853
2,117.03882160293838,0.0,75.24205633559446,117.03882160293838,53.199999999999996,75.24205633559446,117.08355053093169,53.199999999999996,75.32015449818853
2,117.03882160293838,0.0,75.24205633559446,117.08355053093169,53.199999999999996,75.32015449818853,117.08355053093169,0.0,75.32015449818853
1,91.99027869069205,53.199999999999996,60.468500000000006,92.961,53.199999999999996,92.912,119.129,53.199999999999996,78.962
0,119.129,0.0,78.962,119.129,53.199999999999996,78.962,92.961,53.199999999999996,92.912
0,119.129,0.0,78.962,92.961,53.199999999999996,92.912,92.961,0.0,92.912
2,119.1454648295162,52.29999999999999,78.99288542356845,119.1454648295162,53.199999999999996,78.99288542356845,92.9774648295162,53.199999999999996,92.94288542356846
2,119.1454648295162,52.29999999999999,78.99288542356845,92.9774648295162,53.199999999999996,92.94288542356846,92.9774648295162,52.29999999999999,92.94288542356846
2,119.1454648295162,0.0,78.99288542356845,119.1454648295162,0.5,78.99288542356845,92.9774648295162,0.5,92.94288542356846
2,119.1454648295162,0.0,78.99288542356845,92.9774648295162,0.5,92.94288542356846,92.9774648295162,0.0,92.94288542356846
2,119.1454648295162,0.0,78.99288542356845,119.1454648295162,53.199999999999996,78.99288542356845,117.20409534807081,53.199999999999996,80.02781756458661
2,119.1454648295162,0.0,78.99288542356845,117.20409534807081,53.199999999999996,80.02781756458661,117.20409534807081,0.0,80.02781756458661
2,94.91883431096159,0.0,91.9079532825503,94.91883431096159,53.199999999999996,91.9079532825503,92.9774648295162,53.199999999999996,92.94288542356846
2,94.91883431096159,0.0,91.9079532825503,92.9774648295162,53.199999999999996,92.94288542356846,92.9774648295162,0.0,92.94288542356846
2,119.1454648295162,3.75,78.99288542356845,119.1454648295162,3.8499999999999996,78.99288542356845,92.9774648295162,3.8499999999999996,92.94288542356846
2,119.1454648295162,3.75,78.99288542356845,92.9774648295162,3.8499999999999996,92.94288542356846,92.9774648295162,3.75,92.94288542356846
2,119.1454648295162,7.55,78.99288542356845,119.1454648295162,7.6499999999999995,78.99288542356845,92.9774648295162,7.6499999999999995,92.94288542356846
2,119.1454648295162,7.55,78.99288542356845,92.9774648295162,7.6499999999999995,92.94288542356846,92.9774648295162,7.55,92.94288542356846
2,119.1454648295162,11.35,78.99288542356845,119.1454648295162,11.450000000000001,78.99288542356845,92.9774648295162,11.450000000000001,92.94288542356846
2,119.1454648295162,11.35,78.99288542356845,92.9774648295162,11.450000000000001,92.94288542356846,92.9774648295162,11.35,92.94288542356846
2,119.1454648295162,15.149999999999999,78.99288542356845,119.1454648295162,15.25,78.99288542356845,92.9774648295162,15.25,92.94288542356846
2,119.1454648295162,15.149999999999999,78.99288542356845,92.9774648295162,15.25,92.94288542356846,92.9774648295162,15.149999999999999,92.94288542356846
2,119.1454648295162,18.95,78.99288542356845,119.1454648295162,19.05,78.99288542356845,92.9774648295162,19.05,92.94288542356846
2,119.1454648295162,18.95,78.99288542356845,92.9774648295162,19.05,92.94288542356846,92.9774648295162,18.95,92.94288542356846
2,119.1454648295162,22.75,78.99288542356845,119.1454648295162,22.85,78.99288542356845,92.9774648295162,22.85,92.94288542356846
2,119.1454648295162,22.75,78.99288542356845,92.9774648295162,22.85,92.94288542356846,92.9774648295162,22.75,92.94288542356846
2,119.1454648295162,26.549999999999997,78.99288542356845,119.1454648295162,26.65,78.99288542356845,92.9774648295162,26.65,92.94288542356846
2,119.1454648295162,26.549999999999997,78.99288542356845,92.9774648295162,26.65,92.94288542356846,92.9774648295162,26.549999999999997,92.94288542356846
2,119.1454648295162,30.349999999999998,78.99288542356845,119.1454648295162,30.45,78.99288542356845,92.9774648295162,30.45,92.94288542356846
2,119.1454648295162,30.349999999999998,78.99288542356845,92.9774648295162,30.45,92.94288542356846,92.9774648295162,30.349999999999998,92.94288542356846
2,119.1454648295162,34.15,78.99288542356845,119.1454648295162,34.24999999999999,78.99288542356845,92.9774648295162,34.24999999999999,92.94288542356846
2,119.1454648295162,34.15,78.99288542356845,92.9774648295162,34.24999999999999,92.94288542356846,92.9774648295162,34.15,92.94288542356846
2,119.1454648295162,37.95,78.99288542356845,119.1454648295162,38.05,78.99288542356845,92.9774648295162,38.05,92.94288542356846
2,119.1454648295162,37.95,78.99288542356845,92.9774648295162,38.05,92.94288542356846,92.9774648295162,37.95,92.94288542356846
2,119.1454648295162,41.75,78.99288542356845,119.1454648295162,41.849999999999994,78.99288542356845,92.9774648295162,41.849999999999994,92.94288542356846
2,119.1454648295162,41.75,78.99288542356845,92.9774648295162,41.849999999999994,92.94288542356846,92.9774648295162,41.75,92.94288542356846
2,119.1454648295162,45.550000000000004,78.99288542356845,119.1454648295162,45.65,78.99288542356845,92.9774648295162,45.65,92.94288542356846
2,119.1454648295162,45.550000000000004,78.99288542356845,92.9774648295162,45.65,92.94288542356846,92.9774648295162,45.550000000000004,92.94288542356846
2,119.1454648295162,49.349999999999994,78.99288542356845,119.1454648295162,49.44999999999999,78.99288542356845,92.9774648295162,49.44999999999999,92.94288542356846
2,119.1454648295162,49.349999999999994,78.99288542356845,92.9774648295162,49.44999999999999,92.94288542356846,92.9774648295162,49.349999999999994,92.94288542356846
2,115.44688894553278,0.0,80.96457349990477,115.44688894553278,53.199999999999996,80.96457349990477,115.3674692849282,53.199999999999996,81.00691163294643
2,115.44688894553278,0.0,80.96457349990477,115.3674692849282,53.199999999999996,81.00691163294643,115.3674692849282,0.0,81.00691163294643
2,111.70860323124705,0.0,82.9574306427619,111.70860323124705,53.199999999999996,82.9574306427619,111.62918357064248,53.199999999999996,82.99976877580356
2,111.70860323124705,0.0,82.9574306427619,111.62918357064248,53.199999999999996,82.99976877580356,111.62918357064248,0.0,82.99976877580356
2,107.97031751696134,0.0,84.95028778561905,107.97031751696134,53.199999999999996,84.95028778561905,107.89089785635677,53.199999999999996,84.9926259186607
2,107.97031751696134,0.0,84.95028778561905,107.89089785635677,53.199999999999996,84.9926259186607,107.89089785635677,0.0,84.9926259186607
2,104.23203180267562,0.0,86.9431449284762,104.23203180267562,53.199999999999996,86.9431449284762,104.15261214207105,53.199999999999996,86.98548306151785
2,104.23203180267562,0.0,86.9431449284762,104.15261214207105,53.199999999999996,86.98548306151785,104.15261214207105,0.0,86.98548306151785
2,100.49374608838991,0.0,88.93600207133333,100.49374608838991,53.199999999999996,88.93600207133333,100.41432642778534,53.199999999999996,88.97834020437499
2,100.49374608838991,0.0,88.93600207133333,100.41432642778534,53.199999999999996,88.97834020437499,100.41432642778534,0.0,88.97834020437499
2,96.75546037410419,0.0,90.92885921419048,96.75546037410419,53.199999999999996,90.92885921419048,96.67604071349962,53.199999999999996,90.97119734723213
2,96.75546037410419,0.0,90.92885921419048,96.67604071349962,53.199999999999996,90.97119734723213,96.67604071349962,0.0,90.97119734723213
1,91.99027869069205,53.199999999999996,60.468500000000006,61.92034005165341,53.199999999999996,35.0,92.961,53.199999999999996,92.912
0,92.961,0.0,92.912,92.961,53.199999999999996,92.912,61.92034005165341,53.199999999999996,35.0
0,92.961,0.0,92.912,61.92034005165341,53.199999999999996,35.0,61.92034005165341,0.0,35.0
2,92.93015183240608,52.29999999999999,92.92853452618304,92.93015183240608,53.199999999999996,92.92853452618304,61.889491884059495,53.199999999999996,35.016534526183044
2,92.93015183240608,52.29999999999999,92.92853452618304,61.889491884059495,53.199999999999996,35.016534526183044,61.889491884059495,52.29999999999999,35.016534526183044
2,92.93015183240608,0.0,92.92853452618304,92.93015183240608,0.5,92.92853452618304,61.889491884059495,0.5,35.016534526183044
2,92.93015183240608,0.0,92.92853452618304,61.889491884059495,0.5,35.016534526183044,61.889491884059495,0.0,35.016534526183044
2,92.93015183240608,0.0,92.92853452618304,92.93015183240608,53.199999999999996,92.92853452618304,91.89083875804343,53.199999999999996,90.98950684885122
2,92.93015183240608,0.0,92.92853452618304,91.89083875804343,53.199999999999996,90.98950684885122,91.89083875804343,0.0,90.98950684885122
2,62.92880495842214,0.0,36.95556220351487,62.92880495842214,53.199999999999996,36.95556220351487,61.889491884059495,53.199999999999996,35.016534526183044
2,62.92880495842214,0.0,36.95556220351487,61.889491884059495,53.199999999999996,35.016534526183044,61.889491884059495,0.0,35.016534526183044
2,92.93015183240608,3.75,92.92853452618304,92.93015183240608,3.8499999999999996,92.92853452618304,61.889491884059495,3.8499999999999996,35.016534526183044
2,92.93015183240608,3.75,92.92853452618304,61.889491884059495,3.8499999999999996,35.016534526183044,61.889491884059495,3.75,35.016534526183044
2,92.93015183240608,7.55,92.92853452618304,92.93015183240608,7.6499999999999995,92.92853452618304,61.889491884059495,7.6499999999999995,35.016534526183044
2,92.93015183240608,7.55,92.92853452618304,61.889491884059495,7.6499999999999995,35.016534526183044,61.889491884059495,7.55,35.016534526183044
2,92.93015183240608,11.35,92.92853452618304,92.93015183240608,11.450000000000001,92.92853452618304,61.889491884059495,11.450000000000001,35.016534526183044
2,92.93015183240608,11.35,92.92853452618304,61.889491884059495,11.450000000000001,35.016534526183044,61.889491884059495,11.35,35.016534526183044
2,92.93015183240608,15.149999999999999,92.92853452618304,92.93015183240608,15.25,92.92853452618304,61.889491884059495,15.25,35.016534526183044
2,92.93015183240608,15.149999999999999,92.92853452618304,61.889491884059495,15.25,35.016534526183044,61.889491884059495,15.149999999999999,35.016534526183044
2,92.93015183240608,18.95,92.92853452618304,92.93015183240608,19.05,92.92853452618304,61.889491884059495,19.05,35.016534526183044
2,92.93015183240608,18.95,92.92853452618304,61.889491884059495,19.05,35.016534526183044,61.889491884059495,18.95,35.016534526183044
2,92.93015183240608,22.75,92.92853452618304,92.93015183240608,22.85,92.92853452618304,61.889491884059495,22.85,35.016534526183044
2,92.93015183240608,22.75,92.92853452618304,61.889491884059495,22.85,35.016534526183044,61.889491884059495,22.75,35.016534526183044
2,92.93015183240608,26.549999999999997,92.92853452618304,92.93015183240608,26.65,92.92853452618304,61.889491884059495,26.65,35.016534526183044
2,92.93015183240608,26.549999999999997,92.92853452618304,61.889491884059495,26.65,35.016534526183044,61.889491884059495,26.549999999999997,35.016534526183044
2,92.93015183240608,30.349999999999998,92.92853452618304,92.93015183240608,30.45,92.92853452618304,61.889491884059495,30.45,35.016534526183044
2,92.93015183240608,30.349999999999998,92.92853452618304,61.889491884059495,30.45,35.016534526183044,61.889491884059495,30.349999999999998,35.016534526183044
2,92.93015183240608,34.15,92.92853452618304,92.93015183240608,34.24999999999999,92.92853452618304,61.889491884059495,34.24999999999999,35.016534526183044
2,92.93015183240608,34.15,92.92853452618304,61.889491884059495,34.24999999999999,35.016534526183044,61.889491884059495,34.15,35.016534526183044
2,92.93015183240608,37.95,92.92853452618304,92.93015183240608,38.05,92.92853452618304,61.889491884059495,38.05,35.016534526183044
2,92.93015183240608,37.95,92.92853452618304,61.889491884059495,38.05,35.016534526183044,61.889491884059495,37.95,35.016534526183044
2,92.93015183240608,41.75,92.92853452618304,92.93015183240608,41.849999999999994,92.92853452618304,61.889491884059495,41.849999999999994,35.016534526183044
2,92.93015183240608,41.75,92.92853452618304,61.889491884059495,41.849999999999994,35.016534526183044,61.889491884059495,41.75,35.016534526183044
2,92.93015183240608,45.550000000000004,92.92853452618304,92.93015183240608,45.65,92.92853452618304,61.889491884059495,45.65,35.016534526183044
2,92.93015183240608,45.550000000000004,92.92853452618304,61.889491884059495,45.65,35.016534526183044,61.889491884059495,45.550000000000004,35.016534526183044
2,92.93015183240608,49.349999999999994,92.92853452618304,92.93015183240608,49.44999999999999,92.92853452618304,61.889491884059495,49.44999999999999,35.016534526183044
2,92.93015183240608,49.349999999999994,92.92853452618304,61.889491884059495,49.44999999999999,35.016534526183044,61.889491884059495,49.349999999999994,35.016534526183044
2,91.01136926215548,0.0,89.34869645594665,91.01136926215548,53.199999999999996,89.34869645594665,90.96885190911337,53.199999999999996,89.26937259641943
2,91.01136926215548,0.0,89.34869645594665,90.96885190911337,53.199999999999996,89.26937259641943,90.96885190911337,0.0,89.26937259641943
2,89.07132801538381,0.0,85.72919645594665,89.07132801538381,53.199999999999996,85.72919645594665,89.0288106623417,53.199999999999996,85.64987259641943
2,89.07132801538381,0.0,85.72919645594665,89.0288106623417,53.199999999999996,85.64987259641943,89.0288106623417,0.0,85.64987259641943
2,87.13128676861216,0.0,82.10969645594666,87.13128676861216,53.199999999999996,82.10969645594666,87.08876941557004,53.199999999999996,82.03037259641944
2,87.13128676861216,0.0,82.10969645594666,87.08876941557004,53.199999999999996,82.03037259641944,87.08876941557004,0.0,82.03037259641944
2,85.1912455218405,0.0,78.49019645594664,85.1912455218405,53.199999999999996,78.49019645594664,85.14872816879839,53.199999999999996,78.41087259641942
2,85.1912455218405,0.0,78.49019645594664,85.14872816879839,53.199999999999996,78.41087259641942,85.14872816879839,0.0,78.41087259641942
2,83.25120427506883,0.0,74.87069645594666,83.25120427506883,53.199999999999996,74.87069645594666,83.20868692202671,53.199999999999996,74.79137259641944
2,83.25120427506883,0.0,74.87069645594666,83.20868692202671,53.199999999999996,74.79137259641944,83.20868692202671,0.0,74.79137259641944
2,81.31116302829717,0.0,71.25119645594665,81.31116302829717,53.199999999999996,71.25119645594665,81.26864567525506,53.199999999999996,71.17187259641943
2,81.31116302829717,0.0,71.25119645594665,81.26864567525506,53.199999999999996,71.17187259641943,81.26864567525506,0.0,71.17187259641943
2,79.3711217815255,0.0,67.63169645594665,79.3711217815255,53.199999999999996,67.63169645594665,79.32860442848339,53.199999999999996,67.55237259641943
2,79.3711217815255,0.0,67.63169645594665,79.32860442848339,53.199999999999996,67.55237259641943,79.32860442848339,0.0,67.55237259641943
2,77.43108053475385,0.0,64.01219645594665,77.43108053475385,53.199999999999996,64.01219645594665,77.38856318171173,53.199999999999996,63.93287259641944
2,77.43108053475385,0.0,64.01219645594665,77.38856318171173,53.199999999999996,63.93287259641944,77.38856318171173,0.0,63.93287259641944
2,75.49103928798219,0.0,60.39269645594665,75.49103928798219,53.199999999999996,60.39269645594665,75.44852193494008,53.199999999999996,60.31337259641944
2,75.49103928798219,0.0,60.39269645594665,75.44852193494008,53.199999999999996,60.31337259641944,75.44852193494008,0.0,60.31337259641944
2,73.55099804121052,0.0,56.773196455946646,73.55099804121052,53.199999999999996,56.773196455946646,73.5084806881684,53.199999999999996,56.69387259641944
2,73.55099804121052,0.0,56.773196455946646,73.5084806881684,53.199999999999996,56.69387259641944,73.5084806881684,0.0,56.69387259641944
2,71.61095679443886,0.0,53.153696455946644,71.61095679443886,53.199999999999996,53.153696455946644,71.56843944139675,53.199999999999996,53.07437259641944
2,71.61095679443886,0.0,53.153696455946644,71.56843944139675,53.199999999999996,53.07437259641944,71.56843944139675,0.0,53.07437259641944
2,69.6709155476672,0.0,49.534196455946656,69.6709155476672,53.199999999999996,49.534196455946656,69.62839819462509,53.199999999999996,49.45487259641945
2,69.6709155476672,0.0,49.534196455946656,69.62839819462509,53.199999999999996,49.45487259641945,69.62839819462509,0.0,49.45487259641945
2,67.73087430089554,0.0,45.914696455946654,67.73087430089554,53.199999999999996,45.914696455946654,67.68835694785342,53.199999999999996,45.83537259641945
2,67.73087430089554,0.0,45.914696455946654,67.68835694785342,53.199999999999996,45.83537259641945,67.68835694785342,0.0,45.83537259641945
2,65.79083305412388,0.0,42.29519645594665,65.79083305412388,53.199999999999996,42.29519645594665,65.74831570108176,53.199999999999996,42.215872596419445
2,65.79083305412388,0.0,42.29519645594665,65.74831570108176,53.199999999999996,42.215872596419445,65.74831570108176,0.0,42.215872596419445
2,63.850791807352216,0.0,38.67569645594665,63.850791807352216,53.199999999999996,38.67569645594665,63.8082744543101,53.199999999999996,38.59637259641944
2,63.850791807352216,0.0,38.67569645594665,63.8082744543101,53.199999999999996,38.59637259641944,63.8082744543101,0.0,38.59637259641944
1,91.99027869069205,53.199999999999996,60.468500000000006,93.9507747111148,53.199999999999996,35.0,61.92034005165341,53.199999999999996,35.0
0,61.92034005165341,19.0,35.0,61.92034005165341,53.199999999999996,35.0,93.9507747111148,53.199999999999996,35.0
0,61.92034005165341,19.0,35.0,93.9507747111148,53.199999999999996,35.0,93.9507747111148,19.0,35.0
2,61.92034005165341,52.29999999999999,34.965,61.92034005165341,53.199999999999996,34.965,93.9507747111148,53.199999999999996,34.965
2,61.92034005165341,52.29999999999999,34.965,93.9507747111148,53.199999999999996,34.965,93.9507747111148,52.29999999999999,34.965
2,61.92034005165341,22.75,34.965,61.92034005165341,22.85,34.965,93.9507747111148,22.85,34.965
2,61.92034005165341,22.75,34.965,93.9507747111148,22.85,34.965,93.9507747111148,22.75,34.965
2,61.92034005165341,26.549999999999997,34.965,61.92034005165341,26.65,34.965,93.9507747111148,26.65,34.965
2,61.92034005165341,26.549999999999997,34.965,93.9507747111148,26.65,34.965,93.9507747111148,26.549999999999997,34.965
2,61.92034005165341,30.349999999999998,34.965,61.92034005165341,30.45,34.965,93.9507747111148,30.45,34.965
2,61.92034005165341,30.349999999999998,34.965,93.9507747111148,30.45,34.965,93.9507747111148,30.349999999999998,34.965
2,61.92034005165341,34.15,34.965,61.92034005165341,34.24999999999999,34.965,93.9507747111148,34.24999999999999,34.965
2,61.92034005165341,34.15,34.965,93.9507747111148,34.24999999999999,34.965,93.9507747111148,34.15,34.965
2,61.92034005165341,37.95,34.965,61.92034005165341,38.05,34.965,93.9507747111148,38.05,34.965
2,61.92034005165341,37.95,34.965,93.9507747111148,38.05,34.965,93.9507747111148,37.95,34.965
2,61.92034005165341,41.75,34.965,61.92034005165341,41.849999999999994,34.965,93.9507747111148,41.849999999999994,34.965
2,61.92034005165341,41.75,34.965,93.9507747111148,41.849999999999994,34.965,93.9507747111148,41.75,34.965
2,61.92034005165341,45.550000000000004,34.965,61.92034005165341,45.65,34.965,93.9507747111148,45.65,34.965
2,61.92034005165341,45.550000000000004,34.965,93.9507747111148,45.65,34.965,93.9507747111148,45.550000000000004,34.965
2,61.92034005165341,49.349999999999994,34.965,61.92034005165341,49.44999999999999,34.965,93.9507747111148,49.44999999999999,34.965
2,61.92034005165341,49.349999999999994,34.965,93.9507747111148,49.44999999999999,34.965,93.9507747111148,49.349999999999994,34.965
2,65.87914438408609,19.0,34.965,65.87914438408609,53.199999999999996,34.965,65.96914438408609,53.199999999999996,34.965
2,65.87914438408609,19.0,34.965,65.96914438408609,53.199999999999996,34.965,65.96914438408609,19.0,34.965
2,69.88294871651875,19.0,34.965,69.88294871651875,53.199999999999996,34.965,69.97294871651876,53.199999999999996,34.965
2,69.88294871651875,19.0,34.965,69.97294871651876,53.199999999999996,34.965,69.97294871651876,19.0,34.965
2,73.88675304895143,19.0,34.965,73.88675304895143,53.199999999999996,34.965,73.97675304895144,53.199999999999996,34.965
2,73.88675304895143,19.0,34.965,73.97675304895144,53.199999999999996,34.965,73.97675304895144,19.0,34.965
2,77.89055738138411,19.0,34.965,77.89055738138411,53.199999999999996,34.965,77.98055738138412,53.199999999999996,34.965
2,77.89055738138411,19.0,34.965,77.98055738138412,53.199999999999996,34.965,77.98055738138412,19.0,34.965
2,81.89436171381678,19.0,34.965,81.89436171381678,53.199999999999996,34.965,81.98436171381678,53.199999999999996,34.965
2,81.89436171381678,19.0,34.965,81.98436171381678,53.199999999999996,34.965,81.98436171381678,19.0,34.965
2,85.89816604624946,19.0,34.965,85.89816604624946,53.199999999999996,34.965,85.98816604624946,53.199999999999996,34.965
2,85.89816604624946,19.0,34.965,85.98816604624946,53.199999999999996,34.965,85.98816604624946,19.0,34.965
2,89.90197037868212,19.0,34.965,89.90197037868212,53.199999999999996,34.965,89.99197037868213,53.199999999999996,34.965
2,89.90197037868212,19.0,34.965,89.99197037868213,53.199999999999996,34.965,89.99197037868213,19.0,34.965
