grade,area
0.00324781844,49.09149
0,32.6234627
0.006628931,62.0162621
0.00335962325,31.00783
0.0033453654,31.0078621
0.0030956855,27.8968849
0.0035831125,27.8967514
0.00255667535,55.79309
0.0145976553,35.6558838
0.008672504,24.2557526
0.0144215757,51.9286537
0.009350194,25.9641552
0.0140194269,25.96413
0.0139627531,32.9326134
0.0138942245,69.7402344
0.009873556,34.87005
0.009282994,34.8699875
0,34.8698425
0,17.4347343
0,17.4347038
0.008910786,34.86984
0.009282961,17.4349251
0.009873522,17.4349556
0.0028926658,34.86981
0.009943001,17.43535
0.009848367,17.4353714
0.0141416341,17.43522
0.0118355788,8.717415
0.0126002114,8.71742249
0.01185334,17.4352512
0.009848375,8.717277
0.009943159,8.717267
0.00297742384,34.86978
0.001582925,17.4347763
0.00163502083,17.4347858
0.008840396,17.4351139
0.00880614948,8.717438
0.008282637,8.717437
0.000365846616,17.435112
0.00123656867,8.717526
0.00118509121,8.717522
0.00698232139,17.03559
0.009758652,17.0355434
0.004646566,34.07097
0.0121197961,17.0352974
0.008386749,8.517657
0.0104652243,8.517651
0.009687564,8.517689
0.00714464439,8.517665
0.009008165,17.0352745
0.00293040276,17.0355816
0.00124811521,8.517429
0.00101271854,8.517437
0.007658943,8.517597
0.008896496,8.517608
0.008272626,17.0355759
0.00130335952,17.0358734
0.0009289933,17.0358276
0.00398724945,34.0709343
0.0133342007,34.07106
0.008386752,17.0356121
0.0109572569,17.0356274
0.0102616064,17.035223
0.007686858,17.03527
0.0100283809,34.0710869
0.0113379387,68.14204
0.0121213431,34.0708237
0.0111493655,34.0708
0.0205087066,28.1512337
0.0148127889,19.158123
0.01035491,19.158102
0.0109071368,38.3159142
0.01127108,7.74604559
0,7.74607372
0.0123412032,15.4922571
0.009820915,26.8477573
0.00353553868,22.5296574
0.0033676147,22.5295048
0.006090711,45.0601044
0.00758750644,22.52972
0.00607231073,11.2645369
0.007840376,11.2648544
0.00585901365,22.5300179
0.005856311,22.5300541
0.00308618834,45.05985
0.00510966266,22.5294952
0.00344112539,22.52993
0.00151690783,45.0596466
0.001548358,45.05946
0.003818146,4.237969
0.004419207,57.4539642
0.00567866955,45.01617
0.005468593,21.583807
0.00440272363,44.0958939
0.0035311142,36.0637665
0.005881148,21.1186275
0.005480229,10.5594082
0.00554380752,10.559453
0.00474593975,10.5593748
0.00390956551,5.27953339
0.004025793,5.27953863
0.00554867974,5.27970552
0.005543843,5.27970362
0.004796406,10.5593853
0.00647226768,10.5594606
0.005966673,5.279535
0.00605034176,5.27954769
0.00778922625,5.27988148
0.00769701554,5.279906
0.00649727229,10.5594158
0.00601810124,21.1185169
0.00640047574,10.55958
0.0063048536,10.5596428
0.00371784577,21.1187267
0.00372603931,21.1187115
0.003097922,42.2370567
0.00453589158,21.1185017
0.00547331851,10.5589285
0.00531908963,10.5589733
0.00338134239,10.5595675
0.00334727322,10.5595522
0.004375397,21.1186428
0.005846315,41.58083
0.005128903,20.7909832
0.00503858924,20.79099
0.005783041,20.7898617
0.005835514,20.7897778
0.00582727557,41.5809669
0.00518090744,41.58093
0.004239302,41.5812454
0.00491420133,41.5804939
0.003924529,20.790472
0.005145865,20.7902431
0.005504896,19.1868858
0.00570656452,19.1867886
0.005491065,38.37512
0.0061088,19.18768
0.005999274,19.1877174
0.00537647633,38.37524
0.00590985734,38.3744736
0.0057224175,38.37467
0.005356044,76.74872
0.005865209,16.9688
0.00593537,16.9689064
0.006319718,33.93824
0.0066480427,16.9689
0.00656999042,16.9688549
0.0061872974,33.9382668
0.00582834659,33.9385376
0.005755144,33.938324
0.005458157,67.87617
0.0060086106,46.39164
0.006401424,23.195919
0.006109325,23.1957779
0.00662398571,23.1962357
0.006503684,11.5980453
0.00691795349,11.5980415
0.00669143675,23.1963272
0.00627447758,11.5984144
0.00655814959,11.598485
0.00598259736,51.7227974
0.00495877676,26.4183273
0.005462645,54.8071938
0.00687797368,22.1948776
0.00641438644,22.19484
0.006530542,44.3904381
0.01698266,9.654533
0.0112666031,5.78209352
0.00276228529,5.78207445
0.0118978973,11.56401
0.0282235388,1.44555831
0.0184551626,1.44556558
0.0347159021,2.89102769
0.0128335338,1.44549811
0,1.44547534
0.0199709311,2.89097977
0.0193077326,2.891069
0.02937961,2.89105463
0.01994206,5.782044
0.00285785855,11.5638933
0.0115625039,11.5639315
0.00285461382,23.1280155
0.0195037033,11.5644693
0.008905189,11.56427
0.00634778524,5.782038
0.0447666161,2.89106083
0.04610466,1.4456085
0.00508684339,1.44551957
0.0109040448,11.5642843
0.00388324237,23.1276455
0.00249421271,23.128
0.0272710081,11.5643206
0.0171644632,2.891017
0,2.890993
0.02114481,5.782233
0.02378184,23.1285572
0.0116906455,11.5642109
0.00336669059,11.5642853
0.0112857148,23.1284218
0.0227710046,5.782153
0.008328956,5.78219366
0.02263627,11.5640965
0.0268625654,23.1279888
0.0168453157,5.78198242
0.0053609265,5.78205061
0.0231827013,11.5640373
0.0113630621,11.564105
0,5.782161
0.0167504512,5.78209352
0,27.0916176
0,13.5456381
0,13.5457325
0,13.5460968
0,3.386356
0,0.8465767
0.0153214419,0.8465767
0,1.69317114
0,6.77306
0,27.0914974
0,54.1827164
0,27.0918236
0,27.0918674
0.008780733,3.04964066
0.01304664,3.04965019
0,21.7184677
0,10.8591967
0,10.8591747
0,10.859251
0,10.8592129
0,21.7185059
0,21.71826
0,21.71833
0,43.43662
0.0249601249,25.50928
0.0191735383,25.0297661
0,37.52194
0.00324172014,6.099879
0.002107067,53.16111
0,26.5802422
0,26.5802422
0,26.580862
0,13.2899857
0,13.2900457
0,26.5808926
0,13.2903
0,13.2903
0,26.5804749
0,13.2902374
0,13.2902374
0,13.2899923
0,6.644969
0,6.64498425
0,13.2900219
0,6.64500761
0,6.64500761
0.00591465039,52.3252831
0,66.23929
0,33.11948
0.007664367,24.5402451
0.0121216727,5.86241865
0.0141706914,29.6608047
0.0175489467,29.6607914
0.0160369147,29.6606522
0.008788699,29.6606522
0.0123597449,24.5086117
0.0200596377,51.77645
0.0132927913,7.68204927
0,7.68201256
0.0134230843,15.3642092
0.004020667,23.194891
0.00538873533,27.4322968
0.002903284,60.8095322
0.006867144,20.9814072
0.0069867745,20.981329
0.007523572,41.9637566
0.00650218735,20.9817085
0.00581107056,10.4906273
0.00604019873,10.4906015
0.00672730152,10.4904814
0.006804741,10.4904509
0.00665504159,20.98178
0.00550077856,20.981781
0.00521546975,10.4908657
0.00527645368,10.4909239
0.004812596,10.4909439
0.00564221758,10.490983
0.00542110251,10.4912014
0.00490592839,10.4909449
0.00661413651,10.490984
0.008035414,10.49074
0.0074098683,10.4923334
0.00666195154,10.49101
0.00566050131,20.9817352
0.00611678371,10.4911366
0.005890961,10.4911623
0.005697394,82.6112747
0.005720602,41.30633
0.00575731462,41.3063049
0.00560826063,41.30464
0.00513878046,20.6522064
0.00513377646,20.65224
0.00556156645,41.30459
0.005757155,20.6529522
0.0057204417,20.6529636
0.0059332964,73.06444
0.00620411476,36.53161
0.005871006,36.53156
0.00563638844,36.53188
0.005663952,18.265274
0.005344348,18.26527
0.005628991,36.5318
0.00567951752,18.2661324
0.00602314,18.26616
0.00641802745,62.6092377
0.00659204274,31.3051243
0.00600797357,31.3051643
0.006487542,31.3048553
0.00608800165,15.6522045
0.00613077,15.6521969
0.006238899,31.3048916
0.006007617,15.6520376
0.00659169955,15.6520176
0.00702243065,12.1035948
0.00664543873,12.103651
0.006799384,24.2067051
0.00623093825,12.1037073
0.00616877247,12.1036177
0.00705470471,24.2067242
0.00664564269,24.2072163
0.007022612,24.2071056
0.007330054,48.4137268
0.004637486,50.24802
0.008890389,46.5418434
0.0167271458,16.0836658
0.0264687352,24.5012913
0,22.71435
0,22.7143936
0,11.356966
0,11.3569832
0,22.71425
0,45.428257
0,22.7144279
0,5.678702
0.0168165714,5.678601
0,11.3572912
0.0140395667,7.58097839
0.000628561538,7.58097267
0.01858079,15.16196
0.024875477,1.90074563
0.0158674475,1.90072846
0.0220950674,3.80141139
0,25.1482925
0,6.287393
0,6.287377
0,12.5741329
0,6.287275
0,6.287266
0,12.5741444
0,12.5738316
0,12.573864
0,25.1482124
0.006122915,4.332277
0,24.6423969
0,17.3422489
0.0043501216,4.335672
0.0146744922,4.3356843
0.00136503112,8.671096
0,34.68466
0,17.3421822
0,17.3421574
0,34.6847725
0.0040309485,8.671051
0.012613683,8.671039
0.000939870952,17.342186
0,34.6844444
0.01299334,17.34217
0.0052498444,17.3421974
0.009838222,34.6844749
0.0120112952,22.77966
0.009790758,65.41021
0.0181154162,29.3543167
0.0141571369,29.3543167
0.0178469159,58.7086334
0.00261441385,36.52395
0.004883291,24.5709877
0.00687513733,38.8287125
0.00457555428,50.6197739
0.00276443386,13.9047451
0.000530254852,6.334174
0.0149942022,6.33417
0.006589127,15.51421
0.00627434766,23.8492146
0.00370447314,28.012619
0,16.85672
0,16.8566513
0,33.7136345
0,16.8564281
0.0126038808,4.21425867
0.0179024022,4.214284
0.002439048,8.428245
0,33.7136
0,33.7132645
0,33.7134
0,67.42688
0.0147263259,47.18348
0.0190698262,23.5917
0.0142902993,23.59165
0.00467819534,26.106142
0.0065311417,13.9284029
0.007461183,41.81288
0.00689380476,41.81235
0.0013089882,35.83175
0.000156438,66.838295
0.00554018049,16.7096615
0.00522112148,33.4193039
0.000387546577,18.3887
0.00026634708,80.75983
0.006348616,26.3112125
0.00619458128,24.35157
0.0154100638,24.35132
0.011728921,53.4448662
0.00453340448,26.6943111
0.00658867462,33.1833954
0.0059693614,75.54132
0.00684230635,18.88536
0.00957690552,9.442565
0.006598116,9.442423
0.006873131,37.7707748
0.0272197369,2.75951552
0.03660496,2.759526
0.0152595518,5.51910257
0.0265230872,5.51913929
0.041059576,2.75958157
0.0324211977,2.759571
0.0002888853,37.83036
0.006818979,50.5376053
0.0103584332,26.7549686
0.008173635,18.7804317
0.0116791269,18.7804165
0.0115302205,37.5613441
0.00513813226,24.5291138
0.006287541,13.1024046
0.006990881,9.974118
0.0107059656,9.974108
0.007334733,19.9482269
0.00614962168,39.89667
0.010999932,19.9485931
0.00745917065,19.948616
0.0109823542,39.8968964
0.01646636,3.06708431
0.02619177,3.06711054
0.0120039927,6.13411236
0.00673376257,30.76209
0.0113907568,49.3856354
0.01788032,24.5424385
0.00547085935,65.91389
0.00546215242,30.488018
0.0149218356,5.18636131
0.021983929,27.3817444
0.00764053734,59.853756
0.0187248811,34.9329758
0.01781528,17.4664841
0.0155117195,17.4664326
0.0270033758,69.8653259
0.00544775557,29.6835442
0.00746001257,24.5103741
0.0140875094,1.24298847
0,26.0327911
0,26.0328331
0,52.06569
0.01691293,7.12172461
0,7.121784
0.0164248068,14.2435923
0,14.2435646
0,3.56091118
0.0162409656,3.56095576
0,7.12175226
0,28.4872437
0,14.2435923
0,3.56096888
0.0162409861,1.78042006
0,1.78039765
0,7.12195253
0,28.48718
0,14.2433853
0,14.2433853
0,28.487196
0,7.12175035
0,1.78040361
0.0162412729,0.890263736
0,0.890267432
0,3.56082225
0,14.243516
0.005724115,41.372982
0.00867074,30.8236275
0.0174811184,43.4952774
0.01257726,21.747324
0.01839054,21.7473373
0.008814809,21.7475872
0.005402002,10.87367
0.00548314163,10.8737459
0.0170742143,10.8736954
0.021568004,10.8736916
0.009159055,21.7475548
0.00294120377,21.7476368
0.0100584365,10.8739071
0.005182196,10.8739109
0.01682369,5.436968
0.0263721272,2.71852612
0.0189608075,2.71850729
0.0230235,2.718611
0.0410337374,2.71854162
0.0329608768,2.71860147
0.0210019052,1.3591125
0.02784467,1.35912192
0.0121713094,10.873848
0.00518198032,5.43698645
0.0100581665,5.43698454
0.0009450815,21.74765
0.00469073374,10.8737154
0.004629165,10.8737316
0.00653694756,10.8735628
0.0220010988,5.43710756
0.0176044274,5.43710947
0.005484649,5.43705225
0.00540346745,5.43701458
0.00652649254,10.8735971
0.0144561408,35.09
0.0195416715,17.54489
0.0176899619,17.5450287
0.0154852672,35.0898972
0.0173195042,35.0900879
0.005456415,70.02836
0.0104367975,22.4964161
0.004067639,24.52522
0.0120036891,61.7912025
0.00293628965,24.557951
0.00155389344,73.98718
0.009983932,81.89461
0.008047739,40.9471054
0.008115012,40.9471855
0.00562125444,40.94775
0.00344559154,20.4736824
0.00378642045,20.4737225
0.00625008158,40.94775
0.00710763363,20.4735928
0.00703437952,20.4735527
0.010013965,17.669529
0.0103700422,15.6729889
0.0100153936,27.10383
0,34.1731453
0.00869797,17.08667
0,17.0863838
0,16.61251
0,36.22897
0,27.3915844
0,55.7209778
0,27.860281
0,27.8602676
0.0179042351,26.6657352
