id,x,z
dorm_1_general_approach,72.1149,-465.460968
dorm_1_general_approach,72.33693,-465.575867
dorm_1_general_approach,72.55893,-465.690826
dorm_1_general_approach,72.7809143,-465.8058
dorm_1_general_approach,73.0029449,-465.920715
dorm_1_general_approach,73.2249756,-466.0357
dorm_1_general_approach,73.4469147,-466.150665
dorm_1_general_approach,73.6689453,-466.2656
dorm_1_general_approach,73.8909454,-466.380585
dorm_1_general_approach,74.1129456,-466.495544
dorm_1_general_approach,74.33496,-466.610474
dorm_1_general_approach,74.55696,-466.725433
dorm_1_general_approach,74.77898,-466.840363
dorm_1_general_approach,75.00096,-466.955353
dorm_1_general_approach,75.22298,-467.0703
dorm_1_general_approach,75.44498,-467.185242
dorm_1_general_approach,75.66696,-467.3002
dorm_1_general_approach,75.88896,-467.415161
dorm_1_general_approach,76.11096,-467.530121
dorm_1_general_approach,76.33298,-467.645081
dorm_1_general_approach,76.55496,-467.76
dorm_1_general_approach,76.77699,-467.874969
dorm_1_general_approach,76.99899,-467.989929
dorm_1_general_approach,77.22101,-468.104919
dorm_1_general_approach,77.44302,-468.219818
dorm_1_general_approach,75.92557,-471.150269
dorm_1_general_approach,75.70357,-471.035339
dorm_1_general_approach,75.48154,-470.9204
dorm_1_general_approach,75.25955,-470.8054
dorm_1_general_approach,75.03758,-470.69046
dorm_1_general_approach,74.81555,-470.5755
dorm_1_general_approach,74.5936,-470.4605
dorm_1_general_approach,74.37154,-470.345581
dorm_1_general_approach,74.14957,-470.230652
dorm_1_general_approach,73.927536,-470.115753
dorm_1_general_approach,73.7055359,-470.000732
dorm_1_general_approach,73.48357,-469.885864
dorm_1_general_approach,73.26152,-469.770874
dorm_1_general_approach,73.03952,-469.655884
dorm_1_general_approach,72.81755,-469.540924
dorm_1_general_approach,72.59558,-469.425934
dorm_1_general_approach,72.3735352,-469.311
dorm_1_general_approach,72.15155,-469.196045
dorm_1_general_approach,71.92955,-469.081116
dorm_1_general_approach,71.7075348,-468.966156
dorm_1_general_approach,71.48555,-468.851166
dorm_1_general_approach,71.26352,-468.736237
dorm_1_general_approach,71.04152,-468.621277
dorm_1_general_approach,70.81955,-468.506348
dorm_1_general_approach,70.5975,-468.391357
inkyung_roadside_pavement,227.554886,-48.8684235
inkyung_roadside_pavement,228.400772,-49.22266
inkyung_roadside_pavement,229.265549,-49.54452
inkyung_roadside_pavement,230.162216,-49.8426476
inkyung_roadside_pavement,231.086914,-50.1185226
inkyung_roadside_pavement,232.0358,-50.3737259
inkyung_roadside_pavement,233.005219,-50.6099243
inkyung_roadside_pavement,233.991516,-50.8288536
inkyung_roadside_pavement,234.991119,-51.03229
inkyung_roadside_pavement,236.000488,-51.22206
inkyung_roadside_pavement,237.01619,-51.400032
inkyung_roadside_pavement,238.034851,-51.5680771
inkyung_roadside_pavement,239.05304,-51.7281
inkyung_roadside_pavement,240.067535,-51.88203
inkyung_roadside_pavement,241.075073,-52.03183
inkyung_roadside_pavement,242.072449,-52.1794624
inkyung_roadside_pavement,243.056549,-52.3269348
inkyung_roadside_pavement,244.024323,-52.4763
inkyung_roadside_pavement,244.972809,-52.6296349
inkyung_roadside_pavement,245.89917,-52.78911
inkyung_roadside_pavement,246.800583,-52.95696
inkyung_roadside_pavement,247.67453,-53.13556
inkyung_roadside_pavement,248.518539,-53.32746
inkyung_roadside_pavement,249.330353,-53.5354729
inkyung_roadside_pavement,250.108047,-53.7627945
inkyung_roadside_pavement,250.8498,-54.01316
inkyung_roadside_pavement,251.553986,-54.2911034
inkyung_roadside_pavement,252.219055,-54.6022873
inkyung_roadside_pavement,252.84285,-54.9538536
inkyung_roadside_pavement,253.421921,-55.3546944
inkyung_roadside_pavement,253.949524,-55.8150558
inkyung_roadside_pavement,254.413773,-56.3445625
inkyung_roadside_pavement,254.960724,-57.7623
inkyung_roadside_pavement,254.474319,-59.0088348
inkyung_roadside_pavement,254.129654,-59.72995
inkyung_roadside_pavement,253.784988,-60.45108
inkyung_roadside_pavement,253.440292,-61.1722221
inkyung_roadside_pavement,253.095612,-61.89335
inkyung_roadside_pavement,252.750946,-62.6144676
inkyung_roadside_pavement,252.406281,-63.335598
inkyung_roadside_pavement,252.061584,-64.05674
inkyung_roadside_pavement,251.7169,-64.77787
inkyung_roadside_pavement,251.372223,-65.49899
inkyung_roadside_pavement,251.027557,-66.22011
inkyung_roadside_pavement,250.682892,-66.94124
inkyung_roadside_pavement,250.3382,-67.662384
inkyung_roadside_pavement,249.993515,-68.3835144
inkyung_roadside_pavement,249.648849,-69.10464
inkyung_roadside_pavement,249.304184,-69.82576
inkyung_roadside_pavement,248.959488,-70.5469
inkyung_roadside_pavement,248.6148,-71.26803
inkyung_roadside_pavement,248.270142,-71.98915
inkyung_roadside_pavement,247.925476,-72.71028
inkyung_roadside_pavement,247.58078,-73.43142
inkyung_roadside_pavement,247.2361,-74.15254
inkyung_roadside_pavement,246.891418,-74.87367
inkyung_roadside_pavement,246.546753,-75.59479
inkyung_roadside_pavement,246.202087,-76.31592
inkyung_roadside_pavement,245.857391,-77.03706
inkyung_roadside_pavement,245.512711,-77.758194
inkyung_roadside_pavement,245.168045,-78.47931
inkyung_roadside_pavement,244.82338,-79.20044
inkyung_roadside_pavement,244.478683,-79.92158
inkyung_roadside_pavement,244.134,-80.64271
inkyung_roadside_pavement,243.789322,-81.36384
inkyung_roadside_pavement,243.444656,-82.08496
inkyung_roadside_pavement,243.099991,-82.80609
inkyung_roadside_pavement,242.7553,-83.52722
inkyung_roadside_pavement,242.410614,-84.24835
inkyung_roadside_pavement,242.065948,-84.96947
inkyung_roadside_pavement,241.721283,-85.6906
inkyung_roadside_pavement,241.376587,-86.41174
inkyung_roadside_pavement,241.0319,-87.1328659
inkyung_roadside_pavement,240.687225,-87.8540039
inkyung_roadside_pavement,240.34256,-88.57512
inkyung_roadside_pavement,239.9979,-89.29625
inkyung_roadside_pavement,239.6532,-90.01739
inkyung_roadside_pavement,239.308517,-90.73852
inkyung_roadside_pavement,238.963852,-91.45964
inkyung_roadside_pavement,238.619186,-92.18076
inkyung_roadside_pavement,238.27449,-92.9019
inkyung_roadside_pavement,237.92981,-93.62303
inkyung_roadside_pavement,237.585144,-94.34415
inkyung_roadside_pavement,237.240479,-95.0652847
inkyung_roadside_pavement,236.895782,-95.7864151
inkyung_roadside_pavement,236.5511,-96.50755
inkyung_roadside_pavement,236.206421,-97.2286758
inkyung_roadside_pavement,235.861755,-97.9498
inkyung_roadside_pavement,235.51709,-98.67093
inkyung_roadside_pavement,235.1724,-99.39207
inkyung_roadside_pavement,234.827713,-100.1132
inkyung_roadside_pavement,234.483047,-100.834312
inkyung_roadside_pavement,234.138382,-101.555435
inkyung_roadside_pavement,233.793686,-102.276581
inkyung_roadside_pavement,233.449,-102.997711
inkyung_roadside_pavement,233.104324,-103.718842
inkyung_roadside_pavement,232.759659,-104.439957
inkyung_roadside_pavement,232.415,-105.161079
inkyung_roadside_pavement,232.0703,-105.882233
inkyung_roadside_pavement,231.725616,-106.603355
inkyung_roadside_pavement,231.380951,-107.324478
inkyung_roadside_pavement,231.036285,-108.045609
inkyung_roadside_pavement,230.691589,-108.766747
inkyung_roadside_pavement,230.346909,-109.487869
inkyung_roadside_pavement,230.002243,-110.208984
inkyung_roadside_pavement,229.657578,-110.930115
inkyung_roadside_pavement,229.312881,-111.65126
inkyung_roadside_pavement,228.9682,-112.372391
inkyung_roadside_pavement,228.62352,-113.093521
inkyung_roadside_pavement,228.278854,-113.814644
inkyung_roadside_pavement,227.934189,-114.535767
inkyung_roadside_pavement,227.5895,-115.256905
inkyung_roadside_pavement,227.244812,-115.978035
inkyung_roadside_pavement,226.900131,-116.699165
inkyung_roadside_pavement,226.555466,-117.420288
inkyung_roadside_pavement,226.2108,-118.141418
inkyung_roadside_pavement,225.8661,-118.862556
inkyung_roadside_pavement,225.521423,-119.583679
inkyung_roadside_pavement,225.176758,-120.304794
inkyung_roadside_pavement,224.832092,-121.025925
inkyung_roadside_pavement,224.4874,-121.74707
inkyung_roadside_pavement,224.142715,-122.468193
inkyung_roadside_pavement,223.79805,-123.189316
inkyung_roadside_pavement,223.453384,-123.910454
inkyung_roadside_pavement,223.108688,-124.631584
inkyung_roadside_pavement,222.764,-125.352715
inkyung_roadside_pavement,222.419327,-126.073845
inkyung_roadside_pavement,222.074661,-126.79496
inkyung_roadside_pavement,221.73,-127.516083
inkyung_roadside_pavement,221.3853,-128.237244
inkyung_roadside_pavement,221.040619,-128.958359
inkyung_roadside_pavement,220.695953,-129.679474
inkyung_roadside_pavement,220.351288,-130.4006
inkyung_roadside_pavement,220.006592,-131.12175
inkyung_roadside_pavement,219.661911,-131.84288
inkyung_roadside_pavement,219.317245,-132.564011
inkyung_roadside_pavement,218.97258,-133.28511
inkyung_roadside_pavement,218.6279,-134.006271
inkyung_roadside_pavement,218.2832,-134.7274
inkyung_roadside_pavement,217.938522,-135.448517
inkyung_roadside_pavement,217.593857,-136.169632
inkyung_roadside_pavement,217.249191,-136.890762
inkyung_roadside_pavement,216.9045,-137.611908
inkyung_roadside_pavement,216.559814,-138.333038
inkyung_roadside_pavement,216.215134,-139.054169
inkyung_roadside_pavement,215.870468,-139.775284
inkyung_roadside_pavement,215.5258,-140.496414
inkyung_roadside_pavement,215.1811,-141.21756
inkyung_roadside_pavement,214.836426,-141.93869
inkyung_roadside_pavement,214.49176,-142.659821
inkyung_roadside_pavement,214.1471,-143.380936
inkyung_roadside_pavement,213.8024,-144.102066
inkyung_roadside_pavement,213.457718,-144.8232
inkyung_roadside_pavement,213.113052,-145.544312
inkyung_roadside_pavement,212.768387,-146.265442
inkyung_roadside_pavement,212.423691,-146.986588
inkyung_roadside_pavement,212.0621,-147.741974
inkyung_roadside_pavement,211.770828,-148.235916
inkyung_roadside_pavement,211.38176,-148.702209
inkyung_roadside_pavement,210.928589,-149.09285
inkyung_roadside_pavement,210.429535,-149.40448
inkyung_roadside_pavement,209.899719,-149.641449
inkyung_roadside_pavement,209.34848,-149.812439
inkyung_roadside_pavement,208.779892,-149.926529
inkyung_roadside_pavement,208.195114,-149.991577
inkyung_roadside_pavement,207.59375,-150.013748
inkyung_roadside_pavement,206.974838,-149.99765
inkyung_roadside_pavement,206.337616,-149.946777
inkyung_roadside_pavement,205.681534,-149.863861
inkyung_roadside_pavement,205.006348,-149.751
inkyung_roadside_pavement,204.312119,-149.610092
inkyung_roadside_pavement,203.5991,-149.442566
inkyung_roadside_pavement,202.867935,-149.249939
inkyung_roadside_pavement,202.119324,-149.0335
inkyung_roadside_pavement,201.354111,-148.794464
inkyung_roadside_pavement,200.573318,-148.534088
inkyung_roadside_pavement,199.778076,-148.25354
inkyung_roadside_pavement,198.9694,-147.953934
inkyung_roadside_pavement,198.1486,-147.636459
inkyung_roadside_pavement,197.316956,-147.302277
inkyung_roadside_pavement,196.475708,-146.952438
inkyung_roadside_pavement,195.6262,-146.588181
inkyung_roadside_pavement,194.769852,-146.210571
inkyung_roadside_pavement,193.907974,-145.82077
inkyung_roadside_pavement,193.041992,-145.419891
inkyung_roadside_pavement,192.173325,-145.009079
inkyung_roadside_pavement,191.303391,-144.589462
inkyung_roadside_pavement,190.433624,-144.162186
inkyung_roadside_pavement,189.565491,-143.728378
inkyung_roadside_pavement,188.700439,-143.289154
inkyung_roadside_pavement,187.83992,-142.845718
inkyung_roadside_pavement,186.985336,-142.399124
inkyung_roadside_pavement,186.138245,-141.950531
inkyung_roadside_pavement,185.3001,-141.501114
inkyung_roadside_pavement,184.472366,-141.051987
inkyung_roadside_pavement,183.656479,-140.6043
inkyung_roadside_pavement,182.853958,-140.159134
inkyung_roadside_pavement,182.0663,-139.7177
inkyung_roadside_pavement,181.294922,-139.2811
inkyung_roadside_pavement,180.541351,-138.850464
inkyung_roadside_pavement,179.807037,-138.42691
inkyung_roadside_pavement,179.09346,-138.011612
inkyung_roadside_pavement,178.402069,-137.605637
inkyung_roadside_pavement,177.734375,-137.210144
inkyung_roadside_pavement,177.094009,-136.827591
inkyung_roadside_pavement,178.015549,-135.281387
inkyung_roadside_pavement,178.652252,-135.659973
inkyung_roadside_pavement,179.3136,-136.046463
inkyung_roadside_pavement,180.0002,-136.441086
inkyung_roadside_pavement,180.710419,-136.842773
inkyung_roadside_pavement,181.442627,-137.250488
inkyung_roadside_pavement,182.19519,-137.663116
inkyung_roadside_pavement,182.966476,-138.079636
inkyung_roadside_pavement,183.754868,-138.498947
inkyung_roadside_pavement,184.558731,-138.92
inkyung_roadside_pavement,185.37645,-139.34169
inkyung_roadside_pavement,186.206436,-139.763046
inkyung_roadside_pavement,187.047,-140.182953
inkyung_roadside_pavement,187.89653,-140.600357
inkyung_roadside_pavement,188.7534,-141.014175
inkyung_roadside_pavement,189.616028,-141.42337
inkyung_roadside_pavement,190.4827,-141.82692
inkyung_roadside_pavement,191.351776,-142.223679
inkyung_roadside_pavement,192.2217,-142.612656
inkyung_roadside_pavement,193.090714,-142.992752
inkyung_roadside_pavement,193.957214,-143.362915
inkyung_roadside_pavement,194.8195,-143.722076
inkyung_roadside_pavement,195.675888,-144.069183
inkyung_roadside_pavement,196.524673,-144.403152
inkyung_roadside_pavement,197.364166,-144.722946
inkyung_roadside_pavement,198.1926,-145.0275
inkyung_roadside_pavement,199.008133,-145.315689
inkyung_roadside_pavement,199.8091,-145.586533
inkyung_roadside_pavement,200.5936,-145.838928
inkyung_roadside_pavement,201.3597,-146.071808
inkyung_roadside_pavement,202.105576,-146.28421
inkyung_roadside_pavement,202.8291,-146.475082
inkyung_roadside_pavement,203.528122,-146.643372
inkyung_roadside_pavement,204.200577,-146.788177
inkyung_roadside_pavement,204.843979,-146.908646
inkyung_roadside_pavement,205.455719,-147.0039
inkyung_roadside_pavement,206.033218,-147.073425
inkyung_roadside_pavement,206.573273,-147.11676
inkyung_roadside_pavement,207.072617,-147.133881
inkyung_roadside_pavement,207.527466,-147.125259
inkyung_roadside_pavement,207.934036,-147.0922
inkyung_roadside_pavement,208.288345,-147.037155
inkyung_roadside_pavement,208.586761,-146.964081
inkyung_roadside_pavement,208.827423,-146.8786
inkyung_roadside_pavement,209.011322,-146.787689
inkyung_roadside_pavement,209.144623,-146.697678
inkyung_roadside_pavement,209.239365,-146.61087
inkyung_roadside_pavement,209.310745,-146.521622
inkyung_roadside_pavement,209.389221,-146.37973
inkyung_roadside_pavement,209.717,-145.692856
inkyung_roadside_pavement,210.061661,-144.971741
inkyung_roadside_pavement,210.406326,-144.25061
inkyung_roadside_pavement,210.751022,-143.529465
inkyung_roadside_pavement,211.0957,-142.808334
inkyung_roadside_pavement,211.440369,-142.0872
inkyung_roadside_pavement,211.785034,-141.366089
inkyung_roadside_pavement,212.12973,-140.644958
inkyung_roadside_pavement,212.474411,-139.923828
inkyung_roadside_pavement,212.819077,-139.202713
inkyung_roadside_pavement,213.163742,-138.481583
inkyung_roadside_pavement,213.508438,-137.760437
inkyung_roadside_pavement,213.853119,-137.0393
inkyung_roadside_pavement,214.1978,-136.318176
inkyung_roadside_pavement,214.542465,-135.597061
inkyung_roadside_pavement,214.887131,-134.875931
inkyung_roadside_pavement,215.231827,-134.154785
inkyung_roadside_pavement,215.5765,-133.43367
inkyung_roadside_pavement,215.921173,-132.71254
inkyung_roadside_pavement,216.265854,-131.991409
inkyung_roadside_pavement,216.610519,-131.270279
inkyung_roadside_pavement,216.955215,-130.549149
inkyung_roadside_pavement,217.2999,-129.828018
inkyung_roadside_pavement,217.644562,-129.1069
inkyung_roadside_pavement,217.989227,-128.385773
inkyung_roadside_pavement,218.333923,-127.664627
inkyung_roadside_pavement,218.6786,-126.943504
inkyung_roadside_pavement,219.02327,-126.222382
inkyung_roadside_pavement,219.367935,-125.501244
inkyung_roadside_pavement,219.712631,-124.780113
inkyung_roadside_pavement,220.057312,-124.058983
inkyung_roadside_pavement,220.402,-123.337852
inkyung_roadside_pavement,220.746658,-122.616737
inkyung_roadside_pavement,221.091324,-121.895615
inkyung_roadside_pavement,221.43602,-121.174461
inkyung_roadside_pavement,221.7807,-120.453339
inkyung_roadside_pavement,222.125366,-119.732224
inkyung_roadside_pavement,222.470032,-119.011093
inkyung_roadside_pavement,222.814728,-118.289948
inkyung_roadside_pavement,223.159409,-117.568825
inkyung_roadside_pavement,223.504074,-116.8477
inkyung_roadside_pavement,223.84874,-116.126572
inkyung_roadside_pavement,224.193436,-115.405434
inkyung_roadside_pavement,224.538116,-114.6843
inkyung_roadside_pavement,224.8828,-113.963173
inkyung_roadside_pavement,225.227463,-113.24205
inkyung_roadside_pavement,225.572128,-112.520927
inkyung_roadside_pavement,225.916824,-111.799789
inkyung_roadside_pavement,226.2615,-111.078659
inkyung_roadside_pavement,226.606186,-110.357529
inkyung_roadside_pavement,226.950851,-109.636414
inkyung_roadside_pavement,227.295517,-108.915283
inkyung_roadside_pavement,227.640213,-108.194138
inkyung_roadside_pavement,227.9849,-107.473015
inkyung_roadside_pavement,228.329559,-106.751892
inkyung_roadside_pavement,228.674225,-106.030762
inkyung_roadside_pavement,229.018921,-105.309624
inkyung_roadside_pavement,229.3636,-104.5885
inkyung_roadside_pavement,229.708267,-103.867378
inkyung_roadside_pavement,230.052933,-103.14624
inkyung_roadside_pavement,230.397629,-102.42511
inkyung_roadside_pavement,230.74231,-101.703979
inkyung_roadside_pavement,231.08699,-100.982849
inkyung_roadside_pavement,231.431656,-100.261734
inkyung_roadside_pavement,231.776321,-99.540596
inkyung_roadside_pavement,232.121017,-98.8194656
inkyung_roadside_pavement,232.4657,-98.0983353
inkyung_roadside_pavement,232.810364,-97.37721
inkyung_roadside_pavement,233.155029,-96.65608
inkyung_roadside_pavement,233.499725,-95.9349442
inkyung_roadside_pavement,233.8444,-95.21382
inkyung_roadside_pavement,234.189087,-94.49268
inkyung_roadside_pavement,234.533752,-93.77157
inkyung_roadside_pavement,234.878418,-93.0504456
inkyung_roadside_pavement,235.223114,-92.3293
inkyung_roadside_pavement,235.5678,-91.60817
inkyung_roadside_pavement,235.91246,-90.88705
inkyung_roadside_pavement,236.257126,-90.1659241
inkyung_roadside_pavement,236.601822,-89.4447861
inkyung_roadside_pavement,236.9465,-88.7236557
inkyung_roadside_pavement,237.291168,-88.00253
inkyung_roadside_pavement,237.635834,-87.2814
inkyung_roadside_pavement,237.98053,-86.56027
inkyung_roadside_pavement,238.325211,-85.8391342
inkyung_roadside_pavement,238.669891,-85.11801
inkyung_roadside_pavement,239.014557,-84.3969
inkyung_roadside_pavement,239.359222,-83.675766
inkyung_roadside_pavement,239.703918,-82.95462
inkyung_roadside_pavement,240.0486,-82.23349
inkyung_roadside_pavement,240.393265,-81.5123749
inkyung_roadside_pavement,240.73793,-80.7912445
inkyung_roadside_pavement,241.082626,-80.07011
inkyung_roadside_pavement,241.4273,-79.3489761
inkyung_roadside_pavement,241.771988,-78.6278458
inkyung_roadside_pavement,242.116653,-77.90672
inkyung_roadside_pavement,242.461319,-77.18559
inkyung_roadside_pavement,242.806015,-76.46446
inkyung_roadside_pavement,243.1507,-75.74333
inkyung_roadside_pavement,243.495361,-75.02222
inkyung_roadside_pavement,243.840027,-74.30109
inkyung_roadside_pavement,244.184723,-73.57994
inkyung_roadside_pavement,244.5294,-72.85881
inkyung_roadside_pavement,244.874084,-72.13769
inkyung_roadside_pavement,245.21875,-71.4165649
inkyung_roadside_pavement,245.563416,-70.6954346
inkyung_roadside_pavement,245.908112,-69.9743
inkyung_roadside_pavement,246.252792,-69.25317
inkyung_roadside_pavement,246.597458,-68.53204
inkyung_roadside_pavement,246.942123,-67.81092
inkyung_roadside_pavement,247.286819,-67.08978
inkyung_roadside_pavement,247.6315,-66.36865
inkyung_roadside_pavement,247.976166,-65.64754
inkyung_roadside_pavement,248.320831,-64.92641
inkyung_roadside_pavement,248.665527,-64.20526
inkyung_roadside_pavement,249.010208,-63.48414
inkyung_roadside_pavement,249.354889,-62.7630043
inkyung_roadside_pavement,249.699554,-62.04189
inkyung_roadside_pavement,250.04422,-61.32076
inkyung_roadside_pavement,250.388916,-60.599617
inkyung_roadside_pavement,250.7336,-59.87849
inkyung_roadside_pavement,251.078262,-59.15737
inkyung_roadside_pavement,251.422928,-58.43624
inkyung_roadside_pavement,251.767624,-57.7151031
inkyung_roadside_pavement,251.970581,-57.51938
inkyung_roadside_pavement,252.010544,-58.13451
inkyung_roadside_pavement,251.826569,-57.91561
inkyung_roadside_pavement,251.571609,-57.6783257
inkyung_roadside_pavement,251.240463,-57.4288521
inkyung_roadside_pavement,250.833313,-57.1739578
inkyung_roadside_pavement,250.353424,-56.919117
inkyung_roadside_pavement,249.805481,-56.6680069
inkyung_roadside_pavement,249.194687,-56.42286
inkyung_roadside_pavement,248.526245,-56.1847572
inkyung_roadside_pavement,247.805191,-55.9539948
inkyung_roadside_pavement,247.036316,-55.7303162
inkyung_roadside_pavement,246.2242,-55.51309
inkyung_roadside_pavement,245.37323,-55.3014221
inkyung_roadside_pavement,244.487579,-55.0942345
inkyung_roadside_pavement,243.57132,-54.89034
inkyung_roadside_pavement,242.628357,-54.68843
inkyung_roadside_pavement,241.662567,-54.48717
inkyung_roadside_pavement,240.677673,-54.28514
inkyung_roadside_pavement,239.677368,-54.0809135
inkyung_roadside_pavement,238.665283,-53.87302
inkyung_roadside_pavement,237.644958,-53.6599579
inkyung_roadside_pavement,236.619858,-53.4402161
inkyung_roadside_pavement,235.5935,-53.21225
inkyung_roadside_pavement,234.569275,-52.9745064
inkyung_roadside_pavement,233.550476,-52.72539
inkyung_roadside_pavement,232.540466,-52.46328
inkyung_roadside_pavement,231.542389,-52.1865158
inkyung_roadside_pavement,230.559509,-51.89338
inkyung_roadside_pavement,229.5948,-51.5821037
inkyung_roadside_pavement,228.651352,-51.25082
inkyung_roadside_pavement,227.7321,-50.8975563
inkyung_roadside_pavement,226.856766,-50.52752
rear_gate_general_approach,263.841431,52.4892426
rear_gate_general_approach,263.591431,52.4892464
rear_gate_general_approach,263.341431,52.4892349
rear_gate_general_approach,263.091431,52.4892349
rear_gate_general_approach,262.841431,52.4892349
rear_gate_general_approach,262.591431,52.4892349
rear_gate_general_approach,262.341431,52.48924
rear_gate_general_approach,262.091431,52.48925
rear_gate_general_approach,261.841431,52.48925
rear_gate_general_approach,261.591431,52.4892426
rear_gate_general_approach,261.341431,52.4892349
rear_gate_general_approach,261.091431,52.48925
rear_gate_general_approach,260.841461,52.4892426
rear_gate_general_approach,260.591431,52.48924
rear_gate_general_approach,260.341431,52.4892426
rear_gate_general_approach,260.091431,52.4892464
rear_gate_general_approach,259.841431,52.4892349
rear_gate_general_approach,259.591461,52.48924
rear_gate_general_approach,259.341431,52.4892349
rear_gate_general_approach,259.091431,52.4892349
rear_gate_general_approach,258.841431,52.48925
rear_gate_general_approach,258.591461,52.4892349
rear_gate_general_approach,258.341431,52.4892426
rear_gate_general_approach,258.091431,52.4892426
rear_gate_general_approach,257.841431,52.48922
rear_gate_general_approach,257.841431,56.0892258
rear_gate_general_approach,258.091431,56.0892525
rear_gate_general_approach,258.341431,56.08924
rear_gate_general_approach,258.591431,56.0892448
rear_gate_general_approach,258.841431,56.0892563
rear_gate_general_approach,259.091431,56.08924
rear_gate_general_approach,259.341431,56.0892563
rear_gate_general_approach,259.591431,56.0892334
rear_gate_general_approach,259.841431,56.0892448
rear_gate_general_approach,260.091431,56.08925
rear_gate_general_approach,260.341431,56.0892448
rear_gate_general_approach,260.591431,56.08925
rear_gate_general_approach,260.841431,56.0892372
rear_gate_general_approach,261.091431,56.0892258
rear_gate_general_approach,261.341431,56.08924
rear_gate_general_approach,261.591431,56.0892525
rear_gate_general_approach,261.841431,56.08924
rear_gate_general_approach,262.091431,56.08925
rear_gate_general_approach,262.341431,56.08924
rear_gate_general_approach,262.591431,56.08925
rear_gate_general_approach,262.841431,56.0892448
rear_gate_general_approach,263.091431,56.0892334
rear_gate_general_approach,263.341431,56.0892448
rear_gate_general_approach,263.591431,56.08925
rear_gate_general_approach,263.841431,56.0892448
building_2_accessible_approach,170.698975,66.6765442
building_2_accessible_approach,170.8189,66.89594
building_2_accessible_approach,170.938751,67.11532
building_2_accessible_approach,171.058655,67.3346939
building_2_accessible_approach,171.178543,67.5540543
building_2_accessible_approach,171.298431,67.77343
building_2_accessible_approach,171.418335,67.99281
building_2_accessible_approach,171.538208,68.21217
building_2_accessible_approach,171.658112,68.43156
building_2_accessible_approach,171.778015,68.6509247
building_2_accessible_approach,171.897888,68.87031
building_2_accessible_approach,172.0178,69.08969
building_2_accessible_approach,172.137665,69.30907
building_2_accessible_approach,172.257568,69.52844
building_2_accessible_approach,172.377472,69.7478256
building_2_accessible_approach,172.497375,69.96721
building_2_accessible_approach,172.617249,70.18657
building_2_accessible_approach,172.737167,70.40595
building_2_accessible_approach,172.857025,70.62533
building_2_accessible_approach,172.976929,70.84471
building_2_accessible_approach,173.096832,71.0640945
building_2_accessible_approach,173.216736,71.28345
building_2_accessible_approach,173.336609,71.50284
building_2_accessible_approach,173.4565,71.7222
building_2_accessible_approach,173.576385,71.94158
building_2_accessible_approach,176.3844,70.4069443
building_2_accessible_approach,176.264526,70.18758
building_2_accessible_approach,176.144623,69.9682159
building_2_accessible_approach,176.024734,69.74884
building_2_accessible_approach,175.904831,69.52946
building_2_accessible_approach,175.784943,69.3101
building_2_accessible_approach,175.66507,69.09072
building_2_accessible_approach,175.545166,68.87134
building_2_accessible_approach,175.425262,68.65195
building_2_accessible_approach,175.305374,68.43257
building_2_accessible_approach,175.185486,68.2131958
building_2_accessible_approach,175.065613,67.99383
building_2_accessible_approach,174.9457,67.77444
building_2_accessible_approach,174.8258,67.55505
building_2_accessible_approach,174.7059,67.33569
building_2_accessible_approach,174.586029,67.11633
building_2_accessible_approach,174.466125,66.89695
building_2_accessible_approach,174.346252,66.67755
building_2_accessible_approach,174.226334,66.4581757
building_2_accessible_approach,174.106445,66.2388153
building_2_accessible_approach,173.986557,66.01945
building_2_accessible_approach,173.866669,65.8000641
building_2_accessible_approach,173.746765,65.5806961
building_2_accessible_approach,173.626862,65.36131
building_2_accessible_approach,173.506989,65.14195
main_gate_general_approach,-35.7840424,-324.217926
main_gate_general_approach,-35.78405,-323.967957
main_gate_general_approach,-35.7840424,-323.717926
main_gate_general_approach,-35.78405,-323.467957
main_gate_general_approach,-35.7840424,-323.217957
main_gate_general_approach,-35.7840576,-322.967957
main_gate_general_approach,-35.78405,-322.717957
main_gate_general_approach,-35.7840576,-322.467926
main_gate_general_approach,-35.7840576,-322.217926
main_gate_general_approach,-35.78405,-321.967926
main_gate_general_approach,-35.7840424,-321.7179
main_gate_general_approach,-35.7840424,-321.467957
main_gate_general_approach,-35.78405,-321.218
main_gate_general_approach,-35.7840271,-320.967926
main_gate_general_approach,-35.7840576,-320.717957
main_gate_general_approach,-35.78405,-320.467957
main_gate_general_approach,-35.7840424,-320.217926
main_gate_general_approach,-35.78405,-319.967926
main_gate_general_approach,-35.7840347,-319.717957
main_gate_general_approach,-35.7840576,-319.467957
main_gate_general_approach,-35.7840652,-319.218
main_gate_general_approach,-35.7840576,-318.967926
main_gate_general_approach,-35.7840576,-318.717926
main_gate_general_approach,-35.7840424,-318.467957
main_gate_general_approach,-35.7840424,-318.217926
main_gate_general_approach,-32.18402,-318.217957
main_gate_general_approach,-32.1840363,-318.467957
main_gate_general_approach,-32.18403,-318.717957
main_gate_general_approach,-32.1840668,-318.968
main_gate_general_approach,-32.18406,-319.217926
main_gate_general_approach,-32.1840363,-319.467957
main_gate_general_approach,-32.18406,-319.717957
main_gate_general_approach,-32.18405,-319.967957
main_gate_general_approach,-32.1840439,-320.217957
main_gate_general_approach,-32.1840363,-320.4679
main_gate_general_approach,-32.1840363,-320.7179
main_gate_general_approach,-32.1840439,-320.967957
main_gate_general_approach,-32.18405,-321.217957
main_gate_general_approach,-32.1840363,-321.467926
main_gate_general_approach,-32.18402,-321.717957
main_gate_general_approach,-32.1840363,-321.967957
main_gate_general_approach,-32.18406,-322.217957
main_gate_general_approach,-32.1840439,-322.467926
main_gate_general_approach,-32.18405,-322.7179
main_gate_general_approach,-32.1840439,-322.967957
main_gate_general_approach,-32.18406,-323.217957
main_gate_general_approach,-32.18405,-323.467957
main_gate_general_approach,-32.18403,-323.717957
main_gate_general_approach,-32.1840439,-323.967957
main_gate_general_approach,-32.1840363,-324.2179
dorm_2_general_approach,554.280945,-305.461853
dorm_2_general_approach,554.450134,-305.557
dorm_2_general_approach,554.619446,-305.652252
dorm_2_general_approach,554.7886,-305.747467
dorm_2_general_approach,554.957764,-305.8426
dorm_2_general_approach,555.127,-305.9378
dorm_2_general_approach,555.2962,-306.032959
dorm_2_general_approach,555.465332,-306.1282
dorm_2_general_approach,555.634644,-306.2234
dorm_2_general_approach,555.803833,-306.3185
dorm_2_general_approach,555.972961,-306.4138
dorm_2_general_approach,556.1422,-306.508942
dorm_2_general_approach,556.3114,-306.604126
dorm_2_general_approach,556.4807,-306.6993
dorm_2_general_approach,556.649841,-306.7945
dorm_2_general_approach,556.819031,-306.8897
dorm_2_general_approach,556.9882,-306.9849
dorm_2_general_approach,557.1574,-307.080048
dorm_2_general_approach,557.32666,-307.175262
dorm_2_general_approach,557.496,-307.270477
dorm_2_general_approach,557.6651,-307.365662
dorm_2_general_approach,557.8342,-307.460815
dorm_2_general_approach,558.0035,-307.556
dorm_2_general_approach,558.1728,-307.651245
dorm_2_general_approach,558.3418,-307.7464
dorm_2_general_approach,558.5111,-307.841583
dorm_2_general_approach,558.6803,-307.9368
dorm_2_general_approach,558.849548,-308.031982
dorm_2_general_approach,559.018738,-308.127228
dorm_2_general_approach,559.1879,-308.222321
dorm_2_general_approach,559.3571,-308.317535
dorm_2_general_approach,559.5263,-308.4128
dorm_2_general_approach,559.695557,-308.507935
dorm_2_general_approach,559.8648,-308.603119
dorm_2_general_approach,560.034058,-308.6983
dorm_2_general_approach,560.2031,-308.793518
dorm_2_general_approach,560.3723,-308.888733
dorm_2_general_approach,560.5416,-308.9839
dorm_2_general_approach,560.5424,-312.770721
dorm_2_general_approach,560.329468,-312.65094
dorm_2_general_approach,560.1166,-312.531158
dorm_2_general_approach,559.903564,-312.411316
dorm_2_general_approach,559.6906,-312.2915
dorm_2_general_approach,559.477661,-312.171722
dorm_2_general_approach,559.2647,-312.051971
dorm_2_general_approach,559.051758,-311.9321
dorm_2_general_approach,558.8388,-311.812317
dorm_2_general_approach,558.6258,-311.6925
dorm_2_general_approach,558.4129,-311.572754
dorm_2_general_approach,558.1999,-311.452881
dorm_2_general_approach,557.986938,-311.3331
dorm_2_general_approach,557.774048,-311.213318
dorm_2_general_approach,557.561035,-311.093536
dorm_2_general_approach,557.348,-310.9737
dorm_2_general_approach,557.135132,-310.853882
dorm_2_general_approach,556.9221,-310.73407
dorm_2_general_approach,556.709167,-310.614319
dorm_2_general_approach,556.4962,-310.494446
dorm_2_general_approach,556.283264,-310.374664
dorm_2_general_approach,556.0703,-310.254883
dorm_2_general_approach,555.857361,-310.135071
dorm_2_general_approach,555.644348,-310.015228
dorm_2_general_approach,555.431458,-309.895447
dorm_2_general_approach,555.218445,-309.7756
dorm_2_general_approach,555.0055,-309.6558
dorm_2_general_approach,554.792542,-309.53595
dorm_2_general_approach,554.5796,-309.4162
dorm_2_general_approach,554.3666,-309.296417
dorm_2_general_approach,554.1537,-309.176575
dorm_2_general_approach,553.9407,-309.056763
dorm_2_general_approach,553.7277,-308.936981
dorm_2_general_approach,553.5148,-308.817169
dorm_2_general_approach,553.3018,-308.697357
dorm_2_general_approach,553.088867,-308.5775
dorm_2_general_approach,552.8759,-308.457764
dorm_2_general_approach,552.662964,-308.338
rear_gate_accessible_approach,256.18103,70.9171143
rear_gate_accessible_approach,255.930969,70.91711
rear_gate_accessible_approach,255.681,70.91713
rear_gate_accessible_approach,255.431,70.91713
rear_gate_accessible_approach,255.181,70.9171
rear_gate_accessible_approach,254.930984,70.91713
rear_gate_accessible_approach,254.681,70.91712
rear_gate_accessible_approach,254.431,70.9171
rear_gate_accessible_approach,254.180984,70.91712
rear_gate_accessible_approach,253.931,70.91712
rear_gate_accessible_approach,253.680969,70.9171143
rear_gate_accessible_approach,253.431,70.9171143
rear_gate_accessible_approach,253.181,70.91713
rear_gate_accessible_approach,252.93103,70.91711
rear_gate_accessible_approach,252.681,70.9171143
rear_gate_accessible_approach,252.431,70.91712
rear_gate_accessible_approach,252.181,70.9171448
rear_gate_accessible_approach,251.931,70.9171143
rear_gate_accessible_approach,251.681015,70.9171143
rear_gate_accessible_approach,251.430984,70.91713
rear_gate_accessible_approach,251.181,70.9171
rear_gate_accessible_approach,250.931,70.91713
rear_gate_accessible_approach,250.68103,70.91712
rear_gate_accessible_approach,250.430969,70.91712
rear_gate_accessible_approach,250.181,70.9171
rear_gate_accessible_approach,250.180984,74.51711
rear_gate_accessible_approach,250.431,74.51711
rear_gate_accessible_approach,250.681015,74.5171356
rear_gate_accessible_approach,250.930969,74.51712
rear_gate_accessible_approach,251.180984,74.51712
rear_gate_accessible_approach,251.431,74.5171051
rear_gate_accessible_approach,251.681,74.5171051
rear_gate_accessible_approach,251.930984,74.51713
rear_gate_accessible_approach,252.181,74.5171051
rear_gate_accessible_approach,252.431,74.5171356
rear_gate_accessible_approach,252.681,74.51712
rear_gate_accessible_approach,252.930984,74.51711
rear_gate_accessible_approach,253.181,74.51713
rear_gate_accessible_approach,253.431,74.51711
rear_gate_accessible_approach,253.680969,74.51712
rear_gate_accessible_approach,253.931,74.51713
rear_gate_accessible_approach,254.181,74.51712
rear_gate_accessible_approach,254.431,74.51711
rear_gate_accessible_approach,254.681,74.51713
rear_gate_accessible_approach,254.931,74.51712
rear_gate_accessible_approach,255.181015,74.51712
rear_gate_accessible_approach,255.430984,74.51713
rear_gate_accessible_approach,255.681015,74.51711
rear_gate_accessible_approach,255.931,74.5171356
rear_gate_accessible_approach,256.181,74.51711
main_gate_accessible_approach,-14.6206131,-324.547974
main_gate_accessible_approach,-14.6205978,-324.297974
main_gate_accessible_approach,-14.6206131,-324.0479
main_gate_accessible_approach,-14.62059,-323.7979
main_gate_accessible_approach,-14.62059,-323.5479
main_gate_accessible_approach,-14.6206131,-323.297974
main_gate_accessible_approach,-14.6205826,-323.047943
main_gate_accessible_approach,-14.620575,-322.797882
main_gate_accessible_approach,-14.620575,-322.5479
main_gate_accessible_approach,-14.6205826,-322.2979
main_gate_accessible_approach,-14.6206131,-322.0479
main_gate_accessible_approach,-14.62059,-321.797943
main_gate_accessible_approach,-14.620575,-321.547943
main_gate_accessible_approach,-14.62059,-321.2979
main_gate_accessible_approach,-14.6206207,-321.047974
main_gate_accessible_approach,-14.6206131,-320.797943
main_gate_accessible_approach,-14.6206131,-320.5479
main_gate_accessible_approach,-14.6206055,-320.2979
main_gate_accessible_approach,-14.6205673,-320.047943
main_gate_accessible_approach,-14.6205826,-319.797943
main_gate_accessible_approach,-14.6205826,-319.547943
main_gate_accessible_approach,-14.620575,-319.297882
main_gate_accessible_approach,-14.620575,-319.0479
main_gate_accessible_approach,-14.62059,-318.797943
main_gate_accessible_approach,-14.6205978,-318.5479
main_gate_accessible_approach,-14.6205826,-318.2979
main_gate_accessible_approach,-14.620575,-318.047943
main_gate_accessible_approach,-14.62059,-317.7979
main_gate_accessible_approach,-14.6206131,-317.547974
main_gate_accessible_approach,-14.6205978,-317.297974
main_gate_accessible_approach,-14.6205978,-317.0479
main_gate_accessible_approach,-14.620575,-316.7979
main_gate_accessible_approach,-14.6205673,-316.547974
main_gate_accessible_approach,-11.0205841,-316.547974
main_gate_accessible_approach,-11.0205994,-316.797974
main_gate_accessible_approach,-11.0205765,-317.047943
main_gate_accessible_approach,-11.0205994,-317.2979
main_gate_accessible_approach,-11.0206146,-317.5479
main_gate_accessible_approach,-11.0205994,-317.797943
main_gate_accessible_approach,-11.0205841,-318.047943
main_gate_accessible_approach,-11.0205994,-318.2979
main_gate_accessible_approach,-11.0205917,-318.547974
main_gate_accessible_approach,-11.0205841,-318.7979
main_gate_accessible_approach,-11.020607,-319.0479
main_gate_accessible_approach,-11.0205917,-319.297943
main_gate_accessible_approach,-11.0205917,-319.5479
main_gate_accessible_approach,-11.0205841,-319.797974
main_gate_accessible_approach,-11.0205841,-320.047974
main_gate_accessible_approach,-11.0205917,-320.297943
main_gate_accessible_approach,-11.0205765,-320.547974
main_gate_accessible_approach,-11.0205917,-320.7979
main_gate_accessible_approach,-11.0206146,-321.0479
main_gate_accessible_approach,-11.0206146,-321.297974
main_gate_accessible_approach,-11.0205917,-321.547943
main_gate_accessible_approach,-11.0205917,-321.7979
main_gate_accessible_approach,-11.0205917,-322.047974
main_gate_accessible_approach,-11.0205994,-322.297974
main_gate_accessible_approach,-11.0205994,-322.547943
main_gate_accessible_approach,-11.0205765,-322.7979
main_gate_accessible_approach,-11.0205917,-323.0479
main_gate_accessible_approach,-11.0205917,-323.297974
main_gate_accessible_approach,-11.0205841,-323.547974
main_gate_accessible_approach,-11.0205994,-323.797943
main_gate_accessible_approach,-11.020607,-324.047943
main_gate_accessible_approach,-11.0205994,-324.2979
main_gate_accessible_approach,-11.0206146,-324.5479
anniversary_60_accessible_approach,66.8932343,51.68654
anniversary_60_accessible_approach,66.67289,51.8046455
anniversary_60_accessible_approach,66.4525452,51.9227448
anniversary_60_accessible_approach,66.23221,52.04086
anniversary_60_accessible_approach,66.0118561,52.158947
anniversary_60_accessible_approach,65.79152,52.27706
anniversary_60_accessible_approach,65.57117,52.39516
anniversary_60_accessible_approach,65.35082,52.5132751
anniversary_60_accessible_approach,65.13048,52.63137
anniversary_60_accessible_approach,64.91014,52.7494774
anniversary_60_accessible_approach,64.68979,52.86758
anniversary_60_accessible_approach,64.46945,52.98568
anniversary_60_accessible_approach,64.2491,53.1037865
anniversary_60_accessible_approach,64.02876,53.2218857
anniversary_60_accessible_approach,63.80842,53.34
anniversary_60_accessible_approach,63.5880737,53.4581032
anniversary_60_accessible_approach,63.36773,53.5762062
anniversary_60_accessible_approach,63.1473846,53.69431
anniversary_60_accessible_approach,62.9270363,53.8124123
anniversary_60_accessible_approach,62.7066956,53.9305153
anniversary_60_accessible_approach,62.4863548,54.04862
anniversary_60_accessible_approach,62.26601,54.16672
anniversary_60_accessible_approach,62.0456657,54.284832
anniversary_60_accessible_approach,61.8253174,54.40292
anniversary_60_accessible_approach,61.60498,54.5210381
anniversary_60_accessible_approach,63.116703,57.3414345
anniversary_60_accessible_approach,63.33705,57.2233276
anniversary_60_accessible_approach,63.55739,57.10523
anniversary_60_accessible_approach,63.77774,56.98712
anniversary_60_accessible_approach,63.9980774,56.8690224
anniversary_60_accessible_approach,64.21843,56.7509155
anniversary_60_accessible_approach,64.43877,56.6328163
anniversary_60_accessible_approach,64.65912,56.5147171
anniversary_60_accessible_approach,64.8794556,56.39661
anniversary_60_accessible_approach,65.0998,56.2785034
anniversary_60_accessible_approach,65.3201447,56.1604
anniversary_60_accessible_approach,65.54048,56.0422974
anniversary_60_accessible_approach,65.76083,55.9241867
anniversary_60_accessible_approach,65.98117,55.80609
anniversary_60_accessible_approach,66.20152,55.68798
anniversary_60_accessible_approach,66.42187,55.56989
anniversary_60_accessible_approach,66.64221,55.4517746
anniversary_60_accessible_approach,66.8625641,55.3336754
anniversary_60_accessible_approach,67.0829,55.21557
anniversary_60_accessible_approach,67.30324,55.09747
anniversary_60_accessible_approach,67.52359,54.97937
anniversary_60_accessible_approach,67.74393,54.8612633
anniversary_60_accessible_approach,67.96428,54.74316
anniversary_60_accessible_approach,68.1846161,54.62505
anniversary_60_accessible_approach,68.40496,54.5069427
biryong_plaza_general_approach,252.028717,-105.07827
biryong_plaza_general_approach,251.778717,-105.07827
biryong_plaza_general_approach,251.528717,-105.07827
biryong_plaza_general_approach,251.278717,-105.07827
biryong_plaza_general_approach,251.028717,-105.07827
biryong_plaza_general_approach,250.778717,-105.07827
biryong_plaza_general_approach,250.528717,-105.07827
biryong_plaza_general_approach,250.278717,-105.07827
biryong_plaza_general_approach,250.028717,-105.07827
biryong_plaza_general_approach,249.778717,-105.07827
biryong_plaza_general_approach,249.528717,-105.07827
biryong_plaza_general_approach,249.278717,-105.07827
biryong_plaza_general_approach,249.028717,-105.07827
biryong_plaza_general_approach,248.778717,-105.07827
biryong_plaza_general_approach,248.528717,-105.07827
biryong_plaza_general_approach,248.278717,-105.078262
biryong_plaza_general_approach,248.028717,-105.078262
biryong_plaza_general_approach,247.778717,-105.078262
biryong_plaza_general_approach,247.528717,-105.07827
biryong_plaza_general_approach,247.278717,-105.07827
biryong_plaza_general_approach,247.028717,-105.07827
biryong_plaza_general_approach,246.778717,-105.07827
biryong_plaza_general_approach,246.528717,-105.07827
biryong_plaza_general_approach,246.278717,-105.07827
biryong_plaza_general_approach,246.028717,-105.07827
biryong_plaza_general_approach,246.028717,-101.07827
biryong_plaza_general_approach,246.278717,-101.07827
biryong_plaza_general_approach,246.528717,-101.07827
biryong_plaza_general_approach,246.778717,-101.07827
biryong_plaza_general_approach,247.028717,-101.07827
biryong_plaza_general_approach,247.278717,-101.07827
biryong_plaza_general_approach,247.528717,-101.07827
biryong_plaza_general_approach,247.778717,-101.078262
biryong_plaza_general_approach,248.028717,-101.078262
biryong_plaza_general_approach,248.278717,-101.078262
biryong_plaza_general_approach,248.528717,-101.07827
biryong_plaza_general_approach,248.778717,-101.07827
biryong_plaza_general_approach,249.028717,-101.07827
biryong_plaza_general_approach,249.278717,-101.07827
biryong_plaza_general_approach,249.528717,-101.07827
biryong_plaza_general_approach,249.778717,-101.07827
biryong_plaza_general_approach,250.028717,-101.07827
biryong_plaza_general_approach,250.278717,-101.07827
biryong_plaza_general_approach,250.528717,-101.07827
biryong_plaza_general_approach,250.778717,-101.07827
biryong_plaza_general_approach,251.028717,-101.07827
biryong_plaza_general_approach,251.278717,-101.07827
biryong_plaza_general_approach,251.528717,-101.07827
biryong_plaza_general_approach,251.778717,-101.07827
biryong_plaza_general_approach,252.028717,-101.07827
main_gate_general_reverse_approach,-32.1840744,-329.217957
main_gate_general_reverse_approach,-32.18405,-329.467957
main_gate_general_reverse_approach,-32.18405,-329.7179
main_gate_general_reverse_approach,-32.18405,-329.967957
main_gate_general_reverse_approach,-32.1840439,-330.217957
main_gate_general_reverse_approach,-32.18405,-330.467926
main_gate_general_reverse_approach,-32.18403,-330.717957
main_gate_general_reverse_approach,-32.1840439,-330.967957
main_gate_general_reverse_approach,-32.1840363,-331.217957
main_gate_general_reverse_approach,-32.1840439,-331.467957
main_gate_general_reverse_approach,-32.1840363,-331.717926
main_gate_general_reverse_approach,-32.18405,-331.9679
main_gate_general_reverse_approach,-32.1840668,-332.218
main_gate_general_reverse_approach,-32.1840744,-332.468
main_gate_general_reverse_approach,-32.18406,-332.717926
main_gate_general_reverse_approach,-32.1840363,-332.967957
main_gate_general_reverse_approach,-32.18405,-333.2179
main_gate_general_reverse_approach,-32.18405,-333.467957
main_gate_general_reverse_approach,-32.1840439,-333.717957
main_gate_general_reverse_approach,-32.18405,-333.967926
main_gate_general_reverse_approach,-32.1840363,-334.217957
main_gate_general_reverse_approach,-32.18405,-334.467957
main_gate_general_reverse_approach,-32.18405,-334.717957
main_gate_general_reverse_approach,-32.18403,-334.967957
main_gate_general_reverse_approach,-32.1840668,-335.217926
main_gate_general_reverse_approach,-35.7840652,-335.217957
main_gate_general_reverse_approach,-35.7840652,-334.967926
main_gate_general_reverse_approach,-35.7840424,-334.717926
main_gate_general_reverse_approach,-35.78405,-334.467957
main_gate_general_reverse_approach,-35.7840424,-334.217957
main_gate_general_reverse_approach,-35.7840424,-333.967957
main_gate_general_reverse_approach,-35.78405,-333.717926
main_gate_general_reverse_approach,-35.7840424,-333.467926
main_gate_general_reverse_approach,-35.7840576,-333.217957
main_gate_general_reverse_approach,-35.78405,-332.9679
main_gate_general_reverse_approach,-35.7840576,-332.717926
main_gate_general_reverse_approach,-35.7840652,-332.467957
main_gate_general_reverse_approach,-35.7840424,-332.218
main_gate_general_reverse_approach,-35.7840576,-331.967957
main_gate_general_reverse_approach,-35.7840652,-331.717957
main_gate_general_reverse_approach,-35.7840271,-331.467957
main_gate_general_reverse_approach,-35.7840424,-331.217926
main_gate_general_reverse_approach,-35.78405,-330.967957
main_gate_general_reverse_approach,-35.7840424,-330.717957
main_gate_general_reverse_approach,-35.78405,-330.467957
main_gate_general_reverse_approach,-35.7840424,-330.217957
main_gate_general_reverse_approach,-35.7840424,-329.967926
main_gate_general_reverse_approach,-35.78405,-329.717957
main_gate_general_reverse_approach,-35.7840652,-329.467926
main_gate_general_reverse_approach,-35.7840576,-329.217926
dorm_1_accessible_approach,79.58786,-451.029083
dorm_1_accessible_approach,79.80986,-451.144043
dorm_1_accessible_approach,80.03186,-451.259
dorm_1_accessible_approach,80.25386,-451.373962
dorm_1_accessible_approach,80.47591,-451.488953
dorm_1_accessible_approach,80.697876,-451.603851
dorm_1_accessible_approach,80.91989,-451.7188
dorm_1_accessible_approach,81.14191,-451.8338
dorm_1_accessible_approach,81.36389,-451.94873
dorm_1_accessible_approach,81.58591,-452.0637
dorm_1_accessible_approach,81.80791,-452.17865
dorm_1_accessible_approach,82.02992,-452.293579
dorm_1_accessible_approach,82.25194,-452.408569
dorm_1_accessible_approach,82.47389,-452.5235
dorm_1_accessible_approach,82.69589,-452.638458
dorm_1_accessible_approach,82.91791,-452.7534
dorm_1_accessible_approach,83.13991,-452.868378
dorm_1_accessible_approach,83.36192,-452.9833
dorm_1_accessible_approach,83.58392,-453.098267
dorm_1_accessible_approach,83.80589,-453.213257
dorm_1_accessible_approach,84.02792,-453.3282
dorm_1_accessible_approach,84.2499542,-453.443146
dorm_1_accessible_approach,84.47191,-453.5581
dorm_1_accessible_approach,84.69394,-453.673065
dorm_1_accessible_approach,84.91594,-453.788025
dorm_1_accessible_approach,83.39851,-456.718475
dorm_1_accessible_approach,83.17651,-456.6035
dorm_1_accessible_approach,82.9545,-456.488556
dorm_1_accessible_approach,82.7325,-456.3736
dorm_1_accessible_approach,82.51053,-456.2587
dorm_1_accessible_approach,82.28848,-456.143677
dorm_1_accessible_approach,82.06651,-456.028748
dorm_1_accessible_approach,81.84453,-455.913818
dorm_1_accessible_approach,81.6225,-455.798828
dorm_1_accessible_approach,81.40054,-455.6839
dorm_1_accessible_approach,81.17848,-455.5689
dorm_1_accessible_approach,80.9565,-455.453918
dorm_1_accessible_approach,80.73453,-455.33902
dorm_1_accessible_approach,80.51248,-455.22403
dorm_1_accessible_approach,80.29048,-455.10907
dorm_1_accessible_approach,80.06845,-454.994171
dorm_1_accessible_approach,79.8464661,-454.87915
dorm_1_accessible_approach,79.6244659,-454.764221
dorm_1_accessible_approach,79.4025,-454.649261
dorm_1_accessible_approach,79.18048,-454.5343
dorm_1_accessible_approach,78.95848,-454.419373
dorm_1_accessible_approach,78.73648,-454.304382
dorm_1_accessible_approach,78.5144653,-454.189423
dorm_1_accessible_approach,78.29248,-454.0745
dorm_1_accessible_approach,78.0704651,-453.9595
building_5_general_approach,27.4842434,127.4547
building_5_general_approach,27.5863361,127.682907
building_5_general_approach,27.6884289,127.9111
building_5_general_approach,27.7905178,128.139313
building_5_general_approach,27.8926067,128.3675
building_5_general_approach,27.9946957,128.595718
building_5_general_approach,28.0967922,128.823929
building_5_general_approach,28.1988811,129.052124
building_5_general_approach,28.3009663,129.280319
building_5_general_approach,28.403059,129.508545
building_5_general_approach,28.5051517,129.73674
building_5_general_approach,28.6072311,129.964951
building_5_general_approach,28.7093315,130.193161
building_5_general_approach,28.8114166,130.421356
building_5_general_approach,28.91351,130.649567
building_5_general_approach,29.0155945,130.877777
building_5_general_approach,29.1176872,131.105972
building_5_general_approach,29.2197723,131.334183
building_5_general_approach,29.32187,131.562408
building_5_general_approach,29.4239578,131.7906
building_5_general_approach,29.52605,132.018814
building_5_general_approach,29.6281452,132.247025
building_5_general_approach,29.7302437,132.47522
building_5_general_approach,29.8323212,132.703415
building_5_general_approach,29.93442,132.931656
building_5_general_approach,32.85544,131.624878
building_5_general_approach,32.7533455,131.396667
building_5_general_approach,32.6512527,131.168457
building_5_general_approach,32.5491676,130.940247
building_5_general_approach,32.4470749,130.712051
building_5_general_approach,32.344986,130.483826
building_5_general_approach,32.2429047,130.25563
building_5_general_approach,32.1408119,130.02742
building_5_general_approach,32.0387268,129.799225
building_5_general_approach,31.93663,129.571014
building_5_general_approach,31.83454,129.342819
building_5_general_approach,31.7324467,129.114609
building_5_general_approach,31.6303558,128.886383
building_5_general_approach,31.52826,128.658173
building_5_general_approach,31.4261742,128.43
building_5_general_approach,31.3240776,128.201782
building_5_general_approach,31.2219925,127.973587
building_5_general_approach,31.1199074,127.745392
building_5_general_approach,31.01781,127.517181
building_5_general_approach,30.9157238,127.288971
building_5_general_approach,30.8136311,127.06076
building_5_general_approach,30.7115459,126.832581
building_5_general_approach,30.6094551,126.604355
building_5_general_approach,30.5073624,126.376144
building_5_general_approach,30.40527,126.147949
hitech_general_approach,351.299133,24.9191456
hitech_general_approach,351.4046,25.1458511
hitech_general_approach,351.51004,25.3725128
hitech_general_approach,351.615417,25.5992069
hitech_general_approach,351.720825,25.8258858
hitech_general_approach,351.826233,26.05258
hitech_general_approach,351.931641,26.2792587
hitech_general_approach,352.0371,26.5059357
hitech_general_approach,352.1425,26.73263
hitech_general_approach,352.247925,26.9593086
hitech_general_approach,352.3533,27.1860142
hitech_general_approach,352.45874,27.4127083
hitech_general_approach,352.564178,27.6394
hitech_general_approach,352.6696,27.86608
hitech_general_approach,352.774933,28.0927887
hitech_general_approach,352.880371,28.3194675
hitech_general_approach,352.98584,28.5461426
hitech_general_approach,353.091248,28.7728367
hitech_general_approach,353.196625,28.9995022
hitech_general_approach,353.302063,29.2262077
hitech_general_approach,353.407471,29.4528732
hitech_general_approach,353.512939,29.6795654
hitech_general_approach,353.618317,29.9062862
hitech_general_approach,353.7237,30.1329536
hitech_general_approach,353.829163,30.3596725
hitech_general_approach,356.730743,29.0103149
hitech_general_approach,356.625336,28.7836361
hitech_general_approach,356.519958,28.5569439
hitech_general_approach,356.4145,28.3302517
hitech_general_approach,356.309082,28.1035442
hitech_general_approach,356.203674,27.8768654
hitech_general_approach,356.0983,27.6501713
hitech_general_approach,355.992828,27.4235077
hitech_general_approach,355.8874,27.1968155
hitech_general_approach,355.782,26.9701214
hitech_general_approach,355.676575,26.7434425
hitech_general_approach,355.5712,26.5167351
hitech_general_approach,355.4658,26.2900715
hitech_general_approach,355.360352,26.06338
hitech_general_approach,355.2549,25.8366871
hitech_general_approach,355.1495,25.6100063
hitech_general_approach,355.044128,25.3832989
hitech_general_approach,354.93866,25.1566219
hitech_general_approach,354.833252,24.9299145
hitech_general_approach,354.727844,24.7032356
hitech_general_approach,354.622437,24.476572
hitech_general_approach,354.517059,24.2498779
hitech_general_approach,354.4116,24.0231857
hitech_general_approach,354.3062,23.7964783
hitech_general_approach,354.2008,23.5698128
building_5_accessible_approach,-22.2705574,149.7131
building_5_accessible_approach,-22.1684723,149.941315
building_5_accessible_approach,-22.0663681,150.169525
building_5_accessible_approach,-21.964283,150.397736
building_5_accessible_approach,-21.8621826,150.625946
building_5_accessible_approach,-21.7600975,150.854156
building_5_accessible_approach,-21.6580048,151.082367
building_5_accessible_approach,-21.5559273,151.310577
building_5_accessible_approach,-21.4538269,151.538788
building_5_accessible_approach,-21.35175,151.766983
building_5_accessible_approach,-21.2496452,151.9952
building_5_accessible_approach,-21.14756,152.2234
building_5_accessible_approach,-21.0454674,152.4516
building_5_accessible_approach,-20.9433784,152.6798
building_5_accessible_approach,-20.8412857,152.90799
building_5_accessible_approach,-20.7392082,153.136215
building_5_accessible_approach,-20.6371155,153.36441
building_5_accessible_approach,-20.5350227,153.5926
building_5_accessible_approach,-20.43293,153.820816
building_5_accessible_approach,-20.3308411,154.049026
building_5_accessible_approach,-20.2287445,154.277222
building_5_accessible_approach,-20.12666,154.505447
building_5_accessible_approach,-20.0245628,154.733643
building_5_accessible_approach,-19.92247,154.961838
building_5_accessible_approach,-19.820385,155.190048
building_5_accessible_approach,-16.8993759,153.883286
building_5_accessible_approach,-17.0014458,153.65509
building_5_accessible_approach,-17.1035461,153.42688
building_5_accessible_approach,-17.2056236,153.198685
building_5_accessible_approach,-17.307724,152.97049
building_5_accessible_approach,-17.40981,152.742264
building_5_accessible_approach,-17.5119133,152.514069
building_5_accessible_approach,-17.61399,152.285873
building_5_accessible_approach,-17.7160835,152.057648
building_5_accessible_approach,-17.8181686,151.829453
building_5_accessible_approach,-17.9202576,151.601257
building_5_accessible_approach,-18.02235,151.373032
building_5_accessible_approach,-18.1244545,151.144836
building_5_accessible_approach,-18.226532,150.916626
building_5_accessible_approach,-18.3286247,150.688431
building_5_accessible_approach,-18.4307175,150.46022
building_5_accessible_approach,-18.5328064,150.23201
building_5_accessible_approach,-18.6349068,150.0038
building_5_accessible_approach,-18.7369843,149.7756
building_5_accessible_approach,-18.839077,149.5474
building_5_accessible_approach,-18.94117,149.319168
building_5_accessible_approach,-19.04327,149.090973
building_5_accessible_approach,-19.1453362,148.862778
building_5_accessible_approach,-19.2474442,148.634552
building_5_accessible_approach,-19.34953,148.406342
rear_gate_accessible_reverse_approach,261.18103,74.5171051
rear_gate_accessible_reverse_approach,261.430969,74.51712
rear_gate_accessible_reverse_approach,261.681,74.51713
rear_gate_accessible_reverse_approach,261.931,74.51712
rear_gate_accessible_reverse_approach,262.181,74.51711
rear_gate_accessible_reverse_approach,262.43103,74.5171356
rear_gate_accessible_reverse_approach,262.681,74.51712
rear_gate_accessible_reverse_approach,262.931,74.5171051
rear_gate_accessible_reverse_approach,263.18103,74.51713
rear_gate_accessible_reverse_approach,263.431,74.51711
rear_gate_accessible_reverse_approach,263.681,74.51711
rear_gate_accessible_reverse_approach,263.931,74.5171356
rear_gate_accessible_reverse_approach,264.181,74.51712
rear_gate_accessible_reverse_approach,264.431,74.51711
rear_gate_accessible_reverse_approach,264.681,74.51713
rear_gate_accessible_reverse_approach,264.931,74.51713
rear_gate_accessible_reverse_approach,265.181,74.51711
rear_gate_accessible_reverse_approach,265.431,74.51712
rear_gate_accessible_reverse_approach,265.681,74.51713
rear_gate_accessible_reverse_approach,265.93103,74.51713
rear_gate_accessible_reverse_approach,266.181,74.5171051
rear_gate_accessible_reverse_approach,266.431,74.5171051
rear_gate_accessible_reverse_approach,266.681,74.51712
rear_gate_accessible_reverse_approach,266.93103,74.5171
rear_gate_accessible_reverse_approach,267.181,74.5171356
rear_gate_accessible_reverse_approach,267.181,70.91712
rear_gate_accessible_reverse_approach,266.931,70.91713
rear_gate_accessible_reverse_approach,266.681,70.9171143
rear_gate_accessible_reverse_approach,266.43103,70.9171143
rear_gate_accessible_reverse_approach,266.18103,70.91712
rear_gate_accessible_reverse_approach,265.931,70.9171
rear_gate_accessible_reverse_approach,265.681,70.9171143
rear_gate_accessible_reverse_approach,265.43103,70.91712
rear_gate_accessible_reverse_approach,265.180969,70.91712
rear_gate_accessible_reverse_approach,264.931,70.9171
rear_gate_accessible_reverse_approach,264.681,70.91713
rear_gate_accessible_reverse_approach,264.430969,70.9171143
rear_gate_accessible_reverse_approach,264.180969,70.9171
rear_gate_accessible_reverse_approach,263.931,70.91713
rear_gate_accessible_reverse_approach,263.681,70.91712
rear_gate_accessible_reverse_approach,263.430969,70.9171143
rear_gate_accessible_reverse_approach,263.18103,70.9171143
rear_gate_accessible_reverse_approach,262.931,70.9171
rear_gate_accessible_reverse_approach,262.681,70.9171143
rear_gate_accessible_reverse_approach,262.431,70.91711
rear_gate_accessible_reverse_approach,262.181,70.91713
rear_gate_accessible_reverse_approach,261.93103,70.91711
rear_gate_accessible_reverse_approach,261.680969,70.91712
rear_gate_accessible_reverse_approach,261.431,70.9171
rear_gate_accessible_reverse_approach,261.181,70.9171143
building_2_general_approach,191.208557,55.4677353
building_2_general_approach,191.328491,55.68711
building_2_general_approach,191.448364,55.9064827
building_2_general_approach,191.568237,56.1258736
building_2_general_approach,191.688141,56.3452377
building_2_general_approach,191.808029,56.5646133
building_2_general_approach,191.927917,56.784008
building_2_general_approach,192.047821,57.0033646
building_2_general_approach,192.167709,57.2227478
building_2_general_approach,192.2876,57.4421234
building_2_general_approach,192.407471,57.6615067
building_2_general_approach,192.52742,57.8808823
building_2_general_approach,192.6473,58.1002426
building_2_general_approach,192.767181,58.31965
building_2_general_approach,192.887054,58.53901
building_2_general_approach,193.006958,58.7583847
building_2_general_approach,193.126862,58.9777756
building_2_general_approach,193.246765,59.19712
building_2_general_approach,193.366653,59.4165154
building_2_general_approach,193.486511,59.6358833
building_2_general_approach,193.6064,59.8552551
building_2_general_approach,193.726318,60.07464
building_2_general_approach,193.846176,60.2940063
building_2_general_approach,193.9661,60.51338
building_2_general_approach,194.085983,60.7327576
building_2_general_approach,196.894012,59.1981544
building_2_general_approach,196.774109,58.978775
building_2_general_approach,196.654236,58.7593727
building_2_general_approach,196.534317,58.5400124
building_2_general_approach,196.414429,58.32064
building_2_general_approach,196.294571,58.1012726
building_2_general_approach,196.174622,57.881897
building_2_general_approach,196.054779,57.6624947
building_2_general_approach,195.934845,57.44314
building_2_general_approach,195.814972,57.2237778
building_2_general_approach,195.695068,57.0043869
building_2_general_approach,195.5752,56.7850266
building_2_general_approach,195.455292,56.56562
building_2_general_approach,195.335388,56.34626
building_2_general_approach,195.215515,56.1268921
building_2_general_approach,195.095627,55.907505
building_2_general_approach,194.975708,55.6881371
building_2_general_approach,194.855835,55.4687424
building_2_general_approach,194.735931,55.2493668
building_2_general_approach,194.616058,55.0300064
building_2_general_approach,194.496155,54.810627
building_2_general_approach,194.376251,54.5912476
building_2_general_approach,194.256348,54.3718529
building_2_general_approach,194.13649,54.1524849
building_2_general_approach,194.016586,53.93312
biryong_plaza_accessible_approach,251.056564,-160.102158
biryong_plaza_accessible_approach,250.806564,-160.102158
biryong_plaza_accessible_approach,250.556564,-160.102158
biryong_plaza_accessible_approach,250.306564,-160.102158
biryong_plaza_accessible_approach,250.056564,-160.102158
biryong_plaza_accessible_approach,249.806564,-160.102158
biryong_plaza_accessible_approach,249.556564,-160.102158
biryong_plaza_accessible_approach,249.306564,-160.102158
biryong_plaza_accessible_approach,249.056564,-160.102158
biryong_plaza_accessible_approach,248.806564,-160.102158
biryong_plaza_accessible_approach,248.556564,-160.102158
biryong_plaza_accessible_approach,248.306564,-160.102142
biryong_plaza_accessible_approach,248.056564,-160.102142
biryong_plaza_accessible_approach,247.806564,-160.102142
biryong_plaza_accessible_approach,247.556564,-160.102142
biryong_plaza_accessible_approach,247.306564,-160.102142
biryong_plaza_accessible_approach,247.056564,-160.102142
biryong_plaza_accessible_approach,246.806564,-160.102142
biryong_plaza_accessible_approach,246.556564,-160.102158
biryong_plaza_accessible_approach,246.306564,-160.102158
biryong_plaza_accessible_approach,246.056564,-160.102158
biryong_plaza_accessible_approach,245.806564,-160.102158
biryong_plaza_accessible_approach,245.556564,-160.102158
biryong_plaza_accessible_approach,245.306564,-160.102158
biryong_plaza_accessible_approach,245.056564,-160.102158
biryong_plaza_accessible_approach,245.056564,-156.102158
biryong_plaza_accessible_approach,245.306564,-156.102158
biryong_plaza_accessible_approach,245.556564,-156.102158
biryong_plaza_accessible_approach,245.806564,-156.102158
biryong_plaza_accessible_approach,246.056564,-156.102158
biryong_plaza_accessible_approach,246.306564,-156.102158
biryong_plaza_accessible_approach,246.556564,-156.102158
biryong_plaza_accessible_approach,246.806564,-156.102142
biryong_plaza_accessible_approach,247.056564,-156.102142
biryong_plaza_accessible_approach,247.306564,-156.102142
biryong_plaza_accessible_approach,247.556564,-156.102142
biryong_plaza_accessible_approach,247.806564,-156.102142
biryong_plaza_accessible_approach,248.056564,-156.102142
biryong_plaza_accessible_approach,248.306564,-156.102142
biryong_plaza_accessible_approach,248.556564,-156.102158
biryong_plaza_accessible_approach,248.806564,-156.102158
biryong_plaza_accessible_approach,249.056564,-156.102158
biryong_plaza_accessible_approach,249.306564,-156.102158
biryong_plaza_accessible_approach,249.556564,-156.102158
biryong_plaza_accessible_approach,249.806564,-156.102158
biryong_plaza_accessible_approach,250.056564,-156.102158
biryong_plaza_accessible_approach,250.306564,-156.102158
biryong_plaza_accessible_approach,250.556564,-156.102158
biryong_plaza_accessible_approach,250.806564,-156.102158
biryong_plaza_accessible_approach,251.056564,-156.102158
rear_gate_general_reverse_approach,268.841431,56.08925
rear_gate_general_reverse_approach,269.091431,56.08925
rear_gate_general_reverse_approach,269.341431,56.08924
rear_gate_general_reverse_approach,269.591431,56.0892258
rear_gate_general_reverse_approach,269.841431,56.0892448
rear_gate_general_reverse_approach,270.091431,56.08924
rear_gate_general_reverse_approach,270.341431,56.08924
rear_gate_general_reverse_approach,270.591431,56.0892563
rear_gate_general_reverse_approach,270.841431,56.089222
rear_gate_general_reverse_approach,271.091431,56.0892334
rear_gate_general_reverse_approach,271.341431,56.08925
rear_gate_general_reverse_approach,271.591431,56.0892448
rear_gate_general_reverse_approach,271.841431,56.0892334
rear_gate_general_reverse_approach,272.091431,56.08925
rear_gate_general_reverse_approach,272.341431,56.08925
rear_gate_general_reverse_approach,272.591431,56.0892258
rear_gate_general_reverse_approach,272.841431,56.08924
rear_gate_general_reverse_approach,273.091431,56.08924
rear_gate_general_reverse_approach,273.341431,56.08925
rear_gate_general_reverse_approach,273.591431,56.08922
rear_gate_general_reverse_approach,273.841431,56.08925
rear_gate_general_reverse_approach,274.091431,56.0892334
rear_gate_general_reverse_approach,274.341431,56.0892143
rear_gate_general_reverse_approach,274.591431,56.0892448
rear_gate_general_reverse_approach,274.841431,56.0892334
rear_gate_general_reverse_approach,274.841431,52.4892464
rear_gate_general_reverse_approach,274.591431,52.4892349
rear_gate_general_reverse_approach,274.341461,52.48924
rear_gate_general_reverse_approach,274.091431,52.4892349
rear_gate_general_reverse_approach,273.841431,52.4892349
rear_gate_general_reverse_approach,273.591431,52.48925
rear_gate_general_reverse_approach,273.341431,52.48925
rear_gate_general_reverse_approach,273.091431,52.48924
rear_gate_general_reverse_approach,272.841431,52.4892426
rear_gate_general_reverse_approach,272.591431,52.48922
rear_gate_general_reverse_approach,272.341431,52.4892349
rear_gate_general_reverse_approach,272.091431,52.4892426
rear_gate_general_reverse_approach,271.841461,52.48924
rear_gate_general_reverse_approach,271.591431,52.4892349
rear_gate_general_reverse_approach,271.341431,52.4892464
rear_gate_general_reverse_approach,271.0914,52.48923
rear_gate_general_reverse_approach,270.841431,52.4892273
rear_gate_general_reverse_approach,270.591431,52.4892426
rear_gate_general_reverse_approach,270.341431,52.4892349
rear_gate_general_reverse_approach,270.091431,52.48924
rear_gate_general_reverse_approach,269.841461,52.4892349
rear_gate_general_reverse_approach,269.591431,52.4892349
rear_gate_general_reverse_approach,269.341431,52.4892273
rear_gate_general_reverse_approach,269.091461,52.4892349
rear_gate_general_reverse_approach,268.841431,52.4892578
hitech_accessible_approach,317.992737,40.40751
hitech_accessible_approach,318.098175,40.6342163
hitech_accessible_approach,318.2036,40.8608932
hitech_accessible_approach,318.309052,41.0875778
hitech_accessible_approach,318.414429,41.3142738
hitech_accessible_approach,318.519836,41.5409546
hitech_accessible_approach,318.625244,41.7676468
hitech_accessible_approach,318.730652,41.9943237
hitech_accessible_approach,318.8361,42.2210159
hitech_accessible_approach,318.9415,42.44771
hitech_accessible_approach,319.0469,42.674408
hitech_accessible_approach,319.152344,42.9011
hitech_accessible_approach,319.257751,43.12777
hitech_accessible_approach,319.3632,43.3544731
hitech_accessible_approach,319.468567,43.5811539
hitech_accessible_approach,319.574036,43.80784
hitech_accessible_approach,319.6794,44.03453
hitech_accessible_approach,319.784882,44.2612076
hitech_accessible_approach,319.890228,44.4879036
hitech_accessible_approach,319.9957,44.71458
hitech_accessible_approach,320.101074,44.9412766
hitech_accessible_approach,320.2065,45.16796
hitech_accessible_approach,320.31192,45.3946533
hitech_accessible_approach,320.417328,45.6213455
hitech_accessible_approach,320.522736,45.8480263
hitech_accessible_approach,323.424316,44.49871
hitech_accessible_approach,323.318939,44.27203
hitech_accessible_approach,323.2135,44.0453262
hitech_accessible_approach,323.1081,43.81866
hitech_accessible_approach,323.0027,43.591938
hitech_accessible_approach,322.897278,43.3652458
hitech_accessible_approach,322.79184,43.1385727
hitech_accessible_approach,322.686432,42.9118958
hitech_accessible_approach,322.581,42.6852036
hitech_accessible_approach,322.475616,42.45851
hitech_accessible_approach,322.370178,42.23184
hitech_accessible_approach,322.264771,42.00513
hitech_accessible_approach,322.159363,41.7784653
hitech_accessible_approach,322.053955,41.5517578
hitech_accessible_approach,321.948578,41.3250656
hitech_accessible_approach,321.84314,41.09839
hitech_accessible_approach,321.737732,40.8716965
hitech_accessible_approach,321.632263,40.64501
hitech_accessible_approach,321.526855,40.4183159
hitech_accessible_approach,321.421448,40.1916237
hitech_accessible_approach,321.316071,39.9649429
hitech_accessible_approach,321.2106,39.738266
hitech_accessible_approach,321.1052,39.51155
hitech_accessible_approach,320.9998,39.284874
hitech_accessible_approach,320.894379,39.05821
dorm_2_accessible_approach,558.772034,-297.478577
dorm_2_accessible_approach,558.882568,-297.540771
dorm_2_accessible_approach,558.9929,-297.602844
dorm_2_accessible_approach,559.103455,-297.665
dorm_2_accessible_approach,559.2139,-297.727173
dorm_2_accessible_approach,559.324341,-297.789276
dorm_2_accessible_approach,559.4347,-297.851349
dorm_2_accessible_approach,559.5451,-297.913544
dorm_2_accessible_approach,559.65564,-297.975647
dorm_2_accessible_approach,559.766052,-298.0378
dorm_2_accessible_approach,559.8765,-298.0999
dorm_2_accessible_approach,559.986938,-298.162048
dorm_2_accessible_approach,560.0974,-298.224121
dorm_2_accessible_approach,560.2078,-298.286316
dorm_2_accessible_approach,560.3182,-298.34845
dorm_2_accessible_approach,560.42865,-298.410522
dorm_2_accessible_approach,560.539063,-298.4727
dorm_2_accessible_approach,560.540039,-302.259552
dorm_2_accessible_approach,560.3284,-302.1405
dorm_2_accessible_approach,560.11676,-302.021484
dorm_2_accessible_approach,559.905151,-301.9024
dorm_2_accessible_approach,559.6935,-301.7833
dorm_2_accessible_approach,559.4819,-301.664276
dorm_2_accessible_approach,559.270264,-301.545227
dorm_2_accessible_approach,559.058655,-301.426178
dorm_2_accessible_approach,558.847046,-301.307159
dorm_2_accessible_approach,558.6355,-301.1881
dorm_2_accessible_approach,558.423767,-301.0691
dorm_2_accessible_approach,558.2123,-300.950043
dorm_2_accessible_approach,558.0007,-300.830933
dorm_2_accessible_approach,557.78894,-300.711853
dorm_2_accessible_approach,557.577332,-300.5928
dorm_2_accessible_approach,557.3657,-300.4738
dorm_2_accessible_approach,557.1541,-300.354767
anniversary_60_general_approach,79.5944443,75.38293
anniversary_60_general_approach,79.3741,75.50104
anniversary_60_general_approach,79.1537552,75.61914
anniversary_60_general_approach,78.93341,75.73725
anniversary_60_general_approach,78.7130661,75.85533
anniversary_60_general_approach,78.49273,75.97346
anniversary_60_general_approach,78.2723846,76.09155
anniversary_60_general_approach,78.05205,76.20967
anniversary_60_general_approach,77.8317,76.32776
anniversary_60_general_approach,77.61134,76.44587
anniversary_60_general_approach,77.39101,76.5639648
anniversary_60_general_approach,77.17066,76.68208
anniversary_60_general_approach,76.95032,76.80018
anniversary_60_general_approach,76.72997,76.91828
anniversary_60_general_approach,76.50963,77.0363846
anniversary_60_general_approach,76.28928,77.1544952
anniversary_60_general_approach,76.06894,77.2726
anniversary_60_general_approach,75.8485947,77.3907
anniversary_60_general_approach,75.62825,77.50881
anniversary_60_general_approach,75.40792,77.62691
anniversary_60_general_approach,75.18756,77.74501
anniversary_60_general_approach,74.9672241,77.8631058
anniversary_60_general_approach,74.74687,77.9812241
anniversary_60_general_approach,74.526535,78.0993042
anniversary_60_general_approach,74.30619,78.21742
anniversary_60_general_approach,75.81792,81.0378342
anniversary_60_general_approach,76.03826,80.91971
anniversary_60_general_approach,76.258606,80.80163
anniversary_60_general_approach,76.47895,80.68351
anniversary_60_general_approach,76.699295,80.5654144
anniversary_60_general_approach,76.91965,80.4473
anniversary_60_general_approach,77.1399841,80.32921
anniversary_60_general_approach,77.36033,80.21111
anniversary_60_general_approach,77.58067,80.093
anniversary_60_general_approach,77.801,79.9749
anniversary_60_general_approach,78.02136,79.85678
anniversary_60_general_approach,78.2417,79.7386856
anniversary_60_general_approach,78.46205,79.620575
anniversary_60_general_approach,78.68239,79.50249
anniversary_60_general_approach,78.90274,79.38437
anniversary_60_general_approach,79.12308,79.26627
anniversary_60_general_approach,79.34343,79.14816
anniversary_60_general_approach,79.56377,79.03007
anniversary_60_general_approach,79.7841,78.91195
anniversary_60_general_approach,80.0044556,78.79387
anniversary_60_general_approach,80.22479,78.67575
anniversary_60_general_approach,80.4451447,78.55766
anniversary_60_general_approach,80.66548,78.43954
anniversary_60_general_approach,80.88583,78.32144
anniversary_60_general_approach,81.10618,78.20333
main_gate_accessible_reverse_approach,-11.0205994,-329.547974
main_gate_accessible_reverse_approach,-11.0205841,-329.7979
main_gate_accessible_reverse_approach,-11.0205765,-330.0479
main_gate_accessible_reverse_approach,-11.0205994,-330.297943
main_gate_accessible_reverse_approach,-11.0205994,-330.547943
main_gate_accessible_reverse_approach,-11.020607,-330.7979
main_gate_accessible_reverse_approach,-11.020607,-331.047943
main_gate_accessible_reverse_approach,-11.0205917,-331.297974
main_gate_accessible_reverse_approach,-11.0206146,-331.5479
main_gate_accessible_reverse_approach,-11.0205994,-331.797943
main_gate_accessible_reverse_approach,-11.0205841,-332.0479
main_gate_accessible_reverse_approach,-11.020607,-332.2979
main_gate_accessible_reverse_approach,-11.020607,-332.547974
main_gate_accessible_reverse_approach,-11.0205841,-332.797943
main_gate_accessible_reverse_approach,-11.0205841,-333.0479
main_gate_accessible_reverse_approach,-11.0205841,-333.297974
main_gate_accessible_reverse_approach,-11.0206146,-333.5479
main_gate_accessible_reverse_approach,-11.0205994,-333.797943
main_gate_accessible_reverse_approach,-11.0205994,-334.047943
main_gate_accessible_reverse_approach,-11.0206146,-334.2979
main_gate_accessible_reverse_approach,-11.0206146,-334.547943
main_gate_accessible_reverse_approach,-11.0205994,-334.797974
main_gate_accessible_reverse_approach,-11.0205994,-335.047943
main_gate_accessible_reverse_approach,-11.0205841,-335.2979
main_gate_accessible_reverse_approach,-11.0205841,-335.5479
main_gate_accessible_reverse_approach,-11.0205994,-335.7979
main_gate_accessible_reverse_approach,-11.0205841,-336.047943
main_gate_accessible_reverse_approach,-11.0205688,-336.297974
main_gate_accessible_reverse_approach,-11.0205841,-336.5479
main_gate_accessible_reverse_approach,-11.0205994,-336.797974
main_gate_accessible_reverse_approach,-11.0206146,-337.0479
main_gate_accessible_reverse_approach,-11.0205994,-337.297943
main_gate_accessible_reverse_approach,-11.0205841,-337.5479
main_gate_accessible_reverse_approach,-11.0205994,-337.7979
main_gate_accessible_reverse_approach,-11.0206146,-338.047943
main_gate_accessible_reverse_approach,-11.0205841,-338.297943
main_gate_accessible_reverse_approach,-11.0205994,-338.547943
main_gate_accessible_reverse_approach,-11.0205841,-338.797974
main_gate_accessible_reverse_approach,-11.0205994,-339.0479
main_gate_accessible_reverse_approach,-11.0205994,-339.2979
main_gate_accessible_reverse_approach,-11.0205841,-339.547943
main_gate_accessible_reverse_approach,-14.6205826,-339.547882
main_gate_accessible_reverse_approach,-14.62059,-339.297943
main_gate_accessible_reverse_approach,-14.620575,-339.047943
main_gate_accessible_reverse_approach,-14.620575,-338.797882
main_gate_accessible_reverse_approach,-14.6205826,-338.5479
main_gate_accessible_reverse_approach,-14.62059,-338.2979
main_gate_accessible_reverse_approach,-14.6206207,-338.047974
main_gate_accessible_reverse_approach,-14.62059,-337.797943
main_gate_accessible_reverse_approach,-14.6206055,-337.5479
main_gate_accessible_reverse_approach,-14.6206131,-337.297943
main_gate_accessible_reverse_approach,-14.6206055,-337.047943
main_gate_accessible_reverse_approach,-14.6206207,-336.7979
main_gate_accessible_reverse_approach,-14.6206207,-336.5479
main_gate_accessible_reverse_approach,-14.6205673,-336.297943
main_gate_accessible_reverse_approach,-14.6205826,-336.0479
main_gate_accessible_reverse_approach,-14.62059,-335.797943
main_gate_accessible_reverse_approach,-14.620575,-335.547943
main_gate_accessible_reverse_approach,-14.620575,-335.297882
main_gate_accessible_reverse_approach,-14.6205826,-335.0479
main_gate_accessible_reverse_approach,-14.6206055,-334.797943
main_gate_accessible_reverse_approach,-14.6206207,-334.547974
main_gate_accessible_reverse_approach,-14.62059,-334.297943
main_gate_accessible_reverse_approach,-14.6205978,-334.0479
main_gate_accessible_reverse_approach,-14.6205978,-333.7979
main_gate_accessible_reverse_approach,-14.6206131,-333.547974
main_gate_accessible_reverse_approach,-14.6206207,-333.2979
main_gate_accessible_reverse_approach,-14.620575,-333.0479
main_gate_accessible_reverse_approach,-14.6205673,-332.797943
main_gate_accessible_reverse_approach,-14.6205826,-332.5479
main_gate_accessible_reverse_approach,-14.62059,-332.297943
main_gate_accessible_reverse_approach,-14.620575,-332.047943
main_gate_accessible_reverse_approach,-14.620575,-331.797882
main_gate_accessible_reverse_approach,-14.6205978,-331.5479
main_gate_accessible_reverse_approach,-14.6206055,-331.297974
main_gate_accessible_reverse_approach,-14.6206131,-331.0479
main_gate_accessible_reverse_approach,-14.62059,-330.797943
main_gate_accessible_reverse_approach,-14.6206055,-330.5479
main_gate_accessible_reverse_approach,-14.6206131,-330.297943
main_gate_accessible_reverse_approach,-14.62059,-330.047943
main_gate_accessible_reverse_approach,-14.62059,-329.7979
main_gate_accessible_reverse_approach,-14.62056,-329.5479
