candidate_segment_id,source_sha256,source_way_osm_id,from_osm_node_id,to_osm_node_id,source_node_index_start,source_node_index_end,highway_tag,oneway_tag,access_tag,vehicle_tag,motor_vehicle_tag,motorcar_tag,bridge_tag,tunnel_tag,layer_tag,surface_tag,width_tag,maxspeed_tag,incline_tag,geometry_wgs84_json,verification_status,routable,review_decision,observed_vehicle_access,observed_direction,measured_width_m,measured_grade_percent,surface_condition,intersection_checked,evidence_type,evidence_reference,reviewer,reviewed_on,notes
osm-way-37400830-segment-000-014,8eb03c576a7a924e3cb4ab263fba25245431d8d25881c86ee12e7b781b265a61,37400830,436836603,2425231803,0,14,tertiary,,,,,,,,,,,,,"[[126.6482129,37.4518976],[126.6470807,37.4521467],[126.6468494,37.4521927],[126.6464594,37.4523095],[126.6455335,37.4525936],[126.6447431,37.4528402],[126.644081,37.4531383],[126.6436303,37.4533184],[126.6426182,37.4537923],[126.6412114,37.4544248],[126.64006,37.45498],[126.6390019,37.4554691],[126.6379615,37.45595],[126.6371769,37.4562951],[126.6356428,37.4569698]]",UNVERIFIED,false,,,,,,,,,,,,
osm-way-71395177-segment-000-026,8eb03c576a7a924e3cb4ab263fba25245431d8d25881c86ee12e7b781b265a61,71395177,436790186,2429042702,0,26,secondary,no,,,,,,,,asphalt,,,,"[[126.6749808,37.4395094],[126.6738829,37.4395807],[126.6722682,37.4396855],[126.6715047,37.4397907],[126.6714793,37.4397923],[126.6708874,37.4398288],[126.6707789,37.4398355],[126.6695568,37.4399109],[126.6683284,37.4399868],[126.6671876,37.4400572],[126.6666282,37.4400917],[126.6657306,37.4401434],[126.6653425,37.4401658],[126.6650161,37.4401846],[126.6648108,37.4401964],[126.6644935,37.4402147],[126.6642647,37.4402393],[126.6642458,37.4402418],[126.6641263,37.4402579],[126.6639289,37.4402959],[126.6637784,37.4403463],[126.6637001,37.4403726],[126.663233,37.4405482],[126.6624964,37.4408059],[126.6618569,37.4410725],[126.6600162,37.4417818],[126.6571344,37.4429537]]",UNVERIFIED,false,,,,,,,,,,,,
osm-way-71395177-segment-026-027,8eb03c576a7a924e3cb4ab263fba25245431d8d25881c86ee12e7b781b265a61,71395177,2429042702,4703015310,26,27,secondary,no,,,,,,,,asphalt,,,,"[[126.6571344,37.4429537],[126.65511,37.4437652]]",UNVERIFIED,false,,,,,,,,,,,,
osm-way-71395177-segment-027-028,8eb03c576a7a924e3cb4ab263fba25245431d8d25881c86ee12e7b781b265a61,71395177,4703015310,12866720413,27,28,secondary,no,,,,,,,,asphalt,,,,"[[126.65511,37.4437652],[126.6532052,37.4445424]]",UNVERIFIED,false,,,,,,,,,,,,
osm-way-71395177-segment-028-031,8eb03c576a7a924e3cb4ab263fba25245431d8d25881c86ee12e7b781b265a61,71395177,12866720413,11257934910,28,31,secondary,no,,,,,,,,asphalt,,,,"[[126.6532052,37.4445424],[126.6516253,37.4451871],[126.6513708,37.4452705],[126.6512803,37.4452986]]",UNVERIFIED,false,,,,,,,,,,,,
osm-way-71395177-segment-031-032,8eb03c576a7a924e3cb4ab263fba25245431d8d25881c86ee12e7b781b265a61,71395177,11257934910,436830039,31,32,secondary,no,,,,,,,,asphalt,,,,"[[126.6512803,37.4452986],[126.6511351,37.4453438]]",UNVERIFIED,false,,,,,,,,,,,,
osm-way-71395177-segment-032-035,8eb03c576a7a924e3cb4ab263fba25245431d8d25881c86ee12e7b781b265a61,71395177,436830039,436830040,32,35,secondary,no,,,,,,,,asphalt,,,,"[[126.6511351,37.4453438],[126.6509646,37.4453824],[126.6507206,37.4454153],[126.6504795,37.4454029]]",UNVERIFIED,false,,,,,,,,,,,,
osm-way-71395177-segment-035-038,8eb03c576a7a924e3cb4ab263fba25245431d8d25881c86ee12e7b781b265a61,71395177,436830040,11257934902,35,38,secondary,no,,,,,,,,asphalt,,,,"[[126.6504795,37.4454029],[126.6502649,37.4453873],[126.6500351,37.4453504],[126.6498151,37.4452981]]",UNVERIFIED,false,,,,,,,,,,,,
osm-way-71395177-segment-038-039,8eb03c576a7a924e3cb4ab263fba25245431d8d25881c86ee12e7b781b265a61,71395177,11257934902,14067346834,38,39,secondary,no,,,,,,,,asphalt,,,,"[[126.6498151,37.4452981],[126.6488257,37.4450627]]",UNVERIFIED,false,,,,,,,,,,,,
osm-way-71395177-segment-039-040,8eb03c576a7a924e3cb4ab263fba25245431d8d25881c86ee12e7b781b265a61,71395177,14067346834,8841043778,39,40,secondary,no,,,,,,,,asphalt,,,,"[[126.6488257,37.4450627],[126.648445,37.4449722]]",UNVERIFIED,false,,,,,,,,,,,,
osm-way-165484707-segment-000-003,8eb03c576a7a924e3cb4ab263fba25245431d8d25881c86ee12e7b781b265a61,165484707,1770237413,4958020927,0,3,tertiary,no,,,,,,,,,,,,"[[126.656548,37.4460547],[126.6565064,37.4459894],[126.6564848,37.4459554],[126.6562796,37.4456335]]",UNVERIFIED,false,,,,,,,,,,,,
osm-way-165484707-segment-003-006,8eb03c576a7a924e3cb4ab263fba25245431d8d25881c86ee12e7b781b265a61,165484707,4958020927,4703015310,3,6,tertiary,no,,,,,,,,,,,,"[[126.6562796,37.4456335],[126.6558782,37.4450036],[126.6553625,37.4441943],[126.65511,37.4437652]]",UNVERIFIED,false,,,,,,,,,,,,
osm-way-216916382-segment-000-001,8eb03c576a7a924e3cb4ab263fba25245431d8d25881c86ee12e7b781b265a61,216916382,2262335941,4741759513,0,1,service,,,,,,,,,,,,,"[[126.6573682,37.4504694],[126.6568015,37.4507178]]",UNVERIFIED,false,,,,,,,,,,,,
osm-way-216916382-segment-001-004,8eb03c576a7a924e3cb4ab263fba25245431d8d25881c86ee12e7b781b265a61,216916382,4741759513,4741759450,1,4,service,,,,,,,,,,,,,"[[126.6568015,37.4507178],[126.6566735,37.4507791],[126.6567214,37.450971],[126.6564949,37.4510135]]",UNVERIFIED,false,,,,,,,,,,,,
osm-way-216916382-segment-004-005,8eb03c576a7a924e3cb4ab263fba25245431d8d25881c86ee12e7b781b265a61,216916382,4741759450,2262335939,4,5,service,,,,,,,,,,,,,"[[126.6564949,37.4510135],[126.656379,37.4510352]]",UNVERIFIED,false,,,,,,,,,,,,
osm-way-216916383-segment-000-002,8eb03c576a7a924e3cb4ab263fba25245431d8d25881c86ee12e7b781b265a61,216916383,436868707,2262335939,0,2,service,,,,,,,,,,,,,"[[126.6564766,37.4512632],[126.6564271,37.4511471],[126.656379,37.4510352]]",UNVERIFIED,false,,,,,,,,,,,,
osm-way-216916383-segment-002-004,8eb03c576a7a924e3cb4ab263fba25245431d8d25881c86ee12e7b781b265a61,216916383,2262335939,2262335940,2,4,service,,,,,,,,,,,,,"[[126.656379,37.4510352],[126.6559488,37.4511371],[126.6549418,37.4513755]]",UNVERIFIED,false,,,,,,,,,,,,
osm-way-216916383-segment-004-005,8eb03c576a7a924e3cb4ab263fba25245431d8d25881c86ee12e7b781b265a61,216916383,2262335940,2262335931,4,5,service,,,,,,,,,,,,,"[[126.6549418,37.4513755],[126.6544702,37.4514903]]",UNVERIFIED,false,,,,,,,,,,,,
osm-way-216916384-segment-000-001,8eb03c576a7a924e3cb4ab263fba25245431d8d25881c86ee12e7b781b265a61,216916384,2262335935,4741759453,0,1,service,,,,,,,,,,,,,"[[126.6554559,37.4496873],[126.65544,37.4496945]]",UNVERIFIED,false,,,,,,,,,,,,
osm-way-216916384-segment-001-002,8eb03c576a7a924e3cb4ab263fba25245431d8d25881c86ee12e7b781b265a61,216916384,4741759453,4741759509,1,2,service,,,,,,,,,,,,,"[[126.65544,37.4496945],[126.6548005,37.4499825]]",UNVERIFIED,false,,,,,,,,,,,,
osm-way-216916384-segment-002-003,8eb03c576a7a924e3cb4ab263fba25245431d8d25881c86ee12e7b781b265a61,216916384,4741759509,2262335936,2,3,service,,,,,,,,,,,,,"[[126.6548005,37.4499825],[126.6541191,37.4502665]]",UNVERIFIED,false,,,,,,,,,,,,
osm-way-216916384-segment-003-005,8eb03c576a7a924e3cb4ab263fba25245431d8d25881c86ee12e7b781b265a61,216916384,2262335936,4741759458,3,5,service,,,,,,,,,,,,,"[[126.6541191,37.4502665],[126.654378,37.4506113],[126.654571,37.4508684]]",UNVERIFIED,false,,,,,,,,,,,,
osm-way-216916384-segment-005-006,8eb03c576a7a924e3cb4ab263fba25245431d8d25881c86ee12e7b781b265a61,216916384,4741759458,2262335940,5,6,service,,,,,,,,,,,,,"[[126.654571,37.4508684],[126.6549418,37.4513755]]",UNVERIFIED,false,,,,,,,,,,,,
osm-way-216916385-segment-000-001,8eb03c576a7a924e3cb4ab263fba25245431d8d25881c86ee12e7b781b265a61,216916385,2262335935,2262335939,0,1,service,,,,,,,,,,,,,"[[126.6554559,37.4496873],[126.656379,37.4510352]]",UNVERIFIED,false,,,,,,,,,,,,
osm-way-231774838-segment-000-024,8eb03c576a7a924e3cb4ab263fba25245431d8d25881c86ee12e7b781b265a61,231774838,2429042941,2855690575,0,24,residential,,,,,,,,,,,,,"[[126.6721606,37.4616964],[126.6709331,37.4599507],[126.670564,37.4594257],[126.6703369,37.4591192],[126.6702244,37.4589782],[126.6695277,37.4581053],[126.6694912,37.458073],[126.6688735,37.4575264],[126.6685643,37.4572529],[126.6685377,37.4572326],[126.6680222,37.456839],[126.6674836,37.4564854],[126.6674136,37.4564431],[126.6669622,37.4561702],[126.6662647,37.4558166],[126.6661846,37.4557841],[126.6656155,37.4555535],[126.6648835,37.4552711],[126.6639133,37.4549833],[126.6638046,37.4549566],[126.662363,37.4546031],[126.6612756,37.4543364],[126.6608808,37.4542396],[126.6595875,37.4539224],[126.6586179,37.4536846]]",UNVERIFIED,false,,,,,,,,,,,,
osm-way-231774839-segment-000-002,8eb03c576a7a924e3cb4ab263fba25245431d8d25881c86ee12e7b781b265a61,231774839,2855690581,2401071758,0,2,residential,yes,,,,,,,,,,,,"[[126.6590377,37.4533232],[126.6589604,37.4533053],[126.6577903,37.4530348]]",UNVERIFIED,false,,,,,,,,,,,,
osm-way-231774839-segment-002-003,8eb03c576a7a924e3cb4ab263fba25245431d8d25881c86ee12e7b781b265a61,231774839,2401071758,2429042810,2,3,residential,yes,,,,,,,,,,,,"[[126.6577903,37.4530348],[126.656357,37.4526691]]",UNVERIFIED,false,,,,,,,,,,,,
osm-way-231774839-segment-003-005,8eb03c576a7a924e3cb4ab263fba25245431d8d25881c86ee12e7b781b265a61,231774839,2429042810,2445317859,3,5,residential,yes,,,,,,,,,,,,"[[126.656357,37.4526691],[126.6559249,37.4525584],[126.655,37.4523214]]",UNVERIFIED,false,,,,,,,,,,,,
osm-way-231774839-segment-005-007,8eb03c576a7a924e3cb4ab263fba25245431d8d25881c86ee12e7b781b265a61,231774839,2445317859,2401071760,5,7,residential,yes,,,,,,,,,,,,"[[126.655,37.4523214],[126.6544168,37.452172],[126.6537646,37.4520049]]",UNVERIFIED,false,,,,,,,,,,,,
osm-way-231774841-segment-000-002,8eb03c576a7a924e3cb4ab263fba25245431d8d25881c86ee12e7b781b265a61,231774841,2401071757,2401071756,0,2,service,,,,,,,,,,,,,"[[126.6563589,37.4525422],[126.6571024,37.4523462],[126.657465,37.4522506]]",UNVERIFIED,false,,,,,,,,,,,,
osm-way-231774843-segment-000-001,8eb03c576a7a924e3cb4ab263fba25245431d8d25881c86ee12e7b781b265a61,231774843,2401071761,10058120920,0,1,residential,,,,,,,,,,,,,"[[126.6558634,37.4514268],[126.6559989,37.4517294]]",UNVERIFIED,false,,,,,,,,,,,,
osm-way-231774843-segment-001-002,8eb03c576a7a924e3cb4ab263fba25245431d8d25881c86ee12e7b781b265a61,231774843,10058120920,4309918709,1,2,residential,,,,,,,,,,,,,"[[126.6559989,37.4517294],[126.6561261,37.4520136]]",UNVERIFIED,false,,,,,,,,,,,,
osm-way-231774843-segment-002-003,8eb03c576a7a924e3cb4ab263fba25245431d8d25881c86ee12e7b781b265a61,231774843,4309918709,2401071757,2,3,residential,,,,,,,,,,,,,"[[126.6561261,37.4520136],[126.6563589,37.4525422]]",UNVERIFIED,false,,,,,,,,,,,,
osm-way-231774843-segment-003-004,8eb03c576a7a924e3cb4ab263fba25245431d8d25881c86ee12e7b781b265a61,231774843,2401071757,2429042810,3,4,residential,,,,,,,,,,,,,"[[126.6563589,37.4525422],[126.656357,37.4526691]]",UNVERIFIED,false,,,,,,,,,,,,
osm-way-231774843-segment-004-005,8eb03c576a7a924e3cb4ab263fba25245431d8d25881c86ee12e7b781b265a61,231774843,2429042810,2401071762,4,5,residential,,,,,,,,,,,,,"[[126.656357,37.4526691],[126.6562076,37.4530877]]",UNVERIFIED,false,,,,,,,,,,,,
osm-way-234766657-segment-000-015,8eb03c576a7a924e3cb4ab263fba25245431d8d25881c86ee12e7b781b265a61,234766657,436222348,436222363,0,15,trunk,yes,,,,,,,,,,70,,"[[126.6718448,37.4617762],[126.6700395,37.4591678],[126.6691841,37.4581914],[126.6685027,37.4575428],[126.6674821,37.4567795],[126.6666562,37.4562925],[126.6655648,37.4557914],[126.6642433,37.4553348],[126.6601466,37.4543208],[126.653597,37.4526996],[126.6525714,37.4524942],[126.6518604,37.4523767],[126.6511698,37.4522919],[126.6503335,37.4522233],[126.6494416,37.4522102],[126.6484389,37.4522211]]",UNVERIFIED,false,,,,,,,,,,,,
osm-way-234766658-segment-000-007,8eb03c576a7a924e3cb4ab263fba25245431d8d25881c86ee12e7b781b265a61,234766658,436222330,6231555715,0,7,trunk,yes,,,,,,,,,,70,,"[[126.6484831,37.4520878],[126.6494424,37.4520629],[126.6503426,37.4520651],[126.6512275,37.4521617],[126.6519015,37.452269],[126.6526125,37.4523865],[126.6536153,37.4525904],[126.658646,37.4538366]]",UNVERIFIED,false,,,,,,,,,,,,
osm-way-234766658-segment-007-016,8eb03c576a7a924e3cb4ab263fba25245431d8d25881c86ee12e7b781b265a61,234766658,6231555715,2429042939,7,16,trunk,yes,,,,,,,,,,70,,"[[126.658646,37.4538366],[126.6642492,37.4552247],[126.6656592,37.4556977],[126.6667299,37.4561941],[126.6675892,37.4567158],[126.6680853,37.4570496],[126.668616,37.457471],[126.6693203,37.4581451],[126.6701618,37.4591259],[126.671946,37.461696]]",UNVERIFIED,false,,,,,,,,,,,,
osm-way-234766669-segment-000-001,8eb03c576a7a924e3cb4ab263fba25245431d8d25881c86ee12e7b781b265a61,234766669,436222363,436222364,0,1,trunk,yes,,,,,viaduct,,1,,,70,,"[[126.6484389,37.4522211],[126.6478256,37.452278]]",UNVERIFIED,false,,,,,,,,,,,,
osm-way-234766670-segment-000-001,8eb03c576a7a924e3cb4ab263fba25245431d8d25881c86ee12e7b781b265a61,234766670,436222329,436222330,0,1,trunk,yes,,,,,viaduct,,1,,,70,,"[[126.6478939,37.4521569],[126.6484831,37.4520878]]",UNVERIFIED,false,,,,,,,,,,,,
osm-way-234766709-segment-000-019,8eb03c576a7a924e3cb4ab263fba25245431d8d25881c86ee12e7b781b265a61,234766709,2429042945,2855690586,0,19,residential,,,,,,,,,,,,,"[[126.6717702,37.4619871],[126.6703764,37.4598731],[126.6703654,37.4598601],[126.669764,37.459152],[126.668486,37.4578018],[126.668346,37.4575749],[126.6677659,37.4571446],[126.6672969,37.4568442],[126.6667301,37.4564812],[126.6660236,37.4561268],[126.6657356,37.4559824],[126.6646911,37.4556028],[126.6646381,37.4555877],[126.6634182,37.4552405],[126.6633451,37.4552225],[126.6618504,37.4548539],[126.6606636,37.454539],[126.660435,37.4544857],[126.6602751,37.4544388],[126.6582446,37.4539649]]",UNVERIFIED,false,,,,,,,,,,,,
osm-way-234766709-segment-019-020,8eb03c576a7a924e3cb4ab263fba25245431d8d25881c86ee12e7b781b265a61,234766709,2855690586,2876922894,19,20,residential,,,,,,,,,,,,,"[[126.6582446,37.4539649],[126.6579119,37.4538829]]",UNVERIFIED,false,,,,,,,,,,,,
osm-way-234766709-segment-020-022,8eb03c576a7a924e3cb4ab263fba25245431d8d25881c86ee12e7b781b265a61,234766709,2876922894,2856212864,20,22,residential,,,,,,,,,,,,,"[[126.6579119,37.4538829],[126.6573752,37.4537506],[126.6567763,37.4536029]]",UNVERIFIED,false,,,,,,,,,,,,
osm-way-234766709-segment-022-023,8eb03c576a7a924e3cb4ab263fba25245431d8d25881c86ee12e7b781b265a61,234766709,2856212864,2856199554,22,23,residential,,,,,,,,,,,,,"[[126.6567763,37.4536029],[126.6556916,37.4533355]]",UNVERIFIED,false,,,,,,,,,,,,
osm-way-234766709-segment-023-024,8eb03c576a7a924e3cb4ab263fba25245431d8d25881c86ee12e7b781b265a61,234766709,2856199554,2856210695,23,24,residential,,,,,,,,,,,,,"[[126.6556916,37.4533355],[126.6551771,37.4532086]]",UNVERIFIED,false,,,,,,,,,,,,
osm-way-234766709-segment-024-026,8eb03c576a7a924e3cb4ab263fba25245431d8d25881c86ee12e7b781b265a61,234766709,2856210695,2856199591,24,26,residential,,,,,,,,,,,,,"[[126.6551771,37.4532086],[126.6535444,37.4528061],[126.6526903,37.4526442]]",UNVERIFIED,false,,,,,,,,,,,,
osm-way-234766709-segment-026-028,8eb03c576a7a924e3cb4ab263fba25245431d8d25881c86ee12e7b781b265a61,234766709,2856199591,2856218070,26,28,residential,,,,,,,,,,,,,"[[126.6526903,37.4526442],[126.6523066,37.4525715],[126.6521661,37.4525501]]",UNVERIFIED,false,,,,,,,,,,,,
osm-way-234766709-segment-028-031,8eb03c576a7a924e3cb4ab263fba25245431d8d25881c86ee12e7b781b265a61,234766709,2856218070,2881072448,28,31,residential,,,,,,,,,,,,,"[[126.6521661,37.4525501],[126.6514398,37.4524397],[126.6503509,37.4523428],[126.6502727,37.4523408]]",UNVERIFIED,false,,,,,,,,,,,,
osm-way-234766709-segment-031-033,8eb03c576a7a924e3cb4ab263fba25245431d8d25881c86ee12e7b781b265a61,234766709,2881072448,2881072422,31,33,residential,,,,,,,,,,,,,"[[126.6502727,37.4523408],[126.6494426,37.4523196],[126.6493821,37.4523213]]",UNVERIFIED,false,,,,,,,,,,,,
osm-way-234766709-segment-033-035,8eb03c576a7a924e3cb4ab263fba25245431d8d25881c86ee12e7b781b265a61,234766709,2881072422,2881072435,33,35,residential,,,,,,,,,,,,,"[[126.6493821,37.4523213],[126.6486759,37.4523409],[126.6483647,37.4523447]]",UNVERIFIED,false,,,,,,,,,,,,
osm-way-234766709-segment-035-036,8eb03c576a7a924e3cb4ab263fba25245431d8d25881c86ee12e7b781b265a61,234766709,2881072435,2881072426,35,36,residential,,,,,,,,,,,,,"[[126.6483647,37.4523447],[126.6480814,37.4524009]]",UNVERIFIED,false,,,,,,,,,,,,
osm-way-234766709-segment-036-037,8eb03c576a7a924e3cb4ab263fba25245431d8d25881c86ee12e7b781b265a61,234766709,2881072426,2429042803,36,37,residential,,,,,,,,,,,,,"[[126.6480814,37.4524009],[126.6479481,37.4524035]]",UNVERIFIED,false,,,,,,,,,,,,
osm-way-234766713-segment-000-004,8eb03c576a7a924e3cb4ab263fba25245431d8d25881c86ee12e7b781b265a61,234766713,2429042772,2429042702,0,4,residential,,,,,,,,,,,,,"[[126.6586002,37.4452329],[126.6585607,37.4451687],[126.6582281,37.4446289],[126.6580805,37.4443893],[126.6571344,37.4429537]]",UNVERIFIED,false,,,,,,,,,,,,
osm-way-236508980-segment-000-004,8eb03c576a7a924e3cb4ab263fba25245431d8d25881c86ee12e7b781b265a61,236508980,2445317858,4309918709,0,4,service,,,,,,,,,,,,,"[[126.6572336,37.4517335],[126.6568874,37.451821],[126.6567534,37.4518549],[126.6567077,37.4518665],[126.6561261,37.4520136]]",UNVERIFIED,false,,,,,,,,,,,,
osm-way-236508980-segment-004-006,8eb03c576a7a924e3cb4ab263fba25245431d8d25881c86ee12e7b781b265a61,236508980,4309918709,10069027266,4,6,service,,,,,,,,,,,,,"[[126.6561261,37.4520136],[126.6558514,37.4520887],[126.6554109,37.4522091]]",UNVERIFIED,false,,,,,,,,,,,,
osm-way-236508980-segment-006-008,8eb03c576a7a924e3cb4ab263fba25245431d8d25881c86ee12e7b781b265a61,236508980,10069027266,2445317859,6,8,service,,,,,,,,,,,,,"[[126.6554109,37.4522091],[126.6551849,37.4522709],[126.655,37.4523214]]",UNVERIFIED,false,,,,,,,,,,,,
osm-way-258995842-segment-000-002,8eb03c576a7a924e3cb4ab263fba25245431d8d25881c86ee12e7b781b265a61,258995842,2643032904,4741759440,0,2,service,,,,,,,,,,,,,"[[126.6533746,37.4479326],[126.6535087,37.4478766],[126.6538798,37.4484186]]",UNVERIFIED,false,,,,,,,,,,,,
osm-way-258995842-segment-002-003,8eb03c576a7a924e3cb4ab263fba25245431d8d25881c86ee12e7b781b265a61,258995842,4741759440,2643032907,2,3,service,,,,,,,,,,,,,"[[126.6538798,37.4484186],[126.6542786,37.4490012]]",UNVERIFIED,false,,,,,,,,,,,,
osm-way-281585931-segment-000-008,8eb03c576a7a924e3cb4ab263fba25245431d8d25881c86ee12e7b781b265a61,281585931,2855690584,2855690586,0,8,residential,,,,,,,,,,,,,"[[126.6561731,37.455796],[126.6569487,37.455108],[126.6569823,37.4550812],[126.6575467,37.4546307],[126.6576764,37.4545271],[126.6577876,37.4544383],[126.6579139,37.4543375],[126.6580399,37.4542054],[126.6582446,37.4539649]]",UNVERIFIED,false,,,,,,,,,,,,
osm-way-281585931-segment-008-009,8eb03c576a7a924e3cb4ab263fba25245431d8d25881c86ee12e7b781b265a61,281585931,2855690586,2855690576,8,9,residential,,,,,,,,,,,,,"[[126.6582446,37.4539649],[126.6582773,37.4539404]]",UNVERIFIED,false,,,,,,,,,,,,
osm-way-281585933-segment-000-001,8eb03c576a7a924e3cb4ab263fba25245431d8d25881c86ee12e7b781b265a61,281585933,2855690576,2855690589,0,1,unclassified,,,,,,,yes,'-1,,,,,"[[126.6582773,37.4539404],[126.6585805,37.4537127]]",UNVERIFIED,false,,,,,,,,,,,,
osm-way-281585936-segment-000-001,8eb03c576a7a924e3cb4ab263fba25245431d8d25881c86ee12e7b781b265a61,281585936,2855690575,2855690581,0,1,service,,,,,,,,,,,,,"[[126.6586179,37.4536846],[126.6590377,37.4533232]]",UNVERIFIED,false,,,,,,,,,,,,
osm-way-281585936-segment-001-002,8eb03c576a7a924e3cb4ab263fba25245431d8d25881c86ee12e7b781b265a61,281585936,2855690581,2855690591,1,2,service,,,,,,,,,,,,,"[[126.6590377,37.4533232],[126.6605832,37.4519929]]",UNVERIFIED,false,,,,,,,,,,,,
osm-way-281588709-segment-000-001,8eb03c576a7a924e3cb4ab263fba25245431d8d25881c86ee12e7b781b265a61,281588709,2877961307,2855717085,0,1,service,,,,,,,,,,,,,"[[126.6585997,37.4513649],[126.6601431,37.4509484]]",UNVERIFIED,false,,,,,,,,,,,,
osm-way-281589090-segment-000-002,8eb03c576a7a924e3cb4ab263fba25245431d8d25881c86ee12e7b781b265a61,281589090,2401071755,2445317858,0,2,residential,,,,,,,,,,,,,"[[126.6569674,37.4511411],[126.6570936,37.451422],[126.6572336,37.4517335]]",UNVERIFIED,false,,,,,,,,,,,,
osm-way-281589090-segment-002-003,8eb03c576a7a924e3cb4ab263fba25245431d8d25881c86ee12e7b781b265a61,281589090,2445317858,2401071756,2,3,residential,,,,,,,,,,,,,"[[126.6572336,37.4517335],[126.657465,37.4522506]]",UNVERIFIED,false,,,,,,,,,,,,
osm-way-281589090-segment-003-004,8eb03c576a7a924e3cb4ab263fba25245431d8d25881c86ee12e7b781b265a61,281589090,2401071756,2401071758,3,4,residential,,,,,,,,,,,,,"[[126.657465,37.4522506],[126.6577903,37.4530348]]",UNVERIFIED,false,,,,,,,,,,,,
osm-way-281589090-segment-004-005,8eb03c576a7a924e3cb4ab263fba25245431d8d25881c86ee12e7b781b265a61,281589090,2401071758,2401071763,4,5,residential,,,,,,,,,,,,,"[[126.6577903,37.4530348],[126.6576398,37.4534447]]",UNVERIFIED,false,,,,,,,,,,,,
osm-way-281621314-segment-000-003,8eb03c576a7a924e3cb4ab263fba25245431d8d25881c86ee12e7b781b265a61,281621314,2856079397,2877968880,0,3,secondary,no,,,,,,,,asphalt,,,,"[[126.6606375,37.4443909],[126.6604786,37.4444566],[126.6603717,37.4445008],[126.6589536,37.4450868]]",UNVERIFIED,false,,,,,,,,,,,,
osm-way-281621314-segment-003-004,8eb03c576a7a924e3cb4ab263fba25245431d8d25881c86ee12e7b781b265a61,281621314,2877968880,2429042772,3,4,secondary,no,,,,,,,,asphalt,,,,"[[126.6589536,37.4450868],[126.6586002,37.4452329]]",UNVERIFIED,false,,,,,,,,,,,,
osm-way-281621314-segment-004-006,8eb03c576a7a924e3cb4ab263fba25245431d8d25881c86ee12e7b781b265a61,281621314,2429042772,2877970943,4,6,secondary,no,,,,,,,,asphalt,,,,"[[126.6586002,37.4452329],[126.6583178,37.445346],[126.6574972,37.4456746]]",UNVERIFIED,false,,,,,,,,,,,,
osm-way-281621314-segment-006-007,8eb03c576a7a924e3cb4ab263fba25245431d8d25881c86ee12e7b781b265a61,281621314,2877970943,4958020925,6,7,secondary,no,,,,,,,,asphalt,,,,"[[126.6574972,37.4456746],[126.657317,37.4457468]]",UNVERIFIED,false,,,,,,,,,,,,
osm-way-281621314-segment-007-011,8eb03c576a7a924e3cb4ab263fba25245431d8d25881c86ee12e7b781b265a61,281621314,4958020925,1770237413,7,11,secondary,no,,,,,,,,asphalt,,,,"[[126.657317,37.4457468],[126.6571841,37.4458],[126.656832,37.445941],[126.6566257,37.4460236],[126.656548,37.4460547]]",UNVERIFIED,false,,,,,,,,,,,,
osm-way-281621314-segment-011-012,8eb03c576a7a924e3cb4ab263fba25245431d8d25881c86ee12e7b781b265a61,281621314,1770237413,4741759657,11,12,secondary,no,,,,,,,,asphalt,,,,"[[126.656548,37.4460547],[126.6563369,37.4461392]]",UNVERIFIED,false,,,,,,,,,,,,
osm-way-281621314-segment-012-013,8eb03c576a7a924e3cb4ab263fba25245431d8d25881c86ee12e7b781b265a61,281621314,4741759657,12866720417,12,13,secondary,no,,,,,,,,asphalt,,,,"[[126.6563369,37.4461392],[126.6546057,37.4467792]]",UNVERIFIED,false,,,,,,,,,,,,
osm-way-281621314-segment-013-014,8eb03c576a7a924e3cb4ab263fba25245431d8d25881c86ee12e7b781b265a61,281621314,12866720417,10058049431,13,14,secondary,no,,,,,,,,asphalt,,,,"[[126.6546057,37.4467792],[126.6544119,37.4468509]]",UNVERIFIED,false,,,,,,,,,,,,
osm-way-281621314-segment-014-015,8eb03c576a7a924e3cb4ab263fba25245431d8d25881c86ee12e7b781b265a61,281621314,10058049431,2643032901,14,15,secondary,no,,,,,,,,asphalt,,,,"[[126.6544119,37.4468509],[126.6532344,37.4473242]]",UNVERIFIED,false,,,,,,,,,,,,
osm-way-281621314-segment-015-016,8eb03c576a7a924e3cb4ab263fba25245431d8d25881c86ee12e7b781b265a61,281621314,2643032901,4741759497,15,16,secondary,no,,,,,,,,asphalt,,,,"[[126.6532344,37.4473242],[126.6527163,37.4475486]]",UNVERIFIED,false,,,,,,,,,,,,
osm-way-281621314-segment-016-017,8eb03c576a7a924e3cb4ab263fba25245431d8d25881c86ee12e7b781b265a61,281621314,4741759497,11257934923,16,17,secondary,no,,,,,,,,asphalt,,,,"[[126.6527163,37.4475486],[126.6505577,37.4483995]]",UNVERIFIED,false,,,,,,,,,,,,
osm-way-281621314-segment-017-019,8eb03c576a7a924e3cb4ab263fba25245431d8d25881c86ee12e7b781b265a61,281621314,11257934923,436836503,17,19,secondary,no,,,,,,,,asphalt,,,,"[[126.6505577,37.4483995],[126.6501311,37.4485677],[126.6498752,37.4485853]]",UNVERIFIED,false,,,,,,,,,,,,
osm-way-281635648-segment-000-004,8eb03c576a7a924e3cb4ab263fba25245431d8d25881c86ee12e7b781b265a61,281635648,2856210690,2856210688,0,4,service,,,,,,,,,,,,,"[[126.6547975,37.4548057],[126.6550468,37.4546796],[126.6552213,37.4546098],[126.6557845,37.4543415],[126.655873,37.4539923]]",UNVERIFIED,false,,,,,,,,,,,,
osm-way-281635652-segment-000-003,8eb03c576a7a924e3cb4ab263fba25245431d8d25881c86ee12e7b781b265a61,281635652,2856212908,2856210695,0,3,service,,,,,,,,,,,,,"[[126.6545444,37.4534584],[126.6547519,37.4534302],[126.6548913,37.4533514],[126.6551771,37.4532086]]",UNVERIFIED,false,,,,,,,,,,,,
osm-way-281635840-segment-000-001,8eb03c576a7a924e3cb4ab263fba25245431d8d25881c86ee12e7b781b265a61,281635840,2856212863,2856212864,0,1,service,,,,,,,,,,,,,"[[126.6565645,37.4541126],[126.6567763,37.4536029]]",UNVERIFIED,false,,,,,,,,,,,,
osm-way-281636619-segment-000-005,8eb03c576a7a924e3cb4ab263fba25245431d8d25881c86ee12e7b781b265a61,281636619,2856199566,2881072433,0,5,service,,,,,,,,,,,,,"[[126.6542177,37.4539881],[126.654049,37.4540238],[126.6539392,37.4540568],[126.6536949,37.4541303],[126.6535744,37.4541477],[126.6535502,37.4541497]]",UNVERIFIED,false,,,,,,,,,,,,
osm-way-281636619-segment-005-010,8eb03c576a7a924e3cb4ab263fba25245431d8d25881c86ee12e7b781b265a61,281636619,2881072433,2856199560,5,10,service,,,,,,,,,,,,,"[[126.6535502,37.4541497],[126.6533971,37.4541626],[126.6531694,37.4541818],[126.6530325,37.4541918],[126.6525283,37.4542286],[126.6519329,37.4542563]]",UNVERIFIED,false,,,,,,,,,,,,
osm-way-281636623-segment-000-001,8eb03c576a7a924e3cb4ab263fba25245431d8d25881c86ee12e7b781b265a61,281636623,2856199592,2856199575,0,1,service,,,,,,,,,,,,,"[[126.6516539,37.4538198],[126.6531157,37.4532641]]",UNVERIFIED,false,,,,,,,,,,,,
osm-way-281636624-segment-000-007,8eb03c576a7a924e3cb4ab263fba25245431d8d25881c86ee12e7b781b265a61,281636624,2856199566,2856199588,0,7,service,,,,,,,,,,,,,"[[126.6542177,37.4539881],[126.6541268,37.4539514],[126.6540464,37.4539029],[126.6539176,37.4537917],[126.6537754,37.4536363],[126.6536735,37.4535468],[126.6533972,37.4534127],[126.6533409,37.4534191]]",UNVERIFIED,false,,,,,,,,,,,,
osm-way-281636624-segment-007-009,8eb03c576a7a924e3cb4ab263fba25245431d8d25881c86ee12e7b781b265a61,281636624,2856199588,2856199575,7,9,service,,,,,,,,,,,,,"[[126.6533409,37.4534191],[126.6532229,37.4533382],[126.6531157,37.4532641]]",UNVERIFIED,false,,,,,,,,,,,,
osm-way-281636624-segment-009-010,8eb03c576a7a924e3cb4ab263fba25245431d8d25881c86ee12e7b781b265a61,281636624,2856199575,2856199591,9,10,service,,,,,,,,,,,,,"[[126.6531157,37.4532641],[126.6526903,37.4526442]]",UNVERIFIED,false,,,,,,,,,,,,
osm-way-281636883-segment-000-002,8eb03c576a7a924e3cb4ab263fba25245431d8d25881c86ee12e7b781b265a61,281636883,2856218038,2856218074,0,2,service,,,,,,,,,,,,,"[[126.6514152,37.4534599],[126.6515091,37.4536218],[126.6515505,37.4536909]]",UNVERIFIED,false,,,,,,,,,,,,
osm-way-281636883-segment-002-003,8eb03c576a7a924e3cb4ab263fba25245431d8d25881c86ee12e7b781b265a61,281636883,2856218074,2882114718,2,3,service,,,,,,,,,,,,,"[[126.6515505,37.4536909],[126.6515926,37.4537434]]",UNVERIFIED,false,,,,,,,,,,,,
osm-way-281636883-segment-003-004,8eb03c576a7a924e3cb4ab263fba25245431d8d25881c86ee12e7b781b265a61,281636883,2882114718,2856199592,3,4,service,,,,,,,,,,,,,"[[126.6515926,37.4537434],[126.6516539,37.4538198]]",UNVERIFIED,false,,,,,,,,,,,,
osm-way-281636883-segment-004-005,8eb03c576a7a924e3cb4ab263fba25245431d8d25881c86ee12e7b781b265a61,281636883,2856199592,2856218068,4,5,service,,,,,,,,,,,,,"[[126.6516539,37.4538198],[126.6518524,37.454103]]",UNVERIFIED,false,,,,,,,,,,,,
osm-way-281636883-segment-005-006,8eb03c576a7a924e3cb4ab263fba25245431d8d25881c86ee12e7b781b265a61,281636883,2856218068,2856199560,5,6,service,,,,,,,,,,,,,"[[126.6518524,37.454103],[126.6519329,37.4542563]]",UNVERIFIED,false,,,,,,,,,,,,
osm-way-281636885-segment-000-010,8eb03c576a7a924e3cb4ab263fba25245431d8d25881c86ee12e7b781b265a61,281636885,2856218074,2856218081,0,10,service,,,,,,,,,,,,,"[[126.6515505,37.4536909],[126.6514072,37.4537538],[126.651273,37.4538198],[126.6510905,37.4538918],[126.6510236,37.4539071],[126.6508008,37.4539195],[126.6507123,37.4539003],[126.6505033,37.4539901],[126.6503663,37.4540792],[126.6502671,37.4540855],[126.6502216,37.4540902]]",UNVERIFIED,false,,,,,,,,,,,,
osm-way-281636887-segment-000-002,8eb03c576a7a924e3cb4ab263fba25245431d8d25881c86ee12e7b781b265a61,281636887,2856218070,2856218037,0,2,service,,,,,,,,,,,,,"[[126.6521661,37.4525501],[126.6517827,37.4526977],[126.6511041,37.4529766]]",UNVERIFIED,false,,,,,,,,,,,,
osm-way-281636887-segment-002-003,8eb03c576a7a924e3cb4ab263fba25245431d8d25881c86ee12e7b781b265a61,281636887,2856218037,2881072419,2,3,service,,,,,,,,,,,,,"[[126.6511041,37.4529766],[126.6507951,37.4531063]]",UNVERIFIED,false,,,,,,,,,,,,
osm-way-281636887-segment-003-004,8eb03c576a7a924e3cb4ab263fba25245431d8d25881c86ee12e7b781b265a61,281636887,2881072419,2856218044,3,4,service,,,,,,,,,,,,,"[[126.6507951,37.4531063],[126.6498461,37.4535047]]",UNVERIFIED,false,,,,,,,,,,,,
osm-way-281636887-segment-004-005,8eb03c576a7a924e3cb4ab263fba25245431d8d25881c86ee12e7b781b265a61,281636887,2856218044,2881072442,4,5,service,,,,,,,,,,,,,"[[126.6498461,37.4535047],[126.6496323,37.4535939]]",UNVERIFIED,false,,,,,,,,,,,,
osm-way-281636887-segment-005-006,8eb03c576a7a924e3cb4ab263fba25245431d8d25881c86ee12e7b781b265a61,281636887,2881072442,2879019540,5,6,service,,,,,,,,,,,,,"[[126.6496323,37.4535939],[126.6486432,37.4540095]]",UNVERIFIED,false,,,,,,,,,,,,
osm-way-281636888-segment-000-002,8eb03c576a7a924e3cb4ab263fba25245431d8d25881c86ee12e7b781b265a61,281636888,2856218044,2856218081,0,2,service,,,,,,,,,,,,,"[[126.6498461,37.4535047],[126.6502055,37.4540264],[126.6502216,37.4540902]]",UNVERIFIED,false,,,,,,,,,,,,
osm-way-281636888-segment-002-019,8eb03c576a7a924e3cb4ab263fba25245431d8d25881c86ee12e7b781b265a61,281636888,2856218081,2856218036,2,19,service,,,,,,,,,,,,,"[[126.6502216,37.4540902],[126.6502109,37.4541498],[126.650176,37.4543308],[126.6501814,37.4543606],[126.6502431,37.454499],[126.6502484,37.4545459],[126.6502458,37.4545885],[126.6502338,37.4546205],[126.6502243,37.454646],[126.650227,37.4546928],[126.6502297,37.4547396],[126.6502404,37.4549334],[126.650227,37.4551336],[126.6501947,37.4552076],[126.6501331,37.4552783],[126.6499051,37.4554721],[126.6497951,37.4555637],[126.6496634,37.4556453]]",UNVERIFIED,false,,,,,,,,,,,,
osm-way-283879195-segment-000-008,8eb03c576a7a924e3cb4ab263fba25245431d8d25881c86ee12e7b781b265a61,283879195,2876922893,2876922894,0,8,track,,,,,,,,,,,,,"[[126.6571541,37.4542598],[126.6571739,37.4542243],[126.6573187,37.4540795],[126.6573375,37.4540731],[126.6574609,37.4540604],[126.6575145,37.4540497],[126.6577148,37.4539886],[126.6577942,37.4539574],[126.6579119,37.4538829]]",UNVERIFIED,false,,,,,,,,,,,,
osm-way-284008454-segment-000-002,8eb03c576a7a924e3cb4ab263fba25245431d8d25881c86ee12e7b781b265a61,284008454,2877961305,2877961307,0,2,service,,,,,,,,,,,,,"[[126.6583478,37.4507712],[126.6584834,37.4510909],[126.6585997,37.4513649]]",UNVERIFIED,false,,,,,,,,,,,,
osm-way-284010488-segment-000-002,8eb03c576a7a924e3cb4ab263fba25245431d8d25881c86ee12e7b781b265a61,284010488,2877970942,2877970943,0,2,service,,,,,,,,,,,,,"[[126.6579196,37.446352],[126.6577759,37.4461215],[126.6574972,37.4456746]]",UNVERIFIED,false,,,,,,,,,,,,
osm-way-284366927-segment-000-001,8eb03c576a7a924e3cb4ab263fba25245431d8d25881c86ee12e7b781b265a61,284366927,2881072442,2881072437,0,1,service,,,,,,,,,,,,,"[[126.6496323,37.4535939],[126.6493425,37.4531718]]",UNVERIFIED,false,,,,,,,,,,,,
osm-way-284366927-segment-001-002,8eb03c576a7a924e3cb4ab263fba25245431d8d25881c86ee12e7b781b265a61,284366927,2881072437,2881072425,1,2,service,,,,,,,,,,,,,"[[126.6493425,37.4531718],[126.6492062,37.4529733]]",UNVERIFIED,false,,,,,,,,,,,,
osm-way-284366928-segment-000-004,8eb03c576a7a924e3cb4ab263fba25245431d8d25881c86ee12e7b781b265a61,284366928,2881072433,6848997561,0,4,service,,,,,,,,,,,,,"[[126.6535502,37.4541497],[126.6534886,37.4540015],[126.653459,37.4538709],[126.6534082,37.4536012],[126.6533791,37.4535226]]",UNVERIFIED,false,,,,,,,,,,,,
osm-way-284366928-segment-004-005,8eb03c576a7a924e3cb4ab263fba25245431d8d25881c86ee12e7b781b265a61,284366928,6848997561,2856199588,4,5,service,,,,,,,,,,,,,"[[126.6533791,37.4535226],[126.6533409,37.4534191]]",UNVERIFIED,false,,,,,,,,,,,,
osm-way-284366930-segment-000-002,8eb03c576a7a924e3cb4ab263fba25245431d8d25881c86ee12e7b781b265a61,284366930,2881072427,2881072426,0,2,service,,,,,,,,,,,,,"[[126.6485915,37.4532487],[126.6484969,37.4531022],[126.6480814,37.4524009]]",UNVERIFIED,false,,,,,,,,,,,,
osm-way-284366931-segment-000-001,8eb03c576a7a924e3cb4ab263fba25245431d8d25881c86ee12e7b781b265a61,284366931,2881072450,2881072435,0,1,service,,,,,,,,,,,,,"[[126.6488564,37.4531369],[126.6483647,37.4523447]]",UNVERIFIED,false,,,,,,,,,,,,
osm-way-284366932-segment-000-001,8eb03c576a7a924e3cb4ab263fba25245431d8d25881c86ee12e7b781b265a61,284366932,2881072424,2881072427,0,1,service,,,,,,,,,,,,,"[[126.6482567,37.4533899],[126.6485915,37.4532487]]",UNVERIFIED,false,,,,,,,,,,,,
osm-way-284366932-segment-001-002,8eb03c576a7a924e3cb4ab263fba25245431d8d25881c86ee12e7b781b265a61,284366932,2881072427,2881072450,1,2,service,,,,,,,,,,,,,"[[126.6485915,37.4532487],[126.6488564,37.4531369]]",UNVERIFIED,false,,,,,,,,,,,,
osm-way-284366932-segment-002-004,8eb03c576a7a924e3cb4ab263fba25245431d8d25881c86ee12e7b781b265a61,284366932,2881072450,2881072425,2,4,service,,,,,,,,,,,,,"[[126.6488564,37.4531369],[126.6491752,37.4530023],[126.6492062,37.4529733]]",UNVERIFIED,false,,,,,,,,,,,,
osm-way-284366933-segment-000-004,8eb03c576a7a924e3cb4ab263fba25245431d8d25881c86ee12e7b781b265a61,284366933,2881072421,2881072428,0,4,service,,,,,,,,,,,,,"[[126.6546154,37.4543939],[126.6543683,37.4542605],[126.6543361,37.4542371],[126.6543119,37.4541988],[126.6542821,37.45398]]",UNVERIFIED,false,,,,,,,,,,,,
osm-way-284366934-segment-000-004,8eb03c576a7a924e3cb4ab263fba25245431d8d25881c86ee12e7b781b265a61,284366934,2881072437,2881072415,0,4,service,,,,,,,,,,,,,"[[126.6493425,37.4531718],[126.6497121,37.4530561],[126.6500071,37.4529645],[126.6500955,37.4529425],[126.6505676,37.4527594]]",UNVERIFIED,false,,,,,,,,,,,,
osm-way-284366935-segment-000-002,8eb03c576a7a924e3cb4ab263fba25245431d8d25881c86ee12e7b781b265a61,284366935,2881072419,2881072415,0,2,service,,,,,,,,,,,,,"[[126.6507951,37.4531063],[126.6507473,37.4530277],[126.6505676,37.4527594]]",UNVERIFIED,false,,,,,,,,,,,,
osm-way-284366935-segment-002-003,8eb03c576a7a924e3cb4ab263fba25245431d8d25881c86ee12e7b781b265a61,284366935,2881072415,2881072448,2,3,service,,,,,,,,,,,,,"[[126.6505676,37.4527594],[126.6502727,37.4523408]]",UNVERIFIED,false,,,,,,,,,,,,
osm-way-284367128-segment-000-001,8eb03c576a7a924e3cb4ab263fba25245431d8d25881c86ee12e7b781b265a61,284367128,2881076905,2445317859,0,1,service,,,,,,,,,,,,,"[[126.6548345,37.4527502],[126.655,37.4523214]]",UNVERIFIED,false,,,,,,,,,,,,
osm-way-284973519-segment-000-001,8eb03c576a7a924e3cb4ab263fba25245431d8d25881c86ee12e7b781b265a61,284973519,2886789154,2886789150,0,1,service,,,,,,,,,,,,,"[[126.6503727,37.4464912],[126.6501438,37.4464671]]",UNVERIFIED,false,,,,,,,,,,,,
osm-way-284973520-segment-000-004,8eb03c576a7a924e3cb4ab263fba25245431d8d25881c86ee12e7b781b265a61,284973520,2886789160,2886789147,0,4,service,,,,,,,,,,,,,"[[126.6515225,37.4463159],[126.6506025,37.4462754],[126.6505247,37.4462903],[126.6504523,37.4463159],[126.6503957,37.4463706]]",UNVERIFIED,false,,,,,,,,,,,,
osm-way-284973522-segment-000-004,8eb03c576a7a924e3cb4ab263fba25245431d8d25881c86ee12e7b781b265a61,284973522,2886789174,2886789150,0,4,service,,,,,,,,,,,,,"[[126.6494894,37.4470165],[126.6497522,37.4469015],[126.6500043,37.4468035],[126.6500741,37.4467759],[126.6501438,37.4464671]]",UNVERIFIED,false,,,,,,,,,,,,
osm-way-284973522-segment-004-005,8eb03c576a7a924e3cb4ab263fba25245431d8d25881c86ee12e7b781b265a61,284973522,2886789150,2886789148,4,5,service,,,,,,,,,,,,,"[[126.6501438,37.4464671],[126.6501975,37.4461775]]",UNVERIFIED,false,,,,,,,,,,,,
osm-way-471689462-segment-000-004,8eb03c576a7a924e3cb4ab263fba25245431d8d25881c86ee12e7b781b265a61,471689462,4658502132,11257934931,0,4,tertiary,,,,,,,,,asphalt,,,,"[[126.6466761,37.4466096],[126.6462769,37.447839],[126.6478585,37.4481892],[126.6488203,37.4484021],[126.6494694,37.4485379]]",UNVERIFIED,false,,,,,,,,,,,,
osm-way-471689462-segment-004-006,8eb03c576a7a924e3cb4ab263fba25245431d8d25881c86ee12e7b781b265a61,471689462,11257934931,436836503,4,6,tertiary,,,,,,,,,asphalt,,,,"[[126.6494694,37.4485379],[126.6496828,37.4485825],[126.6498752,37.4485853]]",UNVERIFIED,false,,,,,,,,,,,,
osm-way-481241657-segment-000-002,8eb03c576a7a924e3cb4ab263fba25245431d8d25881c86ee12e7b781b265a61,481241657,2643032904,4741759505,0,2,service,,,,,,,,,,,,,"[[126.6533746,37.4479326],[126.6532669,37.447981],[126.653599,37.4485071]]",UNVERIFIED,false,,,,,,,,,,,,
osm-way-481241657-segment-002-003,8eb03c576a7a924e3cb4ab263fba25245431d8d25881c86ee12e7b781b265a61,481241657,4741759505,2643032908,2,3,service,,,,,,,,,,,,,"[[126.653599,37.4485071],[126.6540219,37.4490993]]",UNVERIFIED,false,,,,,,,,,,,,
osm-way-481241658-segment-000-002,8eb03c576a7a924e3cb4ab263fba25245431d8d25881c86ee12e7b781b265a61,481241658,2643032901,4741759434,0,2,service,,,,,,,,,,,,,"[[126.6532344,37.4473242],[126.6531798,37.4475546],[126.6532817,37.4477196]]",UNVERIFIED,false,,,,,,,,,,,,
osm-way-481241658-segment-002-006,8eb03c576a7a924e3cb4ab263fba25245431d8d25881c86ee12e7b781b265a61,481241658,4741759434,4741759438,2,6,service,,,,,,,,,,,,,"[[126.6532817,37.4477196],[126.6535204,37.447743],[126.6544898,37.4477788],[126.6545433,37.4478088],[126.6546858,37.4480616]]",UNVERIFIED,false,,,,,,,,,,,,
osm-way-481241658-segment-006-007,8eb03c576a7a924e3cb4ab263fba25245431d8d25881c86ee12e7b781b265a61,481241658,4741759438,4741759508,6,7,service,,,,,,,,,,,,,"[[126.6546858,37.4480616],[126.6551815,37.4487502]]",UNVERIFIED,false,,,,,,,,,,,,
osm-way-481241658-segment-007-008,8eb03c576a7a924e3cb4ab263fba25245431d8d25881c86ee12e7b781b265a61,481241658,4741759508,4741759507,7,8,service,,,,,,,,,,,,,"[[126.6551815,37.4487502],[126.6552095,37.4487903]]",UNVERIFIED,false,,,,,,,,,,,,
osm-way-481241658-segment-008-009,8eb03c576a7a924e3cb4ab263fba25245431d8d25881c86ee12e7b781b265a61,481241658,4741759507,4741759439,8,9,service,,,,,,,,,,,,,"[[126.6552095,37.4487903],[126.6555442,37.4492969]]",UNVERIFIED,false,,,,,,,,,,,,
osm-way-481241659-segment-000-001,8eb03c576a7a924e3cb4ab263fba25245431d8d25881c86ee12e7b781b265a61,481241659,4741759440,4741759438,0,1,service,,,,,,,,,,,,,"[[126.6538798,37.4484186],[126.6546858,37.4480616]]",UNVERIFIED,false,,,,,,,,,,,,
osm-way-481241659-segment-001-002,8eb03c576a7a924e3cb4ab263fba25245431d8d25881c86ee12e7b781b265a61,481241659,4741759438,2276360845,1,2,service,,,,,,,,,,,,,"[[126.6546858,37.4480616],[126.6550435,37.447939]]",UNVERIFIED,false,,,,,,,,,,,,
osm-way-481241660-segment-000-001,8eb03c576a7a924e3cb4ab263fba25245431d8d25881c86ee12e7b781b265a61,481241660,4741759441,4741759442,0,1,service,,,,,,,,,,,,,"[[126.655379,37.4472182],[126.6547292,37.4474328]]",UNVERIFIED,false,,,,,,,,,,,,
osm-way-481241660-segment-001-006,8eb03c576a7a924e3cb4ab263fba25245431d8d25881c86ee12e7b781b265a61,481241660,4741759442,4741759443,1,6,service,,,,,,,,,,,,,"[[126.6547292,37.4474328],[126.6542396,37.4476053],[126.6542128,37.4476021],[126.6541229,37.4475153],[126.654129,37.4475009],[126.6546486,37.4472949]]",UNVERIFIED,false,,,,,,,,,,,,
osm-way-481241661-segment-000-001,8eb03c576a7a924e3cb4ab263fba25245431d8d25881c86ee12e7b781b265a61,481241661,4741759443,4741759442,0,1,service,,,,,,,,,,,,,"[[126.6546486,37.4472949],[126.6547292,37.4474328]]",UNVERIFIED,false,,,,,,,,,,,,
osm-way-481241661-segment-001-002,8eb03c576a7a924e3cb4ab263fba25245431d8d25881c86ee12e7b781b265a61,481241661,4741759442,2276360845,1,2,service,,,,,,,,,,,,,"[[126.6547292,37.4474328],[126.6550435,37.447939]]",UNVERIFIED,false,,,,,,,,,,,,
osm-way-481241661-segment-002-003,8eb03c576a7a924e3cb4ab263fba25245431d8d25881c86ee12e7b781b265a61,481241661,2276360845,10058460594,2,3,service,,,,,,,,,,,,,"[[126.6550435,37.447939],[126.6555227,37.4486497]]",UNVERIFIED,false,,,,,,,,,,,,
osm-way-481241661-segment-003-004,8eb03c576a7a924e3cb4ab263fba25245431d8d25881c86ee12e7b781b265a61,481241661,10058460594,4741759444,3,4,service,,,,,,,,,,,,,"[[126.6555227,37.4486497],[126.6558984,37.4491737]]",UNVERIFIED,false,,,,,,,,,,,,
osm-way-481241662-segment-000-001,8eb03c576a7a924e3cb4ab263fba25245431d8d25881c86ee12e7b781b265a61,481241662,4741759445,10058484932,0,1,service,,,,,,,,,,,,,"[[126.6502519,37.4513896],[126.6513249,37.4509655]]",UNVERIFIED,false,,,,,,,,,,,,
osm-way-481241662-segment-001-003,8eb03c576a7a924e3cb4ab263fba25245431d8d25881c86ee12e7b781b265a61,481241662,10058484932,4741759483,1,3,service,,,,,,,,,,,,,"[[126.6513249,37.4509655],[126.651659,37.4508581],[126.6523204,37.4505968]]",UNVERIFIED,false,,,,,,,,,,,,
osm-way-481241662-segment-003-004,8eb03c576a7a924e3cb4ab263fba25245431d8d25881c86ee12e7b781b265a61,481241662,4741759483,4741759490,3,4,service,,,,,,,,,,,,,"[[126.6523204,37.4505968],[126.6527628,37.450422]]",UNVERIFIED,false,,,,,,,,,,,,
osm-way-481241662-segment-004-005,8eb03c576a7a924e3cb4ab263fba25245431d8d25881c86ee12e7b781b265a61,481241662,4741759490,4741759482,4,5,service,,,,,,,,,,,,,"[[126.6527628,37.450422],[126.6528736,37.4503783]]",UNVERIFIED,false,,,,,,,,,,,,
osm-way-481241662-segment-005-006,8eb03c576a7a924e3cb4ab263fba25245431d8d25881c86ee12e7b781b265a61,481241662,4741759482,10058120935,5,6,service,,,,,,,,,,,,,"[[126.6528736,37.4503783],[126.653454,37.450164]]",UNVERIFIED,false,,,,,,,,,,,,
osm-way-481241662-segment-006-007,8eb03c576a7a924e3cb4ab263fba25245431d8d25881c86ee12e7b781b265a61,481241662,10058120935,4741759446,6,7,service,,,,,,,,,,,,,"[[126.653454,37.450164],[126.653543,37.4501295]]",UNVERIFIED,false,,,,,,,,,,,,
osm-way-481241662-segment-007-008,8eb03c576a7a924e3cb4ab263fba25245431d8d25881c86ee12e7b781b265a61,481241662,4741759446,4741759498,7,8,service,,,,,,,,,,,,,"[[126.653543,37.4501295],[126.6536329,37.4500791]]",UNVERIFIED,false,,,,,,,,,,,,
osm-way-481241662-segment-008-009,8eb03c576a7a924e3cb4ab263fba25245431d8d25881c86ee12e7b781b265a61,481241662,4741759498,4741759447,8,9,service,,,,,,,,,,,,,"[[126.6536329,37.4500791],[126.6536596,37.4500696]]",UNVERIFIED,false,,,,,,,,,,,,
osm-way-481241662-segment-009-010,8eb03c576a7a924e3cb4ab263fba25245431d8d25881c86ee12e7b781b265a61,481241662,4741759447,4741759511,9,10,service,,,,,,,,,,,,,"[[126.6536596,37.4500696],[126.6545112,37.4497409]]",UNVERIFIED,false,,,,,,,,,,,,
osm-way-481241663-segment-000-002,8eb03c576a7a924e3cb4ab263fba25245431d8d25881c86ee12e7b781b265a61,481241663,4741759444,4741759449,0,2,service,,,,,,,,,,,,,"[[126.6558984,37.4491737],[126.6562594,37.4497847],[126.6564605,37.4501252]]",UNVERIFIED,false,,,,,,,,,,,,
osm-way-481241663-segment-002-003,8eb03c576a7a924e3cb4ab263fba25245431d8d25881c86ee12e7b781b265a61,481241663,4741759449,4741759450,2,3,service,,,,,,,,,,,,,"[[126.6564605,37.4501252],[126.6564949,37.4510135]]",UNVERIFIED,false,,,,,,,,,,,,
osm-way-481241664-segment-000-002,8eb03c576a7a924e3cb4ab263fba25245431d8d25881c86ee12e7b781b265a61,481241664,4741759451,4741759453,0,2,service,,,,,,,,,,,,,"[[126.6554416,37.4493495],[126.65541,37.4494074],[126.65544,37.4496945]]",UNVERIFIED,false,,,,,,,,,,,,
osm-way-481241665-segment-000-001,8eb03c576a7a924e3cb4ab263fba25245431d8d25881c86ee12e7b781b265a61,481241665,2262335936,4741759447,0,1,service,,,,,,,,,,,,,"[[126.6541191,37.4502665],[126.6536596,37.4500696]]",UNVERIFIED,false,,,,,,,,,,,,
osm-way-481241668-segment-000-003,8eb03c576a7a924e3cb4ab263fba25245431d8d25881c86ee12e7b781b265a61,481241668,4741759458,4741759460,0,3,service,,,,,,,,,,,,,"[[126.654571,37.4508684],[126.6548597,37.4507605],[126.6549285,37.450746],[126.6551299,37.4506979]]",UNVERIFIED,false,,,,,,,,,,,,
osm-way-481241669-segment-000-001,8eb03c576a7a924e3cb4ab263fba25245431d8d25881c86ee12e7b781b265a61,481241669,4741759460,4741759462,0,1,service,,,,,,,,,,,,,"[[126.6551299,37.4506979],[126.6553011,37.4506885]]",UNVERIFIED,false,,,,,,,,,,,,
osm-way-481241669-segment-001-003,8eb03c576a7a924e3cb4ab263fba25245431d8d25881c86ee12e7b781b265a61,481241669,4741759462,10058049420,1,3,service,,,,,,,,,,,,,"[[126.6553011,37.4506885],[126.6553605,37.4507036],[126.6554622,37.4508504]]",UNVERIFIED,false,,,,,,,,,,,,
osm-way-481241675-segment-000-001,8eb03c576a7a924e3cb4ab263fba25245431d8d25881c86ee12e7b781b265a61,481241675,4741759479,4741759487,0,1,service,,,,,,,,,,,,,"[[126.6518116,37.4510626],[126.6523421,37.4508374]]",UNVERIFIED,false,,,,,,,,,,,,
osm-way-481241675-segment-001-002,8eb03c576a7a924e3cb4ab263fba25245431d8d25881c86ee12e7b781b265a61,481241675,4741759487,4741759486,1,2,service,,,,,,,,,,,,,"[[126.6523421,37.4508374],[126.6525725,37.4507396]]",UNVERIFIED,false,,,,,,,,,,,,
osm-way-481241675-segment-002-003,8eb03c576a7a924e3cb4ab263fba25245431d8d25881c86ee12e7b781b265a61,481241675,4741759486,4741759481,2,3,service,,,,,,,,,,,,,"[[126.6525725,37.4507396],[126.6530014,37.4505575]]",UNVERIFIED,false,,,,,,,,,,,,
osm-way-481241675-segment-003-006,8eb03c576a7a924e3cb4ab263fba25245431d8d25881c86ee12e7b781b265a61,481241675,4741759481,10058120935,3,6,service,,,,,,,,,,,,,"[[126.6530014,37.4505575],[126.6534567,37.4503831],[126.6534912,37.4502634],[126.653454,37.450164]]",UNVERIFIED,false,,,,,,,,,,,,
osm-way-481241676-segment-000-001,8eb03c576a7a924e3cb4ab263fba25245431d8d25881c86ee12e7b781b265a61,481241676,4741759481,4741759482,0,1,service,,,,,,,,,,,,,"[[126.6530014,37.4505575],[126.6528736,37.4503783]]",UNVERIFIED,false,,,,,,,,,,,,
osm-way-481241677-segment-000-001,8eb03c576a7a924e3cb4ab263fba25245431d8d25881c86ee12e7b781b265a61,481241677,4741759483,4741759484,0,1,service,,,,,,,,,,,,,"[[126.6523204,37.4505968],[126.6523828,37.4506941]]",UNVERIFIED,false,,,,,,,,,,,,
osm-way-481241677-segment-001-003,8eb03c576a7a924e3cb4ab263fba25245431d8d25881c86ee12e7b781b265a61,481241677,4741759484,4741759486,1,3,service,,,,,,,,,,,,,"[[126.6523828,37.4506941],[126.6524914,37.4507296],[126.6525725,37.4507396]]",UNVERIFIED,false,,,,,,,,,,,,
osm-way-481241679-segment-000-003,8eb03c576a7a924e3cb4ab263fba25245431d8d25881c86ee12e7b781b265a61,481241679,4741759487,4741759484,0,3,service,,,,,,,,,,,,,"[[126.6523421,37.4508374],[126.65237,37.4507871],[126.6523828,37.4507245],[126.6523828,37.4506941]]",UNVERIFIED,false,,,,,,,,,,,,
osm-way-481241681-segment-000-002,8eb03c576a7a924e3cb4ab263fba25245431d8d25881c86ee12e7b781b265a61,481241681,4741759490,10058460615,0,2,service,,,,,,,,,,,,,"[[126.6527628,37.450422],[126.6526207,37.4502253],[126.6525153,37.4500793]]",UNVERIFIED,false,,,,,,,,,,,,
osm-way-481241681-segment-002-003,8eb03c576a7a924e3cb4ab263fba25245431d8d25881c86ee12e7b781b265a61,481241681,10058460615,4741759491,2,3,service,,,,,,,,,,,,,"[[126.6525153,37.4500793],[126.6515963,37.4488071]]",UNVERIFIED,false,,,,,,,,,,,,
osm-way-481241683-segment-000-001,8eb03c576a7a924e3cb4ab263fba25245431d8d25881c86ee12e7b781b265a61,481241683,4741759503,8956947373,0,1,service,,,,,,,,,,,,,"[[126.6524029,37.4484321],[126.6526055,37.448332]]",UNVERIFIED,false,,,,,,,,,,,,
osm-way-481241683-segment-001-002,8eb03c576a7a924e3cb4ab263fba25245431d8d25881c86ee12e7b781b265a61,481241683,8956947373,4741759493,1,2,service,,,,,,,,,,,,,"[[126.6526055,37.448332],[126.6527431,37.4482803]]",UNVERIFIED,false,,,,,,,,,,,,
osm-way-481241683-segment-002-004,8eb03c576a7a924e3cb4ab263fba25245431d8d25881c86ee12e7b781b265a61,481241683,4741759493,4741759495,2,4,service,,,,,,,,,,,,,"[[126.6527431,37.4482803],[126.6528221,37.4481866],[126.6531223,37.4477904]]",UNVERIFIED,false,,,,,,,,,,,,
osm-way-481241683-segment-004-006,8eb03c576a7a924e3cb4ab263fba25245431d8d25881c86ee12e7b781b265a61,481241683,4741759495,4741759497,4,6,service,,,,,,,,,,,,,"[[126.6531223,37.4477904],[126.6529862,37.4476498],[126.6527163,37.4475486]]",UNVERIFIED,false,,,,,,,,,,,,
osm-way-481241685-segment-000-001,8eb03c576a7a924e3cb4ab263fba25245431d8d25881c86ee12e7b781b265a61,481241685,4741759498,4741759506,0,1,service,,,,,,,,,,,,,"[[126.6536329,37.4500791],[126.6533032,37.4495876]]",UNVERIFIED,false,,,,,,,,,,,,
osm-way-481241685-segment-001-003,8eb03c576a7a924e3cb4ab263fba25245431d8d25881c86ee12e7b781b265a61,481241685,4741759506,4741759500,1,3,service,,,,,,,,,,,,,"[[126.6533032,37.4495876],[126.6532897,37.4495668],[126.6528056,37.4488638]]",UNVERIFIED,false,,,,,,,,,,,,
osm-way-481241685-segment-003-005,8eb03c576a7a924e3cb4ab263fba25245431d8d25881c86ee12e7b781b265a61,481241685,4741759500,10058056498,3,5,service,,,,,,,,,,,,,"[[126.6528056,37.4488638],[126.6526098,37.4486051],[126.6525739,37.4485087]]",UNVERIFIED,false,,,,,,,,,,,,
osm-way-481241687-segment-000-001,8eb03c576a7a924e3cb4ab263fba25245431d8d25881c86ee12e7b781b265a61,481241687,8956947377,4741759503,0,1,service,,,,,,,,,,,,,"[[126.6521954,37.4481004],[126.6524029,37.4484321]]",UNVERIFIED,false,,,,,,,,,,,,
osm-way-481241689-segment-000-001,8eb03c576a7a924e3cb4ab263fba25245431d8d25881c86ee12e7b781b265a61,481241689,4741759495,4741759434,0,1,service,,,,,,,,,,,,,"[[126.6531223,37.4477904],[126.6532817,37.4477196]]",UNVERIFIED,false,,,,,,,,,,,,
osm-way-481241690-segment-000-001,8eb03c576a7a924e3cb4ab263fba25245431d8d25881c86ee12e7b781b265a61,481241690,4741759500,4741759505,0,1,service,,,,,,,,,,,,,"[[126.6528056,37.4488638],[126.653599,37.4485071]]",UNVERIFIED,false,,,,,,,,,,,,
osm-way-481241692-segment-000-001,8eb03c576a7a924e3cb4ab263fba25245431d8d25881c86ee12e7b781b265a61,481241692,4741759506,4741759508,0,1,service,,,,,,,,,,,,,"[[126.6533032,37.4495876],[126.6551815,37.4487502]]",UNVERIFIED,false,,,,,,,,,,,,
osm-way-481241694-segment-000-001,8eb03c576a7a924e3cb4ab263fba25245431d8d25881c86ee12e7b781b265a61,481241694,4741759509,4741759510,0,1,service,,,,,,,,,,,,,"[[126.6548005,37.4499825],[126.6547443,37.4499134]]",UNVERIFIED,false,,,,,,,,,,,,
osm-way-481241696-segment-000-001,8eb03c576a7a924e3cb4ab263fba25245431d8d25881c86ee12e7b781b265a61,481241696,4741759512,4741759451,0,1,service,,,,,,,,,,,,,"[[126.6547295,37.4496452],[126.6554416,37.4493495]]",UNVERIFIED,false,,,,,,,,,,,,
osm-way-481241696-segment-001-002,8eb03c576a7a924e3cb4ab263fba25245431d8d25881c86ee12e7b781b265a61,481241696,4741759451,4741759439,1,2,service,,,,,,,,,,,,,"[[126.6554416,37.4493495],[126.6555442,37.4492969]]",UNVERIFIED,false,,,,,,,,,,,,
osm-way-481241696-segment-002-003,8eb03c576a7a924e3cb4ab263fba25245431d8d25881c86ee12e7b781b265a61,481241696,4741759439,4741759444,2,3,service,,,,,,,,,,,,,"[[126.6555442,37.4492969],[126.6558984,37.4491737]]",UNVERIFIED,false,,,,,,,,,,,,
osm-way-481241696-segment-003-004,8eb03c576a7a924e3cb4ab263fba25245431d8d25881c86ee12e7b781b265a61,481241696,4741759444,4741759448,3,4,service,,,,,,,,,,,,,"[[126.6558984,37.4491737],[126.6562233,37.4490593]]",UNVERIFIED,false,,,,,,,,,,,,
osm-way-481241697-segment-000-002,8eb03c576a7a924e3cb4ab263fba25245431d8d25881c86ee12e7b781b265a61,481241697,4741759511,4741759512,0,2,service,,,,,,,yes,,,,,,"[[126.6545112,37.4497409],[126.6546693,37.449672],[126.6547295,37.4496452]]",UNVERIFIED,false,,,,,,,,,,,,
osm-way-481241699-segment-000-002,8eb03c576a7a924e3cb4ab263fba25245431d8d25881c86ee12e7b781b265a61,481241699,4741759513,4741759449,0,2,service,,,,,,,,,,,,,"[[126.6568015,37.4507178],[126.6565183,37.4502257],[126.6564605,37.4501252]]",UNVERIFIED,false,,,,,,,,,,,,
osm-way-481241706-segment-000-006,8eb03c576a7a924e3cb4ab263fba25245431d8d25881c86ee12e7b781b265a61,481241706,4741759622,4741759628,0,6,service,,,,,,,,,,,,,"[[126.6591346,37.448694],[126.6591016,37.4489604],[126.6588174,37.4490641],[126.6586556,37.449131],[126.6584768,37.4491435],[126.6578454,37.449435],[126.6572392,37.4497374]]",UNVERIFIED,false,,,,,,,,,,,,
osm-way-481241714-segment-000-002,8eb03c576a7a924e3cb4ab263fba25245431d8d25881c86ee12e7b781b265a61,481241714,4741759621,4741759628,0,2,service,,,,,,,,,,,,,"[[126.6579184,37.4508863],[126.6576167,37.4502816],[126.6572392,37.4497374]]",UNVERIFIED,false,,,,,,,,,,,,
osm-way-481241714-segment-002-005,8eb03c576a7a924e3cb4ab263fba25245431d8d25881c86ee12e7b781b265a61,481241714,4741759628,4741759651,2,5,service,,,,,,,,,,,,,"[[126.6572392,37.4497374],[126.6569716,37.4494106],[126.6567423,37.4491296],[126.6565626,37.4489209]]",UNVERIFIED,false,,,,,,,,,,,,
osm-way-481241715-segment-000-001,8eb03c576a7a924e3cb4ab263fba25245431d8d25881c86ee12e7b781b265a61,481241715,4741759448,4741759651,0,1,service,,,,,,,,,,,,,"[[126.6562233,37.4490593],[126.6565626,37.4489209]]",UNVERIFIED,false,,,,,,,,,,,,
osm-way-481241715-segment-001-003,8eb03c576a7a924e3cb4ab263fba25245431d8d25881c86ee12e7b781b265a61,481241715,4741759651,4741759658,1,3,service,,,,,,,,,,,,,"[[126.6565626,37.4489209],[126.6574799,37.4485227],[126.6576446,37.4484546]]",UNVERIFIED,false,,,,,,,,,,,,
osm-way-481241715-segment-003-004,8eb03c576a7a924e3cb4ab263fba25245431d8d25881c86ee12e7b781b265a61,481241715,4741759658,4741759655,3,4,service,,,,,,,,,,,,,"[[126.6576446,37.4484546],[126.6579704,37.44832]]",UNVERIFIED,false,,,,,,,,,,,,
osm-way-481241715-segment-004-005,8eb03c576a7a924e3cb4ab263fba25245431d8d25881c86ee12e7b781b265a61,481241715,4741759655,4741759654,4,5,service,,,,,,,,,,,,,"[[126.6579704,37.44832],[126.65899,37.4478988]]",UNVERIFIED,false,,,,,,,,,,,,
osm-way-481241716-segment-000-002,8eb03c576a7a924e3cb4ab263fba25245431d8d25881c86ee12e7b781b265a61,481241716,4741759655,4741759660,0,2,service,,,,,,,,,,,,,"[[126.6579704,37.44832],[126.6578071,37.4482416],[126.6576524,37.4481435]]",UNVERIFIED,false,,,,,,,,,,,,
osm-way-481241716-segment-002-003,8eb03c576a7a924e3cb4ab263fba25245431d8d25881c86ee12e7b781b265a61,481241716,4741759660,4741759657,2,3,service,,,,,,,,,,,,,"[[126.6576524,37.4481435],[126.6563369,37.4461392]]",UNVERIFIED,false,,,,,,,,,,,,
osm-way-481241717-segment-000-002,8eb03c576a7a924e3cb4ab263fba25245431d8d25881c86ee12e7b781b265a61,481241717,4741759658,4741759660,0,2,service,,,,,,,,,,,,,"[[126.6576446,37.4484546],[126.6576784,37.4482991],[126.6576524,37.4481435]]",UNVERIFIED,false,,,,,,,,,,,,
osm-way-505994421-segment-000-005,8eb03c576a7a924e3cb4ab263fba25245431d8d25881c86ee12e7b781b265a61,505994421,4958020924,4958020941,0,5,service,,,,,,,,,,,,,"[[126.6561551,37.4438807],[126.6562777,37.4440775],[126.6564152,37.4442984],[126.6565457,37.4445079],[126.6566838,37.4447298],[126.6567988,37.4449146]]",UNVERIFIED,false,,,,,,,,,,,,
osm-way-505994421-segment-005-006,8eb03c576a7a924e3cb4ab263fba25245431d8d25881c86ee12e7b781b265a61,505994421,4958020941,4958020938,5,6,service,,,,,,,,,,,,,"[[126.6567988,37.4449146],[126.6569335,37.4451309]]",UNVERIFIED,false,,,,,,,,,,,,
osm-way-505994421-segment-006-007,8eb03c576a7a924e3cb4ab263fba25245431d8d25881c86ee12e7b781b265a61,505994421,4958020938,4958020926,6,7,service,,,,,,,,,,,,,"[[126.6569335,37.4451309],[126.6570598,37.4453337]]",UNVERIFIED,false,,,,,,,,,,,,
osm-way-505994421-segment-007-008,8eb03c576a7a924e3cb4ab263fba25245431d8d25881c86ee12e7b781b265a61,505994421,4958020926,4958020925,7,8,service,,,,,,,,,,,,,"[[126.6570598,37.4453337],[126.657317,37.4457468]]",UNVERIFIED,false,,,,,,,,,,,,
osm-way-505994422-segment-000-001,8eb03c576a7a924e3cb4ab263fba25245431d8d25881c86ee12e7b781b265a61,505994422,4958020926,4958020927,0,1,service,,,,,,,,,,,,,"[[126.6570598,37.4453337],[126.6562796,37.4456335]]",UNVERIFIED,false,,,,,,,,,,,,
osm-way-505994427-segment-000-001,8eb03c576a7a924e3cb4ab263fba25245431d8d25881c86ee12e7b781b265a61,505994427,4958020926,4958020936,0,1,service,,,,,,,,,,,,,"[[126.6570598,37.4453337],[126.6578819,37.4450114]]",UNVERIFIED,false,,,,,,,,,,,,
osm-way-505994428-segment-000-001,8eb03c576a7a924e3cb4ab263fba25245431d8d25881c86ee12e7b781b265a61,505994428,4958020937,4958020938,0,1,service,,,,,,,,,,,,,"[[126.6562433,37.445402],[126.6569335,37.4451309]]",UNVERIFIED,false,,,,,,,,,,,,
osm-way-505994428-segment-001-002,8eb03c576a7a924e3cb4ab263fba25245431d8d25881c86ee12e7b781b265a61,505994428,4958020938,4958020939,1,2,service,,,,,,,,,,,,,"[[126.6569335,37.4451309],[126.6577439,37.4448204]]",UNVERIFIED,false,,,,,,,,,,,,
osm-way-505994429-segment-000-001,8eb03c576a7a924e3cb4ab263fba25245431d8d25881c86ee12e7b781b265a61,505994429,4958020940,4958020941,0,1,service,,,,,,,,,,,,,"[[126.6561194,37.4451857],[126.6567988,37.4449146]]",UNVERIFIED,false,,,,,,,,,,,,
osm-way-505994429-segment-001-002,8eb03c576a7a924e3cb4ab263fba25245431d8d25881c86ee12e7b781b265a61,505994429,4958020941,4958020942,1,2,service,,,,,,,,,,,,,"[[126.6567988,37.4449146],[126.6577828,37.4445338]]",UNVERIFIED,false,,,,,,,,,,,,
osm-way-665737674-segment-000-002,8eb03c576a7a924e3cb4ab263fba25245431d8d25881c86ee12e7b781b265a61,665737674,6231555713,6231555715,0,2,trunk_link,yes,,,,,,,,,,,,"[[126.6576755,37.4534535],[126.6583673,37.4536863],[126.658646,37.4538366]]",UNVERIFIED,false,,,,,,,,,,,,
osm-way-731224474-segment-000-005,8eb03c576a7a924e3cb4ab263fba25245431d8d25881c86ee12e7b781b265a61,731224474,2877968866,2877968880,0,5,service,,,,,,,,,,,,,"[[126.659824,37.4464052],[126.6597127,37.4462645],[126.6595879,37.4460841],[126.6595206,37.4459783],[126.6592422,37.4455405],[126.6589536,37.4450868]]",UNVERIFIED,false,,,,,,,,,,,,
osm-way-731224523-segment-000-001,8eb03c576a7a924e3cb4ab263fba25245431d8d25881c86ee12e7b781b265a61,731224523,2856210688,6848997560,0,1,service,,,,,,,,,,,,,"[[126.655873,37.4539923],[126.6561751,37.4540449]]",UNVERIFIED,false,,,,,,,,,,,,
osm-way-731224525-segment-000-001,8eb03c576a7a924e3cb4ab263fba25245431d8d25881c86ee12e7b781b265a61,731224525,2856212862,2856210688,0,1,service,,,,,,,,,,,,,"[[126.6555565,37.4539497],[126.655873,37.4539923]]",UNVERIFIED,false,,,,,,,,,,,,
osm-way-731224528-segment-000-001,8eb03c576a7a924e3cb4ab263fba25245431d8d25881c86ee12e7b781b265a61,731224528,2856199546,2856199568,0,1,service,,,,,,,,,,,,,"[[126.6546834,37.4543239],[126.6546313,37.4539362]]",UNVERIFIED,false,,,,,,,,,,,,
osm-way-731224528-segment-001-003,8eb03c576a7a924e3cb4ab263fba25245431d8d25881c86ee12e7b781b265a61,731224528,2856199568,2856212908,1,3,service,,,,,,,,,,,,,"[[126.6546313,37.4539362],[126.6546096,37.4537747],[126.6545444,37.4534584]]",UNVERIFIED,false,,,,,,,,,,,,
osm-way-731224529-segment-000-001,8eb03c576a7a924e3cb4ab263fba25245431d8d25881c86ee12e7b781b265a61,731224529,2856218068,6848997561,0,1,service,,,,,,,,,,,,,"[[126.6518524,37.454103],[126.6533791,37.4535226]]",UNVERIFIED,false,,,,,,,,,,,,
osm-way-731224530-segment-000-001,8eb03c576a7a924e3cb4ab263fba25245431d8d25881c86ee12e7b781b265a61,731224530,2881072428,2856199566,0,1,service,,,,,,,,,,,,,"[[126.6542821,37.45398],[126.6542177,37.4539881]]",UNVERIFIED,false,,,,,,,,,,,,
osm-way-731224531-segment-000-001,8eb03c576a7a924e3cb4ab263fba25245431d8d25881c86ee12e7b781b265a61,731224531,2856199568,2881072428,0,1,service,,,,,,,,,,,,,"[[126.6546313,37.4539362],[126.6542821,37.45398]]",UNVERIFIED,false,,,,,,,,,,,,
osm-way-731224532-segment-000-006,8eb03c576a7a924e3cb4ab263fba25245431d8d25881c86ee12e7b781b265a61,731224532,2856199554,2856199546,0,6,service,,,,,,,,,,,,,"[[126.6556916,37.4533355],[126.655586,37.4535153],[126.6555324,37.453609],[126.6554144,37.4537389],[126.6551541,37.4539408],[126.6549155,37.4541179],[126.6546834,37.4543239]]",UNVERIFIED,false,,,,,,,,,,,,
osm-way-731224536-segment-000-002,8eb03c576a7a924e3cb4ab263fba25245431d8d25881c86ee12e7b781b265a61,731224536,2856218037,2856218038,0,2,service,,,,,,,,,,,,,"[[126.6511041,37.4529766],[126.6512087,37.4531555],[126.6514152,37.4534599]]",UNVERIFIED,false,,,,,,,,,,,,
osm-way-731224537-segment-000-003,8eb03c576a7a924e3cb4ab263fba25245431d8d25881c86ee12e7b781b265a61,731224537,2882114717,2882114718,0,3,service,,,,,,,,,,,,,"[[126.6516004,37.4540328],[126.6516191,37.4539944],[126.6515931,37.453831],[126.6515926,37.4537434]]",UNVERIFIED,false,,,,,,,,,,,,
osm-way-731224540-segment-000-002,8eb03c576a7a924e3cb4ab263fba25245431d8d25881c86ee12e7b781b265a61,731224540,2881072425,2881072422,0,2,service,,,,,,,,,,,,,"[[126.6492062,37.4529733],[126.6493768,37.4523896],[126.6493821,37.4523213]]",UNVERIFIED,false,,,,,,,,,,,,
osm-way-731804508-segment-000-002,8eb03c576a7a924e3cb4ab263fba25245431d8d25881c86ee12e7b781b265a61,731804508,4656657827,14067346833,0,2,residential,,,,,,,,,,,,,"[[126.6493598,37.4471815],[126.648292,37.4469539],[126.6481582,37.4469254]]",UNVERIFIED,false,,,,,,,,,,,,
osm-way-731804508-segment-002-003,8eb03c576a7a924e3cb4ab263fba25245431d8d25881c86ee12e7b781b265a61,731804508,14067346833,4658502132,2,3,residential,,,,,,,,,,,,,"[[126.6481582,37.4469254],[126.6466761,37.4466096]]",UNVERIFIED,false,,,,,,,,,,,,
osm-way-731804508-segment-003-006,8eb03c576a7a924e3cb4ab263fba25245431d8d25881c86ee12e7b781b265a61,731804508,4658502132,4656657828,3,6,residential,,,,,,,,,,,,,"[[126.6466761,37.4466096],[126.6450793,37.4462693],[126.6441603,37.4460735],[126.6431803,37.4458646]]",UNVERIFIED,false,,,,,,,,,,,,
osm-way-937727088-segment-000-003,8eb03c576a7a924e3cb4ab263fba25245431d8d25881c86ee12e7b781b265a61,937727088,2262335931,4741759479,0,3,service,,,,,,,,,,,,,"[[126.6544702,37.4514903],[126.6528558,37.4521058],[126.6524453,37.4520187],[126.6518116,37.4510626]]",UNVERIFIED,false,,,,,,,,,,,,
osm-way-940020898-segment-000-003,8eb03c576a7a924e3cb4ab263fba25245431d8d25881c86ee12e7b781b265a61,940020898,2445317858,2877961307,0,3,service,,,,,,,,,,,,,"[[126.6572336,37.4517335],[126.6575754,37.4516413],[126.6581758,37.4514793],[126.6585997,37.4513649]]",UNVERIFIED,false,,,,,,,,,,,,
osm-way-940020899-segment-000-003,8eb03c576a7a924e3cb4ab263fba25245431d8d25881c86ee12e7b781b265a61,940020899,2877961307,2877961308,0,3,service,yes,,,,,,,,,,,,"[[126.6585997,37.4513649],[126.6586465,37.4514753],[126.6601129,37.4515112],[126.6603574,37.4514568]]",UNVERIFIED,false,,,,,,,,,,,,
osm-way-940020900-segment-000-005,8eb03c576a7a924e3cb4ab263fba25245431d8d25881c86ee12e7b781b265a61,940020900,436868703,2881076905,0,5,residential,yes,,,,,,,,,,,,"[[126.65307,37.45222],[126.6533195,37.452378],[126.6537419,37.4524818],[126.6540629,37.4525606],[126.6544806,37.4526633],[126.6548345,37.4527502]]",UNVERIFIED,false,,,,,,,,,,,,
osm-way-940020900-segment-005-006,8eb03c576a7a924e3cb4ab263fba25245431d8d25881c86ee12e7b781b265a61,940020900,2881076905,2401071762,5,6,residential,yes,,,,,,,,,,,,"[[126.6548345,37.4527502],[126.6562076,37.4530877]]",UNVERIFIED,false,,,,,,,,,,,,
osm-way-940020900-segment-006-007,8eb03c576a7a924e3cb4ab263fba25245431d8d25881c86ee12e7b781b265a61,940020900,2401071762,2401071763,6,7,residential,yes,,,,,,,,,,,,"[[126.6562076,37.4530877],[126.6576398,37.4534447]]",UNVERIFIED,false,,,,,,,,,,,,
osm-way-940020900-segment-007-008,8eb03c576a7a924e3cb4ab263fba25245431d8d25881c86ee12e7b781b265a61,940020900,2401071763,6231555713,7,8,residential,yes,,,,,,,,,,,,"[[126.6576398,37.4534447],[126.6576755,37.4534535]]",UNVERIFIED,false,,,,,,,,,,,,
osm-way-940020900-segment-008-009,8eb03c576a7a924e3cb4ab263fba25245431d8d25881c86ee12e7b781b265a61,940020900,6231555713,2855690575,8,9,residential,yes,,,,,,,,,,,,"[[126.6576755,37.4534535],[126.6586179,37.4536846]]",UNVERIFIED,false,,,,,,,,,,,,
osm-way-940020901-segment-000-001,8eb03c576a7a924e3cb4ab263fba25245431d8d25881c86ee12e7b781b265a61,940020901,2855690589,2855690575,0,1,service,,,,,,,,,,,,,"[[126.6585805,37.4537127],[126.6586179,37.4536846]]",UNVERIFIED,false,,,,,,,,,,,,
osm-way-955217469-segment-000-004,8eb03c576a7a924e3cb4ab263fba25245431d8d25881c86ee12e7b781b265a61,955217469,11257934906,436830040,0,4,secondary,,,,,,,,,asphalt,,,,"[[126.6503879,37.4447443],[126.6504113,37.4448422],[126.6504507,37.4450432],[126.6504708,37.4452208],[126.6504795,37.4454029]]",UNVERIFIED,false,,,,,,,,,,,,
osm-way-955217469-segment-004-006,8eb03c576a7a924e3cb4ab263fba25245431d8d25881c86ee12e7b781b265a61,955217469,436830040,11257934912,4,6,secondary,,,,,,,,,asphalt,,,,"[[126.6504795,37.4454029],[126.6504632,37.4455976],[126.6504468,37.4458802]]",UNVERIFIED,false,,,,,,,,,,,,
osm-way-955217469-segment-006-008,8eb03c576a7a924e3cb4ab263fba25245431d8d25881c86ee12e7b781b265a61,955217469,11257934912,2886789147,6,8,secondary,,,,,,,,,asphalt,,,,"[[126.6504468,37.4458802],[126.6504447,37.4461138],[126.6503957,37.4463706]]",UNVERIFIED,false,,,,,,,,,,,,
osm-way-955217469-segment-008-009,8eb03c576a7a924e3cb4ab263fba25245431d8d25881c86ee12e7b781b265a61,955217469,2886789147,2886789154,8,9,secondary,,,,,,,,,asphalt,,,,"[[126.6503957,37.4463706],[126.6503727,37.4464912]]",UNVERIFIED,false,,,,,,,,,,,,
osm-way-955217469-segment-009-011,8eb03c576a7a924e3cb4ab263fba25245431d8d25881c86ee12e7b781b265a61,955217469,2886789154,11257934918,9,11,secondary,,,,,,,,,asphalt,,,,"[[126.6503727,37.4464912],[126.6501251,37.4475882],[126.6500185,37.4480135]]",UNVERIFIED,false,,,,,,,,,,,,
osm-way-955217469-segment-011-012,8eb03c576a7a924e3cb4ab263fba25245431d8d25881c86ee12e7b781b265a61,955217469,11257934918,436836503,11,12,secondary,,,,,,,,,asphalt,,,,"[[126.6500185,37.4480135],[126.6498752,37.4485853]]",UNVERIFIED,false,,,,,,,,,,,,
osm-way-968147725-segment-000-003,8eb03c576a7a924e3cb4ab263fba25245431d8d25881c86ee12e7b781b265a61,968147725,4741759462,8956947365,0,3,service,,,,,,,,,,,,,"[[126.6553011,37.4506885],[126.6554641,37.4506175],[126.655504,37.4506138],[126.6556296,37.4507889]]",UNVERIFIED,false,,,,,,,,,,,,
osm-way-1098489686-segment-000-001,8eb03c576a7a924e3cb4ab263fba25245431d8d25881c86ee12e7b781b265a61,1098489686,4741759460,10058049421,0,1,service,,,,,,,,,asphalt,,,,"[[126.6551299,37.4506979],[126.654882,37.4503235]]",UNVERIFIED,false,,,,,,,,,,,,
osm-way-1098489687-segment-000-001,8eb03c576a7a924e3cb4ab263fba25245431d8d25881c86ee12e7b781b265a61,1098489687,4741759443,10058049431,0,1,service,yes,,,,,,,,asphalt,,,,"[[126.6546486,37.4472949],[126.6544119,37.4468509]]",UNVERIFIED,false,,,,,,,,,,,,
osm-way-1098491073-segment-000-001,8eb03c576a7a924e3cb4ab263fba25245431d8d25881c86ee12e7b781b265a61,1098491073,8956947373,10058056496,0,1,service,,,,,,,,,asphalt,,,,"[[126.6526055,37.448332],[126.6524007,37.4480083]]",UNVERIFIED,false,,,,,,,,,,,,
osm-way-1098491074-segment-000-001,8eb03c576a7a924e3cb4ab263fba25245431d8d25881c86ee12e7b781b265a61,1098491074,4741759492,4741759491,0,1,service,,,,,,,,,,,,,"[[126.6512514,37.4489698],[126.6515963,37.4488071]]",UNVERIFIED,false,,,,,,,,,,,,
osm-way-1098491074-segment-001-002,8eb03c576a7a924e3cb4ab263fba25245431d8d25881c86ee12e7b781b265a61,1098491074,4741759491,4741759503,1,2,service,,,,,,,,,,,,,"[[126.6515963,37.4488071],[126.6524029,37.4484321]]",UNVERIFIED,false,,,,,,,,,,,,
osm-way-1098491075-segment-000-001,8eb03c576a7a924e3cb4ab263fba25245431d8d25881c86ee12e7b781b265a61,1098491075,10058056498,4741759503,0,1,service,yes,,,,,,,,,,,,"[[126.6525739,37.4485087],[126.6524029,37.4484321]]",UNVERIFIED,false,,,,,,,,,,,,
osm-way-1098491076-segment-000-003,8eb03c576a7a924e3cb4ab263fba25245431d8d25881c86ee12e7b781b265a61,1098491076,10058056498,4741759493,0,3,service,yes,,,,,,,,,,,,"[[126.6525739,37.4485087],[126.6525887,37.4484826],[126.6526884,37.4483478],[126.6527431,37.4482803]]",UNVERIFIED,false,,,,,,,,,,,,
osm-way-1098496323-segment-000-001,8eb03c576a7a924e3cb4ab263fba25245431d8d25881c86ee12e7b781b265a61,1098496323,10058120920,10058120921,0,1,residential,,,,,,,,,asphalt,,,,"[[126.6559989,37.4517294],[126.655832,37.4517811]]",UNVERIFIED,false,,,,,,,,,,,,
osm-way-1098496330-segment-000-001,8eb03c576a7a924e3cb4ab263fba25245431d8d25881c86ee12e7b781b265a61,1098496330,2262335931,2262335934,0,1,service,,,,,,,,,,,,,"[[126.6544702,37.4514903],[126.6546715,37.4517233]]",UNVERIFIED,false,,,,,,,,,,,,
osm-way-1098496331-segment-000-001,8eb03c576a7a924e3cb4ab263fba25245431d8d25881c86ee12e7b781b265a61,1098496331,4741759455,4741759446,0,1,service,,,,,,,,,asphalt,,,,"[[126.6537715,37.4504638],[126.653543,37.4501295]]",UNVERIFIED,false,,,,,,,,,,,,
osm-way-1098539002-segment-000-001,8eb03c576a7a924e3cb4ab263fba25245431d8d25881c86ee12e7b781b265a61,1098539002,4741759507,10058460594,0,1,service,,,,,,,,,,,,,"[[126.6552095,37.4487903],[126.6555227,37.4486497]]",UNVERIFIED,false,,,,,,,,,,,,
osm-way-1098539006-segment-000-002,8eb03c576a7a924e3cb4ab263fba25245431d8d25881c86ee12e7b781b265a61,1098539006,10058460613,10058460615,0,2,service,,,,,,,,,,,,,"[[126.6522374,37.4503168],[126.6521798,37.4502247],[126.6525153,37.4500793]]",UNVERIFIED,false,,,,,,,,,,,,
osm-way-1098539014-segment-000-002,8eb03c576a7a924e3cb4ab263fba25245431d8d25881c86ee12e7b781b265a61,1098539014,10058484930,10058484932,0,2,service,yes,,,,,,,,concrete,,,,"[[126.6510121,37.4508836],[126.6512211,37.4509046],[126.6513249,37.4509655]]",UNVERIFIED,false,,,,,,,,,,,,
osm-way-1098539015-segment-000-007,8eb03c576a7a924e3cb4ab263fba25245431d8d25881c86ee12e7b781b265a61,1098539015,4741759445,10058484939,0,7,service,yes,,,,,,,,asphalt,,,,"[[126.6502519,37.4513896],[126.6502,37.4513921],[126.6497488,37.4512165],[126.6495223,37.4510872],[126.6492639,37.4508414],[126.6492604,37.450788],[126.6493347,37.4506953],[126.649388,37.4506846]]",UNVERIFIED,false,,,,,,,,,,,,
osm-way-1098539016-segment-000-001,8eb03c576a7a924e3cb4ab263fba25245431d8d25881c86ee12e7b781b265a61,1098539016,10058484939,10058484940,0,1,service,,,,,,,,,,,,,"[[126.649388,37.4506846],[126.6495807,37.4507037]]",UNVERIFIED,false,,,,,,,,,,,,
osm-way-1098539016-segment-001-005,8eb03c576a7a924e3cb4ab263fba25245431d8d25881c86ee12e7b781b265a61,1098539016,10058484940,10058484948,1,5,service,,,,,,,,,,,,,"[[126.6495807,37.4507037],[126.6499664,37.4511027],[126.6501009,37.4511487],[126.6501894,37.4511406],[126.6502158,37.4511292]]",UNVERIFIED,false,,,,,,,,,,,,
osm-way-1098539016-segment-005-006,8eb03c576a7a924e3cb4ab263fba25245431d8d25881c86ee12e7b781b265a61,1098539016,10058484948,10058484950,5,6,service,,,,,,,,,,,,,"[[126.6502158,37.4511292],[126.6503584,37.4510672]]",UNVERIFIED,false,,,,,,,,,,,,
osm-way-1098539016-segment-006-007,8eb03c576a7a924e3cb4ab263fba25245431d8d25881c86ee12e7b781b265a61,1098539016,10058484950,10058484952,6,7,service,,,,,,,,,,,,,"[[126.6503584,37.4510672],[126.6505024,37.4510052]]",UNVERIFIED,false,,,,,,,,,,,,
osm-way-1098539016-segment-007-008,8eb03c576a7a924e3cb4ab263fba25245431d8d25881c86ee12e7b781b265a61,1098539016,10058484952,10058484954,7,8,service,,,,,,,,,,,,,"[[126.6505024,37.4510052],[126.6506581,37.4509379]]",UNVERIFIED,false,,,,,,,,,,,,
osm-way-1098539016-segment-008-009,8eb03c576a7a924e3cb4ab263fba25245431d8d25881c86ee12e7b781b265a61,1098539016,10058484954,10058484943,8,9,service,,,,,,,,,,,,,"[[126.6506581,37.4509379],[126.6507999,37.4508765]]",UNVERIFIED,false,,,,,,,,,,,,
osm-way-1098539016-segment-009-010,8eb03c576a7a924e3cb4ab263fba25245431d8d25881c86ee12e7b781b265a61,1098539016,10058484943,10058484930,9,10,service,,,,,,,,,,,,,"[[126.6507999,37.4508765],[126.6510121,37.4508836]]",UNVERIFIED,false,,,,,,,,,,,,
osm-way-1098539017-segment-000-001,8eb03c576a7a924e3cb4ab263fba25245431d8d25881c86ee12e7b781b265a61,1098539017,10058484940,10058484947,0,1,service,,,,,,,,,,,,,"[[126.6495807,37.4507037],[126.6496659,37.450524]]",UNVERIFIED,false,,,,,,,,,,,,
osm-way-1098539017-segment-001-002,8eb03c576a7a924e3cb4ab263fba25245431d8d25881c86ee12e7b781b265a61,1098539017,10058484947,10058484949,1,2,service,,,,,,,,,,,,,"[[126.6496659,37.450524],[126.6497761,37.450369]]",UNVERIFIED,false,,,,,,,,,,,,
osm-way-1098539017-segment-002-004,8eb03c576a7a924e3cb4ab263fba25245431d8d25881c86ee12e7b781b265a61,1098539017,10058484949,10058484951,2,4,service,,,,,,,,,,,,,"[[126.6497761,37.450369],[126.6498603,37.4502457],[126.6499146,37.450217]]",UNVERIFIED,false,,,,,,,,,,,,
osm-way-1098539017-segment-004-005,8eb03c576a7a924e3cb4ab263fba25245431d8d25881c86ee12e7b781b265a61,1098539017,10058484951,10058484953,4,5,service,,,,,,,,,,,,,"[[126.6499146,37.450217],[126.6500783,37.4501303]]",UNVERIFIED,false,,,,,,,,,,,,
osm-way-1098539017-segment-005-008,8eb03c576a7a924e3cb4ab263fba25245431d8d25881c86ee12e7b781b265a61,1098539017,10058484953,10058484943,5,8,service,,,,,,,,,,,,,"[[126.6500783,37.4501303],[126.6502425,37.4500434],[126.6508017,37.450809],[126.6507999,37.4508765]]",UNVERIFIED,false,,,,,,,,,,,,
osm-way-1098539018-segment-000-001,8eb03c576a7a924e3cb4ab263fba25245431d8d25881c86ee12e7b781b265a61,1098539018,10058484947,10058484948,0,1,service,,,,,,,,,,,,,"[[126.6496659,37.450524],[126.6502158,37.4511292]]",UNVERIFIED,false,,,,,,,,,,,,
osm-way-1098539019-segment-000-001,8eb03c576a7a924e3cb4ab263fba25245431d8d25881c86ee12e7b781b265a61,1098539019,10058484949,10058484950,0,1,service,,,,,,,,,,,,,"[[126.6497761,37.450369],[126.6503584,37.4510672]]",UNVERIFIED,false,,,,,,,,,,,,
osm-way-1098539020-segment-000-001,8eb03c576a7a924e3cb4ab263fba25245431d8d25881c86ee12e7b781b265a61,1098539020,10058484951,10058484952,0,1,service,,,,,,,,,,,,,"[[126.6499146,37.450217],[126.6505024,37.4510052]]",UNVERIFIED,false,,,,,,,,,,,,
osm-way-1098539021-segment-000-001,8eb03c576a7a924e3cb4ab263fba25245431d8d25881c86ee12e7b781b265a61,1098539021,10058484953,10058484954,0,1,service,,,,,,,,,,,,,"[[126.6500783,37.4501303],[126.6506581,37.4509379]]",UNVERIFIED,false,,,,,,,,,,,,
osm-way-1099890770-segment-000-001,8eb03c576a7a924e3cb4ab263fba25245431d8d25881c86ee12e7b781b265a61,1099890770,10069027266,10069027267,0,1,service,,,,,,,,,concrete,,,,"[[126.6554109,37.4522091],[126.6553059,37.4519855]]",UNVERIFIED,false,,,,,,,,,,,,
osm-way-1215102701-segment-000-004,8eb03c576a7a924e3cb4ab263fba25245431d8d25881c86ee12e7b781b265a61,1215102701,11257934906,11257934910,0,4,secondary_link,yes,,,,,,,,,,,,"[[126.6503879,37.4447443],[126.6506678,37.4449928],[126.6508947,37.4451865],[126.6510479,37.4452473],[126.6512803,37.4452986]]",UNVERIFIED,false,,,,,,,,,,,,
osm-way-1215102702-segment-000-002,8eb03c576a7a924e3cb4ab263fba25245431d8d25881c86ee12e7b781b265a61,1215102702,436830039,11257934912,0,2,secondary_link,yes,,,,,,,,,,,,"[[126.6511351,37.4453438],[126.6507075,37.4456684],[126.6504468,37.4458802]]",UNVERIFIED,false,,,,,,,,,,,,
osm-way-1215102703-segment-000-003,8eb03c576a7a924e3cb4ab263fba25245431d8d25881c86ee12e7b781b265a61,1215102703,11257934912,11257934902,0,3,secondary_link,yes,,,,,,,,,,,,"[[126.6504468,37.4458802],[126.6503018,37.4456144],[126.6501146,37.4454725],[126.6498151,37.4452981]]",UNVERIFIED,false,,,,,,,,,,,,
osm-way-1215102704-segment-000-005,8eb03c576a7a924e3cb4ab263fba25245431d8d25881c86ee12e7b781b265a61,1215102704,11257934918,11257934923,0,5,secondary_link,yes,,,,,,,,,,,,"[[126.6500185,37.4480135],[126.6501488,37.4482741],[126.6501945,37.4483325],[126.650244,37.4483567],[126.6503505,37.4483778],[126.6505577,37.4483995]]",UNVERIFIED,false,,,,,,,,,,,,
osm-way-1215102705-segment-000-003,8eb03c576a7a924e3cb4ab263fba25245431d8d25881c86ee12e7b781b265a61,1215102705,11257934923,11257934926,0,3,secondary_link,yes,,,,,,,,,,,,"[[126.6505577,37.4483995],[126.6501818,37.4486558],[126.6501298,37.4486991],[126.6497772,37.449048]]",UNVERIFIED,false,,,,,,,,,,,,
osm-way-1215102706-segment-000-004,8eb03c576a7a924e3cb4ab263fba25245431d8d25881c86ee12e7b781b265a61,1215102706,11257934927,11257934931,0,4,secondary_link,yes,,,,,,,,,,,,"[[126.6497117,37.44922],[126.6496591,37.4488462],[126.6496299,37.4487273],[126.6495792,37.4486508],[126.6494694,37.4485379]]",UNVERIFIED,false,,,,,,,,,,,,
osm-way-1215117217-segment-000-001,8eb03c576a7a924e3cb4ab263fba25245431d8d25881c86ee12e7b781b265a61,1215117217,436836603,2429042803,0,1,secondary,,,,,,,,,asphalt,,,,"[[126.6482129,37.4518976],[126.6479481,37.4524035]]",UNVERIFIED,false,,,,,,,,,,,,
osm-way-1215117217-segment-001-005,8eb03c576a7a924e3cb4ab263fba25245431d8d25881c86ee12e7b781b265a61,1215117217,2429042803,436836606,1,5,secondary,,,,,,,,,asphalt,,,,"[[126.6479481,37.4524035],[126.6479363,37.4524308],[126.6478956,37.4525531],[126.647884,37.4527423],[126.6479423,37.452929]]",UNVERIFIED,false,,,,,,,,,,,,
osm-way-1215117218-segment-000-003,8eb03c576a7a924e3cb4ab263fba25245431d8d25881c86ee12e7b781b265a61,1215117218,436836634,11257934947,0,3,secondary,yes,,,,,,,,asphalt,,,,"[[126.6495475,37.4496517],[126.649355,37.4500629],[126.6488337,37.4508644],[126.6486557,37.4510138]]",UNVERIFIED,false,,,,,,,,,,,,
osm-way-1215117218-segment-003-006,8eb03c576a7a924e3cb4ab263fba25245431d8d25881c86ee12e7b781b265a61,1215117218,11257934947,436836634,3,6,secondary,yes,,,,,,,,asphalt,,,,"[[126.6486557,37.4510138],[126.6486797,37.4508134],[126.6492063,37.4499801],[126.6495475,37.4496517]]",UNVERIFIED,false,,,,,,,,,,,,
osm-way-1215393150-segment-000-003,8eb03c576a7a924e3cb4ab263fba25245431d8d25881c86ee12e7b781b265a61,1215393150,436836503,11257934926,0,3,secondary,,,,,,,,,asphalt,,,,"[[126.6498752,37.4485853],[126.6498514,37.4487234],[126.6498105,37.4489603],[126.6497772,37.449048]]",UNVERIFIED,false,,,,,,,,,,,,
osm-way-1215393150-segment-003-004,8eb03c576a7a924e3cb4ab263fba25245431d8d25881c86ee12e7b781b265a61,1215393150,11257934926,11257934927,3,4,secondary,,,,,,,,,asphalt,,,,"[[126.6497772,37.449048],[126.6497117,37.44922]]",UNVERIFIED,false,,,,,,,,,,,,
osm-way-1215393150-segment-004-005,8eb03c576a7a924e3cb4ab263fba25245431d8d25881c86ee12e7b781b265a61,1215393150,11257934927,436836634,4,5,secondary,,,,,,,,,asphalt,,,,"[[126.6497117,37.44922],[126.6495475,37.4496517]]",UNVERIFIED,false,,,,,,,,,,,,
osm-way-1215393151-segment-000-001,8eb03c576a7a924e3cb4ab263fba25245431d8d25881c86ee12e7b781b265a61,1215393151,11257934947,436836603,0,1,secondary,,,,,,,,,asphalt,,,,"[[126.6486557,37.4510138],[126.6482129,37.4518976]]",UNVERIFIED,false,,,,,,,,,,,,
osm-way-1223158572-segment-000-001,8eb03c576a7a924e3cb4ab263fba25245431d8d25881c86ee12e7b781b265a61,1223158572,436836606,2881072424,0,1,secondary,,,,,,,,,,,,,"[[126.6479423,37.452929],[126.6482567,37.4533899]]",UNVERIFIED,false,,,,,,,,,,,,
osm-way-1223158572-segment-001-002,8eb03c576a7a924e3cb4ab263fba25245431d8d25881c86ee12e7b781b265a61,1223158572,2881072424,2879019540,1,2,secondary,,,,,,,,,,,,,"[[126.6482567,37.4533899],[126.6486432,37.4540095]]",UNVERIFIED,false,,,,,,,,,,,,
osm-way-1223158572-segment-002-005,8eb03c576a7a924e3cb4ab263fba25245431d8d25881c86ee12e7b781b265a61,1223158572,2879019540,2856218036,2,5,secondary,,,,,,,,,,,,,"[[126.6486432,37.4540095],[126.6489469,37.4544964],[126.6495209,37.4554072],[126.6496634,37.4556453]]",UNVERIFIED,false,,,,,,,,,,,,
osm-way-1223158572-segment-005-009,8eb03c576a7a924e3cb4ab263fba25245431d8d25881c86ee12e7b781b265a61,1223158572,2856218036,436836610,5,9,secondary,,,,,,,,,,,,,"[[126.6496634,37.4556453],[126.6496899,37.4556878],[126.6497874,37.4558441],[126.6499244,37.4561015],[126.6499796,37.4563619]]",UNVERIFIED,false,,,,,,,,,,,,
osm-way-1223158575-segment-000-008,8eb03c576a7a924e3cb4ab263fba25245431d8d25881c86ee12e7b781b265a61,1223158575,436836603,436868703,0,8,secondary,,,,,,,,,,,,,"[[126.6482129,37.4518976],[126.6486647,37.4518723],[126.6492031,37.4518886],[126.6500416,37.4519081],[126.6503815,37.4519338],[126.6510362,37.4519832],[126.6526557,37.4522214],[126.6528817,37.4522344],[126.65307,37.45222]]",UNVERIFIED,false,,,,,,,,,,,,
osm-way-1223158575-segment-008-010,8eb03c576a7a924e3cb4ab263fba25245431d8d25881c86ee12e7b781b265a61,1223158575,436868703,2401071760,8,10,secondary,,,,,,,,,,,,,"[[126.65307,37.45222],[126.6533313,37.4521584],[126.6537646,37.4520049]]",UNVERIFIED,false,,,,,,,,,,,,
osm-way-1223158575-segment-010-012,8eb03c576a7a924e3cb4ab263fba25245431d8d25881c86ee12e7b781b265a61,1223158575,2401071760,2262335934,10,12,secondary,,,,,,,,,,,,,"[[126.6537646,37.4520049],[126.6546599,37.4517272],[126.6546715,37.4517233]]",UNVERIFIED,false,,,,,,,,,,,,
osm-way-1223158575-segment-012-013,8eb03c576a7a924e3cb4ab263fba25245431d8d25881c86ee12e7b781b265a61,1223158575,2262335934,2401071761,12,13,secondary,,,,,,,,,,,,,"[[126.6546715,37.4517233],[126.6558634,37.4514268]]",UNVERIFIED,false,,,,,,,,,,,,
osm-way-1223158575-segment-013-016,8eb03c576a7a924e3cb4ab263fba25245431d8d25881c86ee12e7b781b265a61,1223158575,2401071761,436868707,13,16,secondary,,,,,,,,,,,,,"[[126.6558634,37.4514268],[126.6560988,37.451364],[126.6564433,37.4512721],[126.6564766,37.4512632]]",UNVERIFIED,false,,,,,,,,,,,,
osm-way-1223158575-segment-016-017,8eb03c576a7a924e3cb4ab263fba25245431d8d25881c86ee12e7b781b265a61,1223158575,436868707,2401071755,16,17,secondary,,,,,,,,,,,,,"[[126.6564766,37.4512632],[126.6569674,37.4511411]]",UNVERIFIED,false,,,,,,,,,,,,
osm-way-1223158575-segment-017-019,8eb03c576a7a924e3cb4ab263fba25245431d8d25881c86ee12e7b781b265a61,1223158575,2401071755,4741759621,17,19,secondary,,,,,,,,,,,,,"[[126.6569674,37.4511411],[126.657759,37.450929],[126.6579184,37.4508863]]",UNVERIFIED,false,,,,,,,,,,,,
osm-way-1223158575-segment-019-020,8eb03c576a7a924e3cb4ab263fba25245431d8d25881c86ee12e7b781b265a61,1223158575,4741759621,2877961305,19,20,secondary,,,,,,,,,,,,,"[[126.6579184,37.4508863],[126.6583478,37.4507712]]",UNVERIFIED,false,,,,,,,,,,,,
osm-way-1223158575-segment-020-031,8eb03c576a7a924e3cb4ab263fba25245431d8d25881c86ee12e7b781b265a61,1223158575,2877961305,436879748,20,31,secondary,,,,,,,,,,,,,"[[126.6583478,37.4507712],[126.659551,37.4504488],[126.6598938,37.4503569],[126.6613536,37.4499657],[126.6614048,37.449952],[126.6628126,37.4495747],[126.6631692,37.4494719],[126.6642888,37.4491493],[126.6643918,37.4491592],[126.6658101,37.4490524],[126.6660991,37.4490306],[126.667571,37.4488826]]",UNVERIFIED,false,,,,,,,,,,,,
osm-way-1390060991-segment-000-004,8eb03c576a7a924e3cb4ab263fba25245431d8d25881c86ee12e7b781b265a61,1390060991,12866720413,12866720417,0,4,residential,,,,,,,,,,,,,"[[126.6532052,37.4445424],[126.6536338,37.4452677],[126.65378,37.445485],[126.6539782,37.445826],[126.6546057,37.4467792]]",UNVERIFIED,false,,,,,,,,,,,,
osm-way-1416977807-segment-000-004,8eb03c576a7a924e3cb4ab263fba25245431d8d25881c86ee12e7b781b265a61,1416977807,11257934902,11257934906,0,4,secondary_link,yes,,,,,,,,,,,,"[[126.6498151,37.4452981],[126.6501373,37.4452022],[126.6502451,37.4451009],[126.6503132,37.4449882],[126.6503879,37.4447443]]",UNVERIFIED,false,,,,,,,,,,,,
osm-way-1546646094-segment-000-001,8eb03c576a7a924e3cb4ab263fba25245431d8d25881c86ee12e7b781b265a61,1546646094,14067346833,14067346834,0,1,service,,,,,,,,,paved,,,,"[[126.6481582,37.4469254],[126.6488257,37.4450627]]",UNVERIFIED,false,,,,,,,,,,,,
