building,x,z,ground_y,floor_y,penetration_m
4호관 | OSM 219982956_0,148.516,-46.03402,-2.250992,-5.551167,3.300175
4호관 | OSM 219982956_0,149.016,-46.03402,-2.250992,-5.551167,3.300175
4호관 | OSM 219982956_0,149.516,-46.03402,-2.250992,-5.551167,3.300175
4호관 | OSM 219982956_0,147.516,-45.53402,-3.043166,-5.551167,2.508
4호관 | OSM 219982956_0,148.016,-45.53402,-3.043166,-5.551167,2.508
4호관 | OSM 219982956_0,148.516,-45.53402,-3.043166,-5.551167,2.508
4호관 | OSM 219982956_0,149.016,-45.53402,-3.043166,-5.551167,2.508
4호관 | OSM 219982956_0,149.516,-45.53402,-3.043166,-5.551167,2.508
4호관 | OSM 219982956_0,147.016,-45.03402,-3.893133,-5.551167,1.658033
4호관 | OSM 219982956_0,147.516,-45.03402,-3.893133,-5.551167,1.658033
4호관 | OSM 219982956_0,148.016,-45.03402,-3.893133,-5.551167,1.658033
4호관 | OSM 219982956_0,148.516,-45.03402,-3.893133,-5.551167,1.658033
4호관 | OSM 219982956_0,149.016,-45.03402,-3.893133,-5.551167,1.658033
4호관 | OSM 219982956_0,149.516,-45.03402,-3.893133,-5.551167,1.658033
4호관 | OSM 219982956_0,150.016,-45.03402,-3.86595,-5.551167,1.685217
4호관 | OSM 219982956_0,146.016,-44.53402,-4.743099,-5.551167,0.8080673
4호관 | OSM 219982956_0,146.516,-44.53402,-4.743099,-5.551167,0.8080673
4호관 | OSM 219982956_0,147.016,-44.53402,-4.743099,-5.551167,0.8080673
4호관 | OSM 219982956_0,147.516,-44.53402,-4.743099,-5.551167,0.8080673
4호관 | OSM 219982956_0,148.016,-44.53402,-4.743099,-5.551167,0.8080673
4호관 | OSM 219982956_0,148.516,-44.53402,-4.743099,-5.551167,0.8080673
4호관 | OSM 219982956_0,149.016,-44.53402,-4.743099,-5.551167,0.8080673
4호관 | OSM 219982956_0,149.516,-44.53402,-4.743099,-5.551167,0.8080673
4호관 | OSM 219982956_0,150.016,-44.53402,-4.715916,-5.551167,0.8352509
4호관 | OSM 219982956_0,145.016,-44.03402,-3.978109,-5.551167,1.573057
4호관 | OSM 219982956_0,145.516,-44.03402,-4.828075,-5.551167,0.7230911
4호관 | OSM 219982956_0,150.516,-44.03402,-4.715916,-5.551167,0.8352509
4호관 | OSM 219982956_0,144.016,-43.53402,-3.043166,-5.551167,2.508
4호관 | OSM 219982956_0,144.516,-43.53402,-3.128142,-5.551167,2.423024
4호관 | OSM 219982956_0,145.016,-43.53402,-3.978109,-5.551167,1.573057
4호관 | OSM 219982956_0,145.516,-43.53402,-4.828075,-5.551167,0.7230911
4호관 | OSM 219982956_0,150.516,-43.53402,-4.874685,-5.551167,0.6764812
4호관 | OSM 219982956_0,143.516,-43.03402,-3.893133,-5.551167,1.658033
4호관 | OSM 219982956_0,144.016,-43.03402,-3.893133,-5.551167,1.658033
4호관 | OSM 219982956_0,144.516,-43.03402,-3.893133,-5.551167,1.658033
4호관 | OSM 219982956_0,145.016,-43.03402,-3.978109,-5.551167,1.573057
4호관 | OSM 219982956_0,145.516,-43.03402,-4.828075,-5.551167,0.7230911
4호관 | OSM 219982956_0,150.516,-43.03402,-4.885516,-5.551167,0.6656504
4호관 | OSM 219982956_0,151.016,-43.03402,-4.133062,-5.551167,1.418104
4호관 | OSM 219982956_0,142.516,-42.53402,-4.743099,-5.551167,0.8080673
4호관 | OSM 219982956_0,143.016,-42.53402,-4.743099,-5.551167,0.8080673
4호관 | OSM 219982956_0,143.516,-42.53402,-4.743099,-5.551167,0.8080673
4호관 | OSM 219982956_0,144.016,-42.53402,-4.743099,-5.551167,0.8080673
4호관 | OSM 219982956_0,144.516,-42.53402,-4.743099,-5.551167,0.8080673
4호관 | OSM 219982956_0,145.016,-42.53402,-4.743099,-5.551167,0.8080673
4호관 | OSM 219982956_0,145.516,-42.53402,-4.828075,-5.551167,0.7230911
4호관 | OSM 219982956_0,150.516,-42.53402,-4.885516,-5.551167,0.6656504
4호관 | OSM 219982956_0,151.016,-42.53402,-4.143894,-5.551167,1.407272
4호관 | OSM 219982956_0,151.516,-42.53402,-3.391439,-5.551167,2.159727
4호관 | OSM 219982956_0,141.516,-42.03402,-4.828075,-5.551167,0.7230911
4호관 | OSM 219982956_0,150.516,-42.03402,-4.885516,-5.551167,0.6656504
4호관 | OSM 219982956_0,151.016,-42.03402,-4.143894,-5.551167,1.407272
4호관 | OSM 219982956_0,151.516,-42.03402,-3.402271,-5.551167,2.148895
4호관 | OSM 219982956_0,140.516,-41.53402,-3.128142,-5.551167,2.423024
4호관 | OSM 219982956_0,141.016,-41.53402,-3.978109,-5.551167,1.573057
4호관 | OSM 219982956_0,141.516,-41.53402,-4.828075,-5.551167,0.7230911
4호관 | OSM 219982956_0,151.016,-41.53402,-4.835092,-5.551167,0.7160749
4호관 | OSM 219982956_0,151.516,-41.53402,-4.093469,-5.551167,1.457698
4호관 | OSM 219982956_0,152.016,-41.53402,-3.360949,-5.551167,2.190218
4호관 | OSM 219982956_0,139.516,-41.03402,-3.893133,-5.551167,1.658033
4호관 | OSM 219982956_0,140.016,-41.03402,-3.893133,-5.551167,1.658033
4호관 | OSM 219982956_0,140.516,-41.03402,-3.893133,-5.551167,1.658033
4호관 | OSM 219982956_0,141.016,-41.03402,-3.978109,-5.551167,1.573057
4호관 | OSM 219982956_0,141.516,-41.03402,-4.828075,-5.551167,0.7230911
4호관 | OSM 219982956_0,151.516,-41.03402,-4.835091,-5.551167,0.7160759
4호관 | OSM 219982956_0,152.016,-41.03402,-4.102571,-5.551167,1.448596
4호관 | OSM 219982956_0,139.016,-40.53402,-4.743099,-5.551167,0.8080673
4호관 | OSM 219982956_0,139.516,-40.53402,-4.743099,-5.551167,0.8080673
4호관 | OSM 219982956_0,140.016,-40.53402,-4.743099,-5.551167,0.8080673
4호관 | OSM 219982956_0,140.516,-40.53402,-4.743099,-5.551167,0.8080673
4호관 | OSM 219982956_0,141.016,-40.53402,-4.743099,-5.551167,0.8080673
4호관 | OSM 219982956_0,141.516,-40.53402,-4.828075,-5.551167,0.7230911
4호관 | OSM 219982956_0,152.016,-40.53402,-4.844193,-5.551167,0.7069731
4호관 | OSM 219982956_0,152.516,-40.53402,-4.387165,-5.551167,1.164001
4호관 | OSM 219982956_0,152.516,-40.03402,-5.128787,-5.551167,0.4223795
4호관 | OSM 219982956_0,137.016,-39.53402,-3.978109,-5.551167,1.573057
4호관 | OSM 219982956_0,137.516,-39.53402,-4.828075,-5.551167,0.7230911
4호관 | OSM 219982956_0,153.016,-39.53402,-5.148138,-5.551167,0.4030285
4호관 | OSM 219982956_0,136.016,-39.03402,-3.893133,-5.551167,1.658033
4호관 | OSM 219982956_0,136.516,-39.03402,-3.893133,-5.551167,1.658033
4호관 | OSM 219982956_0,137.016,-39.03402,-3.978109,-5.551167,1.573057
4호관 | OSM 219982956_0,137.516,-39.03402,-4.828075,-5.551167,0.7230911
4호관 | OSM 219982956_0,153.516,-39.03402,-5.148137,-5.551167,0.4030294
4호관 | OSM 219982956_0,135.016,-38.53402,-3.978109,-5.551167,1.573057
4호관 | OSM 219982956_0,135.516,-38.53402,-4.743099,-5.551167,0.8080673
4호관 | OSM 219982956_0,136.016,-38.53402,-4.743099,-5.551167,0.8080673
4호관 | OSM 219982956_0,136.516,-38.53402,-4.743099,-5.551167,0.8080673
4호관 | OSM 219982956_0,137.016,-38.53402,-4.743099,-5.551167,0.8080673
4호관 | OSM 219982956_0,137.516,-38.53402,-4.828075,-5.551167,0.7230911
4호관 | OSM 219982956_0,134.516,-38.03402,-3.128142,-5.551167,2.423024
4호관 | OSM 219982956_0,135.016,-38.03402,-3.978109,-5.551167,1.573057
4호관 | OSM 219982956_0,135.516,-38.03402,-4.828075,-5.551167,0.7230911
4호관 | OSM 219982956_0,133.516,-37.53402,-3.043166,-5.551167,2.508
4호관 | OSM 219982956_0,134.016,-37.53402,-3.043166,-5.551167,2.508
4호관 | OSM 219982956_0,134.516,-37.53402,-3.128142,-5.551167,2.423024
4호관 | OSM 219982956_0,135.016,-37.53402,-3.978109,-5.551167,1.573057
4호관 | OSM 219982956_0,135.516,-37.53402,-4.828075,-5.551167,0.7230911
4호관 | OSM 219982956_0,132.516,-37.03402,-3.893133,-5.551167,1.658033
4호관 | OSM 219982956_0,133.016,-37.03402,-3.893133,-5.551167,1.658033
4호관 | OSM 219982956_0,133.516,-37.03402,-3.893133,-5.551167,1.658033
4호관 | OSM 219982956_0,134.016,-37.03402,-3.893133,-5.551167,1.658033
4호관 | OSM 219982956_0,134.516,-37.03402,-3.893133,-5.551167,1.658033
4호관 | OSM 219982956_0,135.016,-37.03402,-3.978109,-5.551167,1.573057
4호관 | OSM 219982956_0,135.516,-37.03402,-4.828075,-5.551167,0.7230911
4호관 | OSM 219982956_0,131.516,-36.53402,-4.743099,-5.551167,0.8080673
4호관 | OSM 219982956_0,132.016,-36.53402,-4.743099,-5.551167,0.8080673
4호관 | OSM 219982956_0,132.516,-36.53402,-4.743099,-5.551167,0.8080673
4호관 | OSM 219982956_0,133.016,-36.53402,-4.743099,-5.551167,0.8080673
4호관 | OSM 219982956_0,133.516,-36.53402,-4.743099,-5.551167,0.8080673
4호관 | OSM 219982956_0,134.016,-36.53402,-4.743099,-5.551167,0.8080673
4호관 | OSM 219982956_0,134.516,-36.53402,-4.743099,-5.551167,0.8080673
4호관 | OSM 219982956_0,135.016,-36.53402,-4.743099,-5.551167,0.8080673
4호관 | OSM 219982956_0,135.516,-36.53402,-4.828075,-5.551167,0.7230911
4호관 | OSM 219982956_0,130.516,-36.03402,-3.128142,-5.551167,2.423024
4호관 | OSM 219982956_0,131.016,-36.03402,-3.978109,-5.551167,1.573057
4호관 | OSM 219982956_0,131.516,-36.03402,-4.828075,-5.551167,0.7230911
4호관 | OSM 219982956_0,130.016,-35.53402,-3.043166,-5.551167,2.508
4호관 | OSM 219982956_0,130.516,-35.53402,-3.128142,-5.551167,2.423024
4호관 | OSM 219982956_0,131.016,-35.53402,-3.978109,-5.551167,1.573057
4호관 | OSM 219982956_0,131.516,-35.53402,-4.828075,-5.551167,0.7230911
4호관 | OSM 219982956_0,129.016,-35.03402,-3.893133,-5.551167,1.658033
4호관 | OSM 219982956_0,129.516,-35.03402,-3.893133,-5.551167,1.658033
4호관 | OSM 219982956_0,130.016,-35.03402,-3.893133,-5.551167,1.658033
4호관 | OSM 219982956_0,130.516,-35.03402,-3.893133,-5.551167,1.658033
4호관 | OSM 219982956_0,131.016,-35.03402,-3.978109,-5.551167,1.573057
4호관 | OSM 219982956_0,131.516,-35.03402,-4.828075,-5.551167,0.7230911
4호관 | OSM 219982956_0,128.016,-34.53402,-2.278175,-5.551167,3.272991
4호관 | OSM 219982956_0,128.516,-34.53402,-3.128142,-5.551167,2.423024
4호관 | OSM 219982956_0,129.016,-34.53402,-3.978109,-5.551167,1.573057
4호관 | OSM 219982956_0,129.516,-34.53402,-4.743099,-5.551167,0.8080673
4호관 | OSM 219982956_0,130.016,-34.53402,-4.743099,-5.551167,0.8080673
4호관 | OSM 219982956_0,130.516,-34.53402,-4.743099,-5.551167,0.8080673
4호관 | OSM 219982956_0,131.016,-34.53402,-4.743099,-5.551167,0.8080673
4호관 | OSM 219982956_0,131.516,-34.53402,-4.828075,-5.551167,0.7230911
4호관 | OSM 219982956_0,128.016,-34.03402,-2.278175,-5.551167,3.272991
4호관 | OSM 219982956_0,128.516,-34.03402,-3.128142,-5.551167,2.423024
4호관 | OSM 219982956_0,129.016,-34.03402,-3.978109,-5.551167,1.573057
4호관 | OSM 219982956_0,129.516,-34.03402,-4.828075,-5.551167,0.7230911
4호관 | OSM 219982956_0,128.016,-33.53402,-2.278175,-5.551167,3.272991
4호관 | OSM 219982956_0,128.516,-33.53402,-3.128142,-5.551167,2.423024
4호관 | OSM 219982956_0,129.016,-33.53402,-3.978109,-5.551167,1.573057
4호관 | OSM 219982956_0,129.516,-33.53402,-4.828075,-5.551167,0.7230911
4호관 | OSM 219982956_0,128.516,-33.03402,-3.128142,-5.551167,2.423024
4호관 | OSM 219982956_0,129.016,-33.03402,-3.978109,-5.551167,1.573057
4호관 | OSM 219982956_0,129.516,-33.03402,-4.828075,-5.551167,0.7230911
4호관 | OSM 219982956_0,129.016,-32.53402,-3.978109,-5.551167,1.573057
4호관 | OSM 219982956_0,129.516,-32.53402,-4.828075,-5.551167,0.7230911
4호관 | OSM 219982956_0,129.016,-32.03402,-3.978109,-5.551167,1.573057
4호관 | OSM 219982956_0,129.516,-32.03402,-4.828075,-5.551167,0.7230911
4호관 | OSM 219982956_0,129.516,-31.53402,-4.035901,-5.551167,1.515265
4호관 | OSM 219982956_0,130.016,-31.53402,-4.858684,-5.551167,0.6924829
4호관 | OSM 219982956_0,130.516,-31.53402,-4.858684,-5.551167,0.6924829
4호관 | OSM 219982956_0,131.016,-31.53402,-4.858684,-5.551167,0.6924829
4호관 | OSM 219982956_0,131.516,-31.53402,-4.858684,-5.551167,0.6924829
4호관 | OSM 219982956_0,132.016,-31.53402,-4.885867,-5.551167,0.6652994
4호관 | OSM 219982956_0,129.516,-31.03402,-3.185934,-5.551167,2.365232
4호관 | OSM 219982956_0,130.016,-31.03402,-4.008717,-5.551167,1.54245
4호관 | OSM 219982956_0,130.516,-31.03402,-4.008717,-5.551167,1.54245
4호관 | OSM 219982956_0,131.016,-31.03402,-4.008717,-5.551167,1.54245
4호관 | OSM 219982956_0,131.516,-31.03402,-4.008717,-5.551167,1.54245
4호관 | OSM 219982956_0,132.016,-31.03402,-4.0359,-5.551167,1.515266
4호관 | OSM 219982956_0,132.516,-31.03402,-4.885867,-5.551167,0.6652994
4호관 | OSM 219982956_0,130.016,-30.53402,-3.158751,-5.551167,2.392416
4호관 | OSM 219982956_0,130.516,-30.53402,-3.158751,-5.551167,2.392416
4호관 | OSM 219982956_0,131.016,-30.53402,-3.158751,-5.551167,2.392416
4호관 | OSM 219982956_0,131.516,-30.53402,-3.158751,-5.551167,2.392416
4호관 | OSM 219982956_0,132.016,-30.53402,-3.185934,-5.551167,2.365232
4호관 | OSM 219982956_0,132.516,-30.53402,-4.035901,-5.551167,1.515265
4호관 | OSM 219982956_0,133.016,-30.53402,-4.885868,-5.551167,0.6652985
4호관 | OSM 219982956_0,130.016,-30.03402,-2.308784,-5.551167,3.242383
4호관 | OSM 219982956_0,130.516,-30.03402,-2.308784,-5.551167,3.242383
4호관 | OSM 219982956_0,131.016,-30.03402,-2.308784,-5.551167,3.242383
4호관 | OSM 219982956_0,131.516,-30.03402,-2.308784,-5.551167,3.242383
4호관 | OSM 219982956_0,132.016,-30.03402,-2.335967,-5.551167,3.215199
4호관 | OSM 219982956_0,132.516,-30.03402,-3.185934,-5.551167,2.365232
4호관 | OSM 219982956_0,133.016,-30.03402,-4.035901,-5.551167,1.515265
4호관 | OSM 219982956_0,133.516,-30.03402,-4.885867,-5.551167,0.6652994
4호관 | OSM 219982956_0,130.516,-29.53402,-2.250992,-5.551167,3.300175
4호관 | OSM 219982956_0,131.016,-29.53402,-2.250992,-5.551167,3.300175
4호관 | OSM 219982956_0,131.516,-29.53402,-2.250992,-5.551167,3.300175
4호관 | OSM 219982956_0,132.016,-29.53402,-2.278175,-5.551167,3.272991
4호관 | OSM 219982956_0,132.516,-29.53402,-3.128142,-5.551167,2.423024
4호관 | OSM 219982956_0,133.016,-29.53402,-3.978109,-5.551167,1.573057
4호관 | OSM 219982956_0,133.516,-29.53402,-4.828075,-5.551167,0.7230911
4호관 | OSM 219982956_0,131.016,-29.03402,-2.250992,-5.551167,3.300175
4호관 | OSM 219982956_0,131.516,-29.03402,-2.250992,-5.551167,3.300175
4호관 | OSM 219982956_0,132.016,-29.03402,-2.278175,-5.551167,3.272991
4호관 | OSM 219982956_0,132.516,-29.03402,-3.128142,-5.551167,2.423024
4호관 | OSM 219982956_0,133.016,-29.03402,-3.978109,-5.551167,1.573057
4호관 | OSM 219982956_0,133.516,-29.03402,-4.828075,-5.551167,0.7230911
4호관 | OSM 219982956_0,131.016,-28.53402,-2.250992,-5.551167,3.300175
4호관 | OSM 219982956_0,131.516,-28.53402,-2.250992,-5.551167,3.300175
4호관 | OSM 219982956_0,132.016,-28.53402,-2.278175,-5.551167,3.272991
4호관 | OSM 219982956_0,132.516,-28.53402,-3.128142,-5.551167,2.423024
4호관 | OSM 219982956_0,133.016,-28.53402,-3.978109,-5.551167,1.573057
4호관 | OSM 219982956_0,133.516,-28.53402,-4.828075,-5.551167,0.7230911
4호관 | OSM 219982956_0,131.516,-28.03402,-2.250992,-5.551167,3.300175
4호관 | OSM 219982956_0,132.016,-28.03402,-2.278175,-5.551167,3.272991
4호관 | OSM 219982956_0,132.516,-28.03402,-3.128142,-5.551167,2.423024
4호관 | OSM 219982956_0,133.016,-28.03402,-3.978109,-5.551167,1.573057
4호관 | OSM 219982956_0,133.516,-28.03402,-4.828075,-5.551167,0.7230911
4호관 | OSM 219982956_0,131.516,-27.53402,-2.250992,-5.551167,3.300175
4호관 | OSM 219982956_0,132.016,-27.53402,-2.278175,-5.551167,3.272991
4호관 | OSM 219982956_0,132.516,-27.53402,-3.128142,-5.551167,2.423024
4호관 | OSM 219982956_0,133.016,-27.53402,-3.978109,-5.551167,1.573057
4호관 | OSM 219982956_0,133.516,-27.53402,-4.828075,-5.551167,0.7230911
4호관 | OSM 219982956_0,132.016,-27.03402,-2.278175,-5.551167,3.272991
4호관 | OSM 219982956_0,132.516,-27.03402,-3.128142,-5.551167,2.423024
4호관 | OSM 219982956_0,133.016,-27.03402,-3.978109,-5.551167,1.573057
4호관 | OSM 219982956_0,133.516,-27.03402,-4.828075,-5.551167,0.7230911
4호관 | OSM 219982956_0,132.016,-26.53402,-2.278175,-5.551167,3.272991
4호관 | OSM 219982956_0,132.516,-26.53402,-3.128142,-5.551167,2.423024
4호관 | OSM 219982956_0,133.016,-26.53402,-3.978109,-5.551167,1.573057
4호관 | OSM 219982956_0,133.516,-26.53402,-4.828075,-5.551167,0.7230911
4호관 | OSM 219982956_0,132.516,-26.03402,-3.128142,-5.551167,2.423024
4호관 | OSM 219982956_0,133.016,-26.03402,-3.978109,-5.551167,1.573057
4호관 | OSM 219982956_0,133.516,-26.03402,-4.828075,-5.551167,0.7230911
4호관 | OSM 219982956_0,133.016,-25.53402,-3.186646,-5.551167,2.364521
4호관 | OSM 219982956_0,133.516,-25.53402,-4.036612,-5.551167,1.514555
4호관 | OSM 219982956_0,134.016,-25.53402,-4.886554,-5.551167,0.6646128
4호관 | OSM 219982956_0,133.016,-25.03402,-2.337442,-5.551167,3.213724
4호관 | OSM 219982956_0,133.516,-25.03402,-3.187408,-5.551167,2.363758
4호관 | OSM 219982956_0,134.016,-25.03402,-4.037351,-5.551167,1.513816
4호관 | OSM 219982956_0,134.516,-25.03402,-4.886554,-5.551167,0.6646128
4호관 | OSM 219982956_0,133.516,-24.53402,-2.338204,-5.551167,3.212962
4호관 | OSM 219982956_0,134.016,-24.53402,-3.188147,-5.551167,2.36302
4호관 | OSM 219982956_0,134.516,-24.53402,-4.03735,-5.551167,1.513817
4호관 | OSM 219982956_0,135.016,-24.53402,-4.886554,-5.551167,0.6646128
4호관 | OSM 219982956_0,133.516,-24.03402,-2.253992,-5.551167,3.297174
4호관 | OSM 219982956_0,134.016,-24.03402,-2.338943,-5.551167,3.212223
4호관 | OSM 219982956_0,134.516,-24.03402,-3.188147,-5.551167,2.36302
4호관 | OSM 219982956_0,135.016,-24.03402,-4.037351,-5.551167,1.513816
4호관 | OSM 219982956_0,135.516,-24.03402,-4.886554,-5.551167,0.6646128
4호관 | OSM 219982956_0,134.016,-23.53402,-2.281203,-5.551167,3.269963
4호관 | OSM 219982956_0,134.516,-23.53402,-3.130406,-5.551167,2.42076
4호관 | OSM 219982956_0,135.016,-23.53402,-3.97961,-5.551167,1.571556
4호관 | OSM 219982956_0,135.516,-23.53402,-4.828814,-5.551167,0.722353
4호관 | OSM 219982956_0,134.016,-23.03402,-2.281203,-5.551167,3.269963
4호관 | OSM 219982956_0,134.516,-23.03402,-3.130406,-5.551167,2.42076
4호관 | OSM 219982956_0,135.016,-23.03402,-3.97961,-5.551167,1.571556
4호관 | OSM 219982956_0,135.516,-23.03402,-4.828814,-5.551167,0.722353
4호관 | OSM 219982956_0,134.516,-22.53402,-3.130406,-5.551167,2.42076
4호관 | OSM 219982956_0,135.016,-22.53402,-3.97961,-5.551167,1.571556
4호관 | OSM 219982956_0,135.516,-22.53402,-4.828814,-5.551167,0.722353
4호관 | OSM 219982956_0,135.016,-22.03402,-3.97961,-5.551167,1.571556
4호관 | OSM 219982956_0,135.516,-22.03402,-4.828814,-5.551167,0.722353
4호관 | OSM 219982956_0,135.016,-21.53402,-3.188147,-5.551167,2.36302
4호관 | OSM 219982956_0,135.516,-21.53402,-4.03735,-5.551167,1.513817
4호관 | OSM 219982956_0,136.016,-21.53402,-4.886554,-5.551167,0.6646128
4호관 | OSM 219982956_0,135.516,-21.03402,-3.188147,-5.551167,2.36302
4호관 | OSM 219982956_0,136.016,-21.03402,-4.037351,-5.551167,1.513816
4호관 | OSM 219982956_0,136.516,-21.03402,-4.886554,-5.551167,0.6646128
4호관 | OSM 219982956_0,135.516,-20.53402,-2.338943,-5.551167,3.212224
4호관 | OSM 219982956_0,136.016,-20.53402,-3.188147,-5.551167,2.36302
4호관 | OSM 219982956_0,136.516,-20.53402,-4.03735,-5.551167,1.513817
4호관 | OSM 219982956_0,137.016,-20.53402,-4.886554,-5.551167,0.6646128
4호관 | OSM 219982956_0,136.016,-20.03402,-2.338943,-5.551167,3.212223
4호관 | OSM 219982956_0,136.516,-20.03402,-3.188147,-5.551167,2.36302
4호관 | OSM 219982956_0,137.016,-20.03402,-4.037351,-5.551167,1.513816
4호관 | OSM 219982956_0,137.516,-20.03402,-4.886554,-5.551167,0.6646128
4호관 | OSM 219982956_0,136.016,-19.53402,-2.28189,-5.551167,3.269277
4호관 | OSM 219982956_0,136.516,-19.53402,-3.130406,-5.551167,2.42076
4호관 | OSM 219982956_0,137.016,-19.53402,-3.97961,-5.551167,1.571556
4호관 | OSM 219982956_0,137.516,-19.53402,-4.828814,-5.551167,0.722353
4호관 | OSM 219982956_0,136.516,-19.03402,-3.131094,-5.551167,2.420073
4호관 | OSM 219982956_0,137.016,-19.03402,-3.97961,-5.551167,1.571556
4호관 | OSM 219982956_0,137.516,-19.03402,-4.828814,-5.551167,0.722353
4호관 | OSM 219982956_0,137.016,-18.53402,-3.980297,-5.551167,1.570869
4호관 | OSM 219982956_0,137.516,-18.53402,-4.828814,-5.551167,0.722353
4호관 | OSM 219982956_0,137.016,-18.03402,-3.981061,-5.551167,1.570106
4호관 | OSM 219982956_0,137.516,-18.03402,-4.829501,-5.551167,0.7216654
4호관 | OSM 219982956_0,137.516,-17.53402,-4.0388,-5.551167,1.512366
4호관 | OSM 219982956_0,138.016,-17.53402,-4.88724,-5.551167,0.6639261
4호관 | OSM 219982956_0,137.516,-17.03402,-3.19036,-5.551167,2.360806
4호관 | OSM 219982956_0,138.016,-17.03402,-4.0388,-5.551167,1.512366
4호관 | OSM 219982956_0,138.516,-17.03402,-4.887241,-5.551167,0.6639252
4호관 | OSM 219982956_0,138.016,-16.53402,-3.19036,-5.551167,2.360806
4호관 | OSM 219982956_0,138.516,-16.53402,-4.038801,-5.551167,1.512365
4호관 | OSM 219982956_0,139.016,-16.53402,-4.887241,-5.551167,0.6639252
4호관 | OSM 219982956_0,138.016,-16.03402,-2.341919,-5.551167,3.209248
4호관 | OSM 219982956_0,138.516,-16.03402,-3.190361,-5.551167,2.360806
4호관 | OSM 219982956_0,139.016,-16.03402,-4.038801,-5.551167,1.512365
4호관 | OSM 219982956_0,139.516,-16.03402,-4.887241,-5.551167,0.6639252
4호관 | OSM 219982956_0,138.516,-15.53402,-3.132672,-5.551167,2.418494
4호관 | OSM 219982956_0,139.016,-15.53402,-3.981112,-5.551167,1.570054
4호관 | OSM 219982956_0,139.516,-15.53402,-4.829553,-5.551167,0.7216139
4호관 | OSM 219982956_0,139.016,-15.03402,-3.981112,-5.551167,1.570054
4호관 | OSM 219982956_0,139.516,-15.03402,-4.829553,-5.551167,0.7216139
4호관 | OSM 219982956_0,139.016,-14.53402,-3.981112,-5.551167,1.570054
4호관 | OSM 219982956_0,139.516,-14.53402,-4.829553,-5.551167,0.7216139
4호관 | OSM 219982956_0,139.516,-14.03402,-4.829553,-5.551167,0.7216139
4호관 | OSM 219982956_0,139.516,-13.53402,-4.039512,-5.551167,1.511655
4호관 | OSM 219982956_0,140.016,-13.53402,-4.887928,-5.551167,0.6632385
4호관 | OSM 219982956_0,140.016,-13.03402,-4.040251,-5.551167,1.510916
4호관 | OSM 219982956_0,140.516,-13.03402,-4.887928,-5.551167,0.6632385
4호관 | OSM 219982956_0,140.016,-12.53402,-3.192573,-5.551167,2.358594
4호관 | OSM 219982956_0,140.516,-12.53402,-4.04025,-5.551167,1.510917
4호관 | OSM 219982956_0,141.016,-12.53402,-4.887927,-5.551167,0.6632395
4호관 | OSM 219982956_0,168.516,-12.53402,-5.498928,-5.551167,0.05223846
4호관 | OSM 219982956_0,140.516,-12.03402,-3.192573,-5.551167,2.358594
4호관 | OSM 219982956_0,141.016,-12.03402,-4.04025,-5.551167,1.510917
4호관 | OSM 219982956_0,141.516,-12.03402,-4.887928,-5.551167,0.6632385
4호관 | OSM 219982956_0,168.516,-12.03402,-5.476039,-5.551167,0.0751276
4호관 | OSM 219982956_0,141.016,-11.53402,-3.982614,-5.551167,1.568553
4호관 | OSM 219982956_0,141.516,-11.53402,-4.830292,-5.551167,0.7208748
4호관 | OSM 219982956_0,169.016,-11.53402,-5.462862,-5.551167,0.08830452
4호관 | OSM 219982956_0,141.016,-11.03402,-3.982614,-5.551167,1.568553
4호관 | OSM 219982956_0,141.516,-11.03402,-4.830292,-5.551167,0.7208748
4호관 | OSM 219982956_0,169.516,-11.03402,-5.462862,-5.551167,0.08830452
4호관 | OSM 219982956_0,141.516,-10.53402,-4.830292,-5.551167,0.7208748
4호관 | OSM 219982956_0,141.516,-10.03402,-4.830292,-5.551167,0.7208748
4호관 | OSM 219982956_0,142.016,-9.534019,-4.887928,-5.551167,0.6632385
4호관 | OSM 219982956_0,142.016,-9.034019,-4.040251,-5.551167,1.510916
4호관 | OSM 219982956_0,142.516,-9.034019,-4.887928,-5.551167,0.6632385
4호관 | OSM 219982956_0,170.516,-9.034019,-5.043781,-5.551167,0.5073853
4호관 | OSM 219982956_0,142.516,-8.534019,-4.04025,-5.551167,1.510917
4호관 | OSM 219982956_0,143.016,-8.534019,-4.887927,-5.551167,0.6632395
4호관 | OSM 219982956_0,170.516,-8.534019,-5.043781,-5.551167,0.5073853
4호관 | OSM 219982956_0,143.016,-8.034019,-4.04025,-5.551167,1.510917
4호관 | OSM 219982956_0,143.516,-8.034019,-4.887928,-5.551167,0.6632385
4호관 | OSM 219982956_0,170.516,-8.034019,-5.043781,-5.551167,0.5073853
4호관 | OSM 219982956_0,171.016,-8.034019,-4.455519,-5.551167,1.095648
4호관 | OSM 219982956_0,143.016,-7.534019,-3.982614,-5.551167,1.568553
4호관 | OSM 219982956_0,143.516,-7.534019,-4.830292,-5.551167,0.7208748
4호관 | OSM 219982956_0,168.516,-7.534019,-4.968194,-5.551167,0.5829725
4호관 | OSM 219982956_0,169.016,-7.534019,-4.968194,-5.551167,0.5829725
4호관 | OSM 219982956_0,169.516,-7.534019,-4.968194,-5.551167,0.5829725
4호관 | OSM 219982956_0,170.016,-7.534019,-4.967608,-5.551167,0.5835581
4호관 | OSM 219982956_0,170.516,-7.534019,-4.892315,-5.551167,0.6588516
4호관 | OSM 219982956_0,171.016,-7.534019,-4.304052,-5.551167,1.247114
4호관 | OSM 219982956_0,171.516,-7.534019,-3.715791,-5.551167,1.835376
4호관 | OSM 219982956_0,143.516,-7.034019,-4.830292,-5.551167,0.7208748
4호관 | OSM 219982956_0,168.516,-7.034019,-4.894965,-5.551167,0.6562014
4호관 | OSM 219982956_0,169.016,-7.034019,-4.235727,-5.551167,1.315439
4호관 | OSM 219982956_0,169.516,-7.034019,-4.235727,-5.551167,1.315439
4호관 | OSM 219982956_0,170.016,-7.034019,-4.235142,-5.551167,1.316025
4호관 | OSM 219982956_0,170.516,-7.034019,-4.21683,-5.551167,1.334336
4호관 | OSM 219982956_0,171.016,-7.034019,-4.141537,-5.551167,1.40963
4호관 | OSM 219982956_0,171.516,-7.034019,-3.553275,-5.551167,1.997891
4호관 | OSM 219982956_0,143.516,-6.534019,-4.830292,-5.551167,0.7208748
4호관 | OSM 219982956_0,168.516,-6.534019,-4.894965,-5.551167,0.6562014
4호관 | OSM 219982956_0,169.016,-6.534019,-4.162498,-5.551167,1.388668
4호관 | OSM 219982956_0,169.516,-6.534019,-3.503261,-5.551167,2.047906
4호관 | OSM 219982956_0,170.016,-6.534019,-3.502675,-5.551167,2.048491
4호관 | OSM 219982956_0,170.516,-6.534019,-3.484364,-5.551167,2.066803
4호관 | OSM 219982956_0,168.516,-6.034019,-4.894965,-5.551167,0.6562014
4호관 | OSM 219982956_0,169.016,-6.034019,-4.162498,-5.551167,1.388668
4호관 | OSM 219982956_0,169.516,-6.034019,-3.430032,-5.551167,2.121135
4호관 | OSM 219982956_0,144.016,-5.534019,-4.888614,-5.551167,0.6625528
4호관 | OSM 219982956_0,166.516,-5.534019,-4.892105,-5.551167,0.6590614
4호관 | OSM 219982956_0,167.016,-5.534019,-4.892105,-5.551167,0.6590614
4호관 | OSM 219982956_0,167.516,-5.534019,-4.892105,-5.551167,0.6590614
4호관 | OSM 219982956_0,168.016,-5.534019,-4.890983,-5.551167,0.6601839
4호관 | OSM 219982956_0,168.516,-5.534019,-4.786165,-5.551167,0.7650013
4호관 | OSM 219982956_0,144.516,-5.034019,-4.888614,-5.551167,0.6625528
4호관 | OSM 219982956_0,166.516,-5.034019,-4.810715,-5.551167,0.7404518
4호관 | OSM 219982956_0,167.016,-5.034019,-4.077999,-5.551167,1.473167
4호관 | OSM 219982956_0,167.516,-5.034019,-4.077999,-5.551167,1.473167
4호관 | OSM 219982956_0,145.016,-4.534019,-4.888615,-5.551167,0.6625519
4호관 | OSM 219982956_0,166.516,-4.534019,-4.810715,-5.551167,0.7404518
4호관 | OSM 219982956_0,167.016,-4.534019,-3.996609,-5.551167,1.554558
4호관 | OSM 219982956_0,145.016,-4.034019,-4.0417,-5.551167,1.509466
4호관 | OSM 219982956_0,145.516,-4.034019,-4.888615,-5.551167,0.6625519
4호관 | OSM 219982956_0,145.516,-3.534019,-4.83103,-5.551167,0.7201366
4호관 | OSM 219982956_0,162.516,-3.534019,-4.882861,-5.551167,0.6683054
4호관 | OSM 219982956_0,163.016,-3.534019,-4.882861,-5.551167,0.6683054
4호관 | OSM 219982956_0,163.516,-3.534019,-4.882861,-5.551167,0.6683054
4호관 | OSM 219982956_0,164.016,-3.534019,-4.882056,-5.551167,0.6691103
4호관 | OSM 219982956_0,164.516,-3.534019,-4.859394,-5.551167,0.6917725
4호관 | OSM 219982956_0,165.016,-3.534019,-4.859394,-5.551167,0.6917725
4호관 | OSM 219982956_0,145.516,-3.034019,-4.83103,-5.551167,0.7201366
4호관 | OSM 219982956_0,162.516,-3.034019,-4.800479,-5.551167,0.7506876
4호관 | OSM 219982956_0,163.016,-3.034019,-4.058836,-5.551167,1.492331
4호관 | OSM 219982956_0,163.516,-3.034019,-4.058836,-5.551167,1.492331
4호관 | OSM 219982956_0,164.016,-3.034019,-4.058031,-5.551167,1.493135
4호관 | OSM 219982956_0,162.516,-2.534019,-4.800479,-5.551167,0.7506876
4호관 | OSM 219982956_0,163.016,-2.534019,-3.976454,-5.551167,1.574713
4호관 | OSM 219982956_0,158.516,-1.534019,-4.873616,-5.551167,0.6775503
4호관 | OSM 219982956_0,159.016,-1.534019,-4.873616,-5.551167,0.6775503
4호관 | OSM 219982956_0,159.516,-1.534019,-4.873616,-5.551167,0.6775503
4호관 | OSM 219982956_0,160.016,-1.534019,-4.873128,-5.551167,0.6780386
4호관 | OSM 219982956_0,160.516,-1.534019,-4.859394,-5.551167,0.6917725
4호관 | OSM 219982956_0,161.016,-1.534019,-4.859394,-5.551167,0.6917725
4호관 | OSM 219982956_0,161.516,-1.534019,-4.859394,-5.551167,0.6917725
4호관 | OSM 219982956_0,158.516,-1.034019,-4.790242,-5.551167,0.7609243
4호관 | OSM 219982956_0,159.016,-1.034019,-4.039673,-5.551167,1.511494
4호관 | OSM 219982956_0,159.516,-1.034019,-4.039673,-5.551167,1.511494
4호관 | OSM 219982956_0,160.016,-1.034019,-4.039185,-5.551167,1.511982
4호관 | OSM 219982956_0,160.516,-1.034019,-4.023925,-5.551167,1.527242
4호관 | OSM 219982956_0,147.016,-0.5340195,-4.888615,-5.551167,0.6625519
4호관 | OSM 219982956_0,158.516,-0.5340195,-4.790242,-5.551167,0.7609243
4호관 | OSM 219982956_0,159.016,-0.5340195,-3.956299,-5.551167,1.594868
4호관 | OSM 219982956_0,159.516,-0.5340195,-3.205729,-5.551167,2.345438
4호관 | OSM 219982956_0,147.516,-0.03401947,-4.888615,-5.551167,0.6625519
4호관 | OSM 219982956_0,158.516,-0.03401947,-4.790242,-5.551167,0.7609243
4호관 | OSM 219982956_0,147.516,0.4659805,-4.041699,-5.551167,1.509467
4호관 | OSM 219982956_0,148.016,0.4659805,-4.888614,-5.551167,0.6625528
4호관 | OSM 219982956_0,154.516,0.4659805,-4.862239,-5.551167,0.6889277
4호관 | OSM 219982956_0,155.016,0.4659805,-4.862239,-5.551167,0.6889277
4호관 | OSM 219982956_0,155.516,0.4659805,-4.862239,-5.551167,0.6889277
4호관 | OSM 219982956_0,156.016,0.4659805,-4.862165,-5.551167,0.6890011
4호관 | OSM 219982956_0,156.516,0.4659805,-4.860106,-5.551167,0.691061
4호관 | OSM 219982956_0,157.016,0.4659805,-4.860106,-5.551167,0.691061
4호관 | OSM 219982956_0,157.516,0.4659805,-4.860106,-5.551167,0.691061
4호관 | OSM 219982956_0,148.016,0.9659805,-4.041699,-5.551167,1.509467
4호관 | OSM 219982956_0,148.516,0.9659805,-4.888614,-5.551167,0.6625528
4호관 | OSM 219982956_0,154.516,0.9659805,-4.777644,-5.551167,0.7735224
4호관 | OSM 219982956_0,155.016,0.9659805,-4.016088,-5.551167,1.535079
4호관 | OSM 219982956_0,155.516,0.9659805,-4.016088,-5.551167,1.535079
4호관 | OSM 219982956_0,156.016,0.9659805,-4.016014,-5.551167,1.535152
4호관 | OSM 219982956_0,156.516,0.9659805,-4.013725,-5.551167,1.537441
4호관 | OSM 219982956_0,148.016,1.465981,-3.194785,-5.551167,2.356381
4호관 | OSM 219982956_0,148.516,1.465981,-4.041699,-5.551167,1.509467
4호관 | OSM 219982956_0,149.016,1.465981,-4.888615,-5.551167,0.6625519
4호관 | OSM 219982956_0,154.516,1.465981,-4.777644,-5.551167,0.7735224
4호관 | OSM 219982956_0,155.016,1.465981,-3.931493,-5.551167,1.619674
4호관 | OSM 219982956_0,155.516,1.465981,-3.169935,-5.551167,2.381231
4호관 | OSM 219982956_0,156.016,1.465981,-3.169863,-5.551167,2.381304
4호관 | OSM 219982956_0,148.516,1.965981,-3.194784,-5.551167,2.356382
4호관 | OSM 219982956_0,149.016,1.965981,-4.0417,-5.551167,1.509466
4호관 | OSM 219982956_0,149.516,1.965981,-4.888615,-5.551167,0.6625519
4호관 | OSM 219982956_0,154.516,1.965981,-4.777644,-5.551167,0.7735224
4호관 | OSM 219982956_0,155.016,1.965981,-3.931493,-5.551167,1.619674
4호관 | OSM 219982956_0,148.516,2.465981,-2.34787,-5.551167,3.203297
4호관 | OSM 219982956_0,149.016,2.465981,-3.194785,-5.551167,2.356381
4호관 | OSM 219982956_0,149.516,2.465981,-4.041699,-5.551167,1.509467
4호관 | OSM 219982956_0,150.016,2.465981,-4.861503,-5.551167,0.6896639
4호관 | OSM 219982956_0,150.516,2.465981,-4.860817,-5.551167,0.6903496
4호관 | OSM 219982956_0,151.016,2.465981,-4.860817,-5.551167,0.6903496
4호관 | OSM 219982956_0,151.516,2.465981,-4.860817,-5.551167,0.6903496
4호관 | OSM 219982956_0,152.016,2.465981,-4.860817,-5.551167,0.6903496
4호관 | OSM 219982956_0,152.516,2.465981,-4.860817,-5.551167,0.6903496
4호관 | OSM 219982956_0,153.016,2.465981,-4.860817,-5.551167,0.6903496
4호관 | OSM 219982956_0,153.516,2.465981,-4.860817,-5.551167,0.6903496
4호관 | OSM 219982956_0,154.016,2.465981,-4.860792,-5.551167,0.6903744
4호관 | OSM 219982956_0,149.016,2.965981,-2.347871,-5.551167,3.203296
4호관 | OSM 219982956_0,149.516,2.965981,-3.194785,-5.551167,2.356381
4호관 | OSM 219982956_0,150.016,2.965981,-4.014588,-5.551167,1.536578
4호관 | OSM 219982956_0,150.516,2.965981,-4.013825,-5.551167,1.537341
4호관 | OSM 219982956_0,151.016,2.965981,-4.01314,-5.551167,1.538027
4호관 | OSM 219982956_0,151.516,2.965981,-4.01314,-5.551167,1.538027
4호관 | OSM 219982956_0,152.016,2.965981,-4.01314,-5.551167,1.538027
4호관 | OSM 219982956_0,152.516,2.965981,-4.01314,-5.551167,1.538027
4호관 | OSM 219982956_0,153.016,2.965981,-4.01314,-5.551167,1.538027
4호관 | OSM 219982956_0,149.516,3.465981,-2.347871,-5.551167,3.203296
4호관 | OSM 219982956_0,150.016,3.465981,-3.167674,-5.551167,2.383492
4호관 | OSM 219982956_0,150.516,3.465981,-3.166911,-5.551167,2.384255
4호관 | OSM 219982956_0,151.016,3.465981,-3.166148,-5.551167,2.385018
4호관 | OSM 219982956_0,151.516,3.465981,-3.165462,-5.551167,2.385705
4호관 | OSM 219982956_0,152.016,3.465981,-3.165462,-5.551167,2.385705
4호관 | OSM 219982956_0,149.516,3.965981,-2.2632,-5.551167,3.287967
4호관 | OSM 219982956_0,150.016,3.965981,-2.320759,-5.551167,3.230408
4호관 | OSM 219982956_0,150.516,3.965981,-2.319996,-5.551167,3.231171
4호관 | OSM 219982956_0,151.016,3.965981,-2.319233,-5.551167,3.231934
4호관 | OSM 219982956_0,150.016,4.465981,-2.263175,-5.551167,3.287992
4호관 | OSM 219982956_0,150.516,4.465981,-2.262412,-5.551167,3.288754
9호관 | OSM 568420969_0,204.2409,-307.997,-4.419527,-4.443181,0.02365398
9호관 | OSM 568420969_0,208.2409,-300.497,-4.379316,-4.443181,0.06386471
9호관 | OSM 568420969_0,208.7409,-299.997,-4.379696,-4.443181,0.06348515
9호관 | OSM 568420969_0,210.2409,-296.997,-4.401149,-4.443181,0.04203224
9호관 | OSM 568420969_0,210.7409,-296.497,-4.401149,-4.443181,0.04203224
9호관 | OSM 568420969_0,210.7409,-295.997,-4.30861,-4.443181,0.1345711
9호관 | OSM 568420969_0,211.2409,-295.997,-4.401694,-4.443181,0.04148674
9호관 | OSM 568420969_0,211.2409,-295.497,-4.401694,-4.443181,0.04148674
9호관 | OSM 568420969_0,211.2409,-294.997,-4.401694,-4.443181,0.04148674
9호관 | OSM 568420969_0,212.7409,-292.497,-4.340687,-4.443181,0.1024942
9호관 | OSM 568420969_0,213.2409,-291.997,-4.341464,-4.443181,0.101717
9호관 | OSM 568420969_0,213.2409,-291.497,-4.341464,-4.443181,0.101717
9호관 | OSM 568420969_0,223.2409,-290.997,-4.382305,-4.443181,0.06087589
9호관 | OSM 568420969_0,223.7409,-290.997,-4.382305,-4.443181,0.06087589
9호관 | OSM 568420969_0,224.2409,-290.997,-4.390027,-4.443181,0.05315399
9호관 | OSM 568420969_0,223.2409,-290.497,-4.344166,-4.443181,0.09901524
9호관 | OSM 568420969_0,218.7409,-289.497,-4.391046,-4.443181,0.05213547
9호관 | OSM 568420969_0,219.2409,-289.497,-4.391046,-4.443181,0.05213547
9호관 | OSM 568420969_0,219.7409,-289.497,-4.391046,-4.443181,0.05213547
9호관 | OSM 568420969_0,220.2409,-289.497,-4.396929,-4.443181,0.04625225
9호관 | OSM 568420969_0,220.7409,-289.497,-4.403325,-4.443181,0.03985596
9호관 | OSM 568420969_0,221.2409,-289.497,-4.403325,-4.443181,0.03985596
9호관 | OSM 568420969_0,221.7409,-289.497,-4.403325,-4.443181,0.03985596
9호관 | OSM 568420969_0,218.7409,-288.997,-4.319124,-4.443181,0.1240568
9호관 | OSM 568420969_0,219.2409,-288.997,-4.239974,-4.443181,0.203207
9호관 | OSM 568420969_0,219.7409,-288.997,-4.239974,-4.443181,0.203207
9호관 | OSM 568420969_0,220.2409,-288.997,-4.245857,-4.443181,0.1973238
9호관 | OSM 568420969_0,220.7409,-288.997,-4.258065,-4.443181,0.1851158
9호관 | OSM 568420969_0,214.7409,-288.497,-4.259295,-4.443181,0.1838865
9호관 | OSM 568420969_0,218.7409,-288.497,-4.319124,-4.443181,0.1240568
9호관 | OSM 568420969_0,219.2409,-288.497,-4.168054,-4.443181,0.2751274
9호관 | OSM 568420969_0,219.7409,-288.497,-4.088903,-4.443181,0.3542776
9호관 | OSM 568420969_0,215.2409,-287.997,-4.259133,-4.443181,0.1840477
9호관 | OSM 568420969_0,218.7409,-287.997,-4.318873,-4.443181,0.1243076
9호관 | OSM 568420969_0,215.7409,-287.497,-4.231667,-4.443181,0.2115145
9호관 | OSM 568420969_0,216.2409,-287.497,-4.332894,-4.443181,0.1102867
9호관 | OSM 568420969_0,216.7409,-287.497,-4.338091,-4.443181,0.1050901
9호관 | OSM 568420969_0,217.2409,-287.497,-4.338091,-4.443181,0.1050901
9호관 | OSM 568420969_0,217.7409,-287.497,-4.338091,-4.443181,0.1050901
9호관 | OSM 568420969_0,215.7409,-286.997,-4.01803,-4.443181,0.4251509
9호관 | OSM 568420969_0,216.2409,-286.997,-4.119258,-4.443181,0.3239231
9호관 | OSM 568420969_0,216.7409,-286.997,-4.129177,-4.443181,0.3140039
6호관 | OSM 568420968_0,231.4409,-271.67,-2.42216,-2.4593,0.03713989
6호관 | OSM 568420968_0,230.9409,-271.17,-2.4069,-2.4593,0.05239964
6호관 | OSM 568420968_0,231.4409,-271.17,-2.371039,-2.4593,0.08826065
6호관 | OSM 568420968_0,231.9409,-271.17,-2.335179,-2.4593,0.1241207
6호관 | OSM 568420968_0,230.9409,-270.67,-2.395555,-2.4593,0.06374454
6호관 | OSM 568420968_0,231.4409,-270.67,-2.31992,-2.4593,0.1393805
6호관 | OSM 568420968_0,231.9409,-270.67,-2.28406,-2.4593,0.1752405
6호관 | OSM 568420968_0,230.9409,-270.17,-2.395555,-2.4593,0.06374454
6호관 | OSM 568420968_0,231.4409,-270.17,-2.308576,-2.4593,0.1507244
6호관 | OSM 568420968_0,231.9409,-270.17,-2.23294,-2.4593,0.2263603
6호관 | OSM 568420968_0,230.9409,-269.67,-2.363331,-2.4593,0.0959692
6호관 | OSM 568420968_0,228.9409,-269.17,-2.337603,-2.4593,0.1216974
6호관 | OSM 568420968_0,229.4409,-269.17,-2.337603,-2.4593,0.1216974
6호관 | OSM 568420968_0,229.9409,-269.17,-2.337603,-2.4593,0.1216974
6호관 | OSM 568420968_0,228.9409,-268.67,-2.307971,-2.4593,0.151329
6호관 | OSM 568420968_0,224.4409,-267.17,-2.40987,-2.4593,0.04942989
6호관 | OSM 568420968_0,224.9409,-267.17,-2.278077,-2.4593,0.1812229
6호관 | OSM 568420968_0,225.4409,-267.17,-2.278077,-2.4593,0.1812229
6호관 | OSM 568420968_0,225.9409,-267.17,-2.278077,-2.4593,0.1812229
6호관 | OSM 568420968_0,226.4409,-267.17,-2.273367,-2.4593,0.1859331
6호관 | OSM 568420968_0,224.4409,-266.67,-2.40987,-2.4593,0.04942989
6호관 | OSM 568420968_0,224.9409,-266.67,-2.240487,-2.4593,0.2188129
6호관 | OSM 568420968_0,225.4409,-266.67,-2.108694,-2.4593,0.350606
6호관 | OSM 568420968_0,225.9409,-266.67,-2.108694,-2.4593,0.350606
6호관 | OSM 568420968_0,224.4409,-266.17,-2.40987,-2.4593,0.04942989
6호관 | OSM 568420968_0,224.9409,-266.17,-2.240487,-2.4593,0.2188129
6호관 | OSM 568420968_0,220.4409,-265.67,-2.432356,-2.4593,0.02694416
6호관 | OSM 568420968_0,220.9409,-265.67,-2.432356,-2.4593,0.02694416
6호관 | OSM 568420968_0,221.4409,-265.67,-2.432356,-2.4593,0.02694416
6호관 | OSM 568420968_0,221.9409,-265.67,-2.432356,-2.4593,0.02694416
6호관 | OSM 568420968_0,222.4409,-265.67,-2.426313,-2.4593,0.03298664
6호관 | OSM 568420968_0,222.9409,-265.67,-2.426313,-2.4593,0.03298664
6호관 | OSM 568420968_0,223.4409,-265.67,-2.426313,-2.4593,0.03298664
6호관 | OSM 568420968_0,223.9409,-265.67,-2.426313,-2.4593,0.03298664
6호관 | OSM 568420968_0,220.4409,-265.17,-2.389686,-2.4593,0.06961441
6호관 | OSM 568420968_0,220.9409,-265.17,-2.240083,-2.4593,0.2192173
6호관 | OSM 568420968_0,221.4409,-265.17,-2.240083,-2.4593,0.2192173
6호관 | OSM 568420968_0,221.9409,-265.17,-2.240083,-2.4593,0.2192173
6호관 | OSM 568420968_0,222.4409,-265.17,-2.232009,-2.4593,0.2272911
6호관 | OSM 568420968_0,222.9409,-265.17,-2.224885,-2.4593,0.2344151
6호관 | OSM 568420968_0,220.4409,-264.67,-2.389686,-2.4593,0.06961441
6호관 | OSM 568420968_0,220.9409,-264.67,-2.197413,-2.4593,0.2618866
6호관 | OSM 568420968_0,221.4409,-264.67,-2.047811,-2.4593,0.4114895
6호관 | OSM 568420968_0,221.9409,-264.67,-2.047811,-2.4593,0.4114895
6호관 | OSM 568420968_0,222.4409,-264.67,-2.039737,-2.4593,0.4195633
6호관 | OSM 568420968_0,220.4409,-264.17,-2.389686,-2.4593,0.06961441
6호관 | OSM 568420968_0,220.9409,-264.17,-2.197413,-2.4593,0.2618866
6호관 | OSM 568420968_0,221.4409,-264.17,-2.005141,-2.4593,0.4541588
6호관 | OSM 568420968_0,216.4409,-263.67,-2.42581,-2.4593,0.03349018
6호관 | OSM 568420968_0,216.9409,-263.67,-2.42581,-2.4593,0.03349018
6호관 | OSM 568420968_0,217.4409,-263.67,-2.42581,-2.4593,0.03349018
6호관 | OSM 568420968_0,217.9409,-263.67,-2.42581,-2.4593,0.03349018
6호관 | OSM 568420968_0,218.4409,-263.67,-2.417251,-2.4593,0.04204941
6호관 | OSM 568420968_0,218.9409,-263.67,-2.417251,-2.4593,0.04204941
6호관 | OSM 568420968_0,219.4409,-263.67,-2.417251,-2.4593,0.04204941
6호관 | OSM 568420968_0,219.9409,-263.67,-2.417251,-2.4593,0.04204941
6호관 | OSM 568420968_0,220.4409,-263.67,-2.367028,-2.4593,0.0922718
6호관 | OSM 568420968_0,216.4409,-263.17,-2.380939,-2.4593,0.07836151
6호관 | OSM 568420968_0,216.9409,-263.17,-2.223619,-2.4593,0.2356815
6호관 | OSM 568420968_0,217.4409,-263.17,-2.223619,-2.4593,0.2356815
6호관 | OSM 568420968_0,217.9409,-263.17,-2.223619,-2.4593,0.2356815
6호관 | OSM 568420968_0,218.4409,-263.17,-2.21218,-2.4593,0.2471199
6호관 | OSM 568420968_0,218.9409,-263.17,-2.202088,-2.4593,0.2572117
6호관 | OSM 568420968_0,219.4409,-263.17,-2.202088,-2.4593,0.2572117
6호관 | OSM 568420968_0,219.9409,-263.17,-2.202088,-2.4593,0.2572117
6호관 | OSM 568420968_0,216.4409,-262.67,-2.380939,-2.4593,0.07836151
6호관 | OSM 568420968_0,216.9409,-262.67,-2.178747,-2.4593,0.2805529
6호관 | OSM 568420968_0,217.4409,-262.67,-2.021427,-2.4593,0.4378729
6호관 | OSM 568420968_0,217.9409,-262.67,-2.021427,-2.4593,0.4378729
6호관 | OSM 568420968_0,218.4409,-262.67,-2.009989,-2.4593,0.4493113
6호관 | OSM 568420968_0,218.9409,-262.67,-1.997019,-2.4593,0.4622812
6호관 | OSM 568420968_0,216.4409,-262.17,-2.380939,-2.4593,0.07836151
6호관 | OSM 568420968_0,216.9409,-262.17,-2.178747,-2.4593,0.2805529
6호관 | OSM 568420968_0,217.4409,-262.17,-1.976556,-2.4593,0.4827442
6호관 | OSM 568420968_0,217.9409,-262.17,-1.819236,-2.4593,0.6400642
6호관 | OSM 568420968_0,214.4409,-261.67,-2.417251,-2.4593,0.04204941
6호관 | OSM 568420968_0,214.9409,-261.67,-2.417251,-2.4593,0.04204941
6호관 | OSM 568420968_0,215.4409,-261.67,-2.417251,-2.4593,0.04204941
6호관 | OSM 568420968_0,215.9409,-261.67,-2.417251,-2.4593,0.04204941
6호관 | OSM 568420968_0,216.4409,-261.67,-2.361806,-2.4593,0.09749413
6호관 | OSM 568420968_0,216.9409,-261.67,-2.159615,-2.4593,0.2996855
6호관 | OSM 568420968_0,214.4409,-261.17,-2.369501,-2.4593,0.08979893
6호관 | OSM 568420968_0,214.9409,-261.17,-2.202088,-2.4593,0.2572117
6호관 | OSM 568420968_0,215.4409,-261.17,-2.202088,-2.4593,0.2572117
6호관 | OSM 568420968_0,215.9409,-261.17,-2.202088,-2.4593,0.2572117
6호관 | OSM 568420968_0,216.4409,-261.17,-2.187959,-2.4593,0.2713413
6호관 | OSM 568420968_0,214.4409,-260.67,-2.369501,-2.4593,0.08979893
6호관 | OSM 568420968_0,214.9409,-260.67,-2.154339,-2.4593,0.3049612
6호관 | OSM 568420968_0,215.4409,-260.67,-1.986926,-2.4593,0.472374
6호관 | OSM 568420968_0,214.4409,-260.17,-2.369501,-2.4593,0.08979893
6호관 | OSM 568420968_0,210.4409,-259.67,-2.42732,-2.4593,0.03197956
6호관 | OSM 568420968_0,210.9409,-259.67,-2.42732,-2.4593,0.03197956
6호관 | OSM 568420968_0,211.4409,-259.67,-2.42732,-2.4593,0.03197956
6호관 | OSM 568420968_0,211.9409,-259.67,-2.42732,-2.4593,0.03197956
6호관 | OSM 568420968_0,212.4409,-259.67,-2.413222,-2.4593,0.04607773
6호관 | OSM 568420968_0,212.9409,-259.67,-2.413222,-2.4593,0.04607773
6호관 | OSM 568420968_0,213.4409,-259.67,-2.413222,-2.4593,0.04607773
6호관 | OSM 568420968_0,213.9409,-259.67,-2.413222,-2.4593,0.04607773
6호관 | OSM 568420968_0,210.4409,-259.17,-2.382957,-2.4593,0.07634258
6호관 | OSM 568420968_0,210.9409,-259.17,-2.227418,-2.4593,0.2318821
6호관 | OSM 568420968_0,211.4409,-259.17,-2.227418,-2.4593,0.2318821
6호관 | OSM 568420968_0,211.9409,-259.17,-2.227418,-2.4593,0.2318821
6호관 | OSM 568420968_0,212.4409,-259.17,-2.208579,-2.4593,0.250721
6호관 | OSM 568420968_0,212.9409,-259.17,-2.191957,-2.4593,0.2673435
6호관 | OSM 568420968_0,210.4409,-258.67,-2.382957,-2.4593,0.07634258
6호관 | OSM 568420968_0,210.9409,-258.67,-2.183055,-2.4593,0.2762451
6호관 | OSM 568420968_0,211.4409,-258.67,-2.027515,-2.4593,0.4317846
6호관 | OSM 568420968_0,211.9409,-258.67,-2.027515,-2.4593,0.4317846
6호관 | OSM 568420968_0,210.4409,-258.17,-2.382957,-2.4593,0.07634258
6호관 | OSM 568420968_0,210.9409,-258.17,-2.183055,-2.4593,0.2762451
6호관 | OSM 568420968_0,208.4409,-257.67,-2.429838,-2.4593,0.02946186
6호관 | OSM 568420968_0,208.9409,-257.67,-2.429838,-2.4593,0.02946186
6호관 | OSM 568420968_0,209.4409,-257.67,-2.429838,-2.4593,0.02946186
6호관 | OSM 568420968_0,209.9409,-257.67,-2.429838,-2.4593,0.02946186
6호관 | OSM 568420968_0,210.4409,-257.67,-2.369363,-2.4593,0.08993721
6호관 | OSM 568420968_0,206.4409,-257.17,-2.409198,-2.4593,0.05010223
6호관 | OSM 568420968_0,206.9409,-257.17,-2.276811,-2.4593,0.1824894
6호관 | OSM 568420968_0,207.4409,-257.17,-2.276811,-2.4593,0.1824894
6호관 | OSM 568420968_0,207.9409,-257.17,-2.276811,-2.4593,0.1824894
6호관 | OSM 568420968_0,208.4409,-257.17,-2.253935,-2.4593,0.2053652
6호관 | OSM 568420968_0,208.9409,-257.17,-2.23375,-2.4593,0.2255497
6호관 | OSM 568420968_0,209.4409,-257.17,-2.23375,-2.4593,0.2255497
6호관 | OSM 568420968_0,206.4409,-256.67,-2.409198,-2.4593,0.05010223
6호관 | OSM 568420968_0,206.9409,-256.67,-2.239052,-2.4593,0.2202482
6호관 | OSM 568420968_0,207.4409,-256.67,-2.106665,-2.4593,0.3526354
6호관 | OSM 568420968_0,207.9409,-256.67,-2.106665,-2.4593,0.3526354
6호관 | OSM 568420968_0,208.4409,-256.67,-2.083789,-2.4593,0.3755112
6호관 | OSM 568420968_0,206.4409,-256.17,-2.409198,-2.4593,0.05010223
6호관 | OSM 568420968_0,206.9409,-256.17,-2.239052,-2.4593,0.2202482
6호관 | OSM 568420968_0,207.4409,-256.17,-2.068906,-2.4593,0.3903942
6호관 | OSM 568420968_0,207.9409,-256.17,-1.936519,-2.4593,0.5227814
6호관 | OSM 568420968_0,206.4409,-255.67,-2.399632,-2.4593,0.05966854
6호관 | OSM 568420968_0,206.9409,-255.67,-2.229486,-2.4593,0.2298145
6호관 | OSM 568420968_0,204.4409,-255.17,-2.421982,-2.4593,0.03731823
6호관 | OSM 568420968_0,204.9409,-255.17,-2.300875,-2.4593,0.1584253
6호관 | OSM 568420968_0,205.4409,-255.17,-2.300875,-2.4593,0.1584253
6호관 | OSM 568420968_0,205.9409,-255.17,-2.300875,-2.4593,0.1584253
6호관 | OSM 568420968_0,204.4409,-254.67,-2.421982,-2.4593,0.03731823
6호관 | OSM 568420968_0,204.9409,-254.67,-2.266333,-2.4593,0.1929674
6호관 | OSM 568420968_0,204.4409,-254.17,-2.421982,-2.4593,0.03731823
6호관 | OSM 568420968_0,200.9409,-253.17,-2.392061,-2.4593,0.06723881
6호관 | OSM 568420968_0,201.4409,-253.17,-2.392061,-2.4593,0.06723881
6호관 | OSM 568420968_0,201.9409,-253.17,-2.392061,-2.4593,0.06723881
6호관 | OSM 568420968_0,202.4409,-253.17,-2.361784,-2.4593,0.09751606
6호관 | OSM 568420968_0,200.9409,-252.67,-2.369711,-2.4593,0.08958912
6호관 | OSM 568420968_0,201.4409,-252.67,-2.291348,-2.4593,0.1679525
6호관 | OSM 568420968_0,201.9409,-252.67,-2.291348,-2.4593,0.1679525
6호관 | OSM 568420968_0,200.9409,-252.17,-2.369711,-2.4593,0.08958912
6호관 | OSM 568420968_0,198.9409,-251.17,-2.437655,-2.4593,0.02164459
6호관 | OSM 568420968_0,198.4409,-250.67,-2.430884,-2.4593,0.02841568
체육관 | OSM 218037242_0,251.4409,-243.893,-0.7751751,-0.8232965,0.04812145
체육관 | OSM 218037242_0,251.4409,-243.393,-0.7606783,-0.8232965,0.06261826
체육관 | OSM 218037242_0,250.9409,-242.893,-0.8013525,-0.8232965,0.02194405
체육관 | OSM 218037242_0,251.4409,-242.893,-0.7461824,-0.8232965,0.07711411
체육관 | OSM 218037242_0,251.9409,-242.893,-0.6958246,-0.8232965,0.1274719
체육관 | OSM 218037242_0,250.9409,-242.393,-0.8013525,-0.8232965,0.02194405
체육관 | OSM 218037242_0,251.4409,-242.393,-0.7364988,-0.8232965,0.08679771
체육관 | OSM 218037242_0,251.9409,-242.393,-0.6813278,-0.8232965,0.1419687
체육관 | OSM 218037242_0,250.9409,-241.893,-0.7984152,-0.8232965,0.02488136
체육관 | OSM 218037242_0,251.4409,-241.893,-0.7335615,-0.8232965,0.08973503
체육관 | OSM 218037242_0,250.9409,-241.393,-0.7846813,-0.8232965,0.03861523
체육관 | OSM 218037242_0,251.4409,-241.393,-0.7198277,-0.8232965,0.1034689
체육관 | OSM 218037242_0,250.9409,-240.893,-0.775507,-0.8232965,0.04778957
체육관 | OSM 218037242_0,251.4409,-240.893,-0.7060938,-0.8232965,0.1172028
체육관 | OSM 218037242_0,250.9409,-240.393,-0.775507,-0.8232965,0.04778957
체육관 | OSM 218037242_0,251.4409,-240.393,-0.6969194,-0.8232965,0.1263771
체육관 | OSM 218037242_0,250.9409,-239.893,-0.7724066,-0.8232965,0.05088997
체육관 | OSM 218037242_0,250.9409,-239.393,-0.7579098,-0.8232965,0.06538677
체육관 | OSM 218037242_0,250.9409,-238.893,-0.7482271,-0.8232965,0.07506943
체육관 | OSM 218037242_0,250.9409,-238.393,-0.7482271,-0.8232965,0.07506943
체육관 | OSM 218037242_0,248.9409,-235.393,-0.7789145,-0.8232965,0.0443821
체육관 | OSM 218037242_0,249.4409,-235.393,-0.7789145,-0.8232965,0.0443821
체육관 | OSM 218037242_0,249.9409,-235.393,-0.7789145,-0.8232965,0.0443821
체육관 | OSM 218037242_0,248.9409,-234.893,-0.6994095,-0.8232965,0.1238871
체육관 | OSM 218037242_0,249.4409,-234.893,-0.6598892,-0.8232965,0.1634073
체육관 | OSM 218037242_0,249.9409,-234.893,-0.6598892,-0.8232965,0.1634073
체육관 | OSM 218037242_0,248.9409,-234.393,-0.6994095,-0.8232965,0.1238871
체육관 | OSM 218037242_0,244.9409,-233.393,-0.7733574,-0.8232965,0.04993916
체육관 | OSM 218037242_0,245.4409,-233.393,-0.7733574,-0.8232965,0.04993916
체육관 | OSM 218037242_0,245.9409,-233.393,-0.7733574,-0.8232965,0.04993916
체육관 | OSM 218037242_0,246.4409,-233.393,-0.7679749,-0.8232965,0.05532169
체육관 | OSM 218037242_0,246.9409,-233.393,-0.7659483,-0.8232965,0.05734825
체육관 | OSM 218037242_0,247.4409,-233.393,-0.7659483,-0.8232965,0.05734825
체육관 | OSM 218037242_0,244.9409,-232.893,-0.690794,-0.8232965,0.1325026
체육관 | OSM 218037242_0,245.4409,-232.893,-0.6497545,-0.8232965,0.173542
체육관 | OSM 218037242_0,245.9409,-232.893,-0.6497545,-0.8232965,0.173542
체육관 | OSM 218037242_0,246.4409,-232.893,-0.644372,-0.8232965,0.1789246
체육관 | OSM 218037242_0,244.9409,-232.393,-0.690794,-0.8232965,0.1325026
체육관 | OSM 218037242_0,245.4409,-232.393,-0.5671911,-0.8232965,0.2561054
체육관 | OSM 218037242_0,240.9409,-231.393,-0.7705793,-0.8232965,0.05271721
체육관 | OSM 218037242_0,241.4409,-231.393,-0.7705793,-0.8232965,0.05271721
체육관 | OSM 218037242_0,241.9409,-231.393,-0.7705793,-0.8232965,0.05271721
체육관 | OSM 218037242_0,242.4409,-231.393,-0.7638512,-0.8232965,0.05944538
체육관 | OSM 218037242_0,242.9409,-231.393,-0.7613173,-0.8232965,0.06197929
체육관 | OSM 218037242_0,243.4409,-231.393,-0.7613173,-0.8232965,0.06197929
체육관 | OSM 218037242_0,240.9409,-230.893,-0.6864872,-0.8232965,0.1368093
체육관 | OSM 218037242_0,241.4409,-230.893,-0.6446867,-0.8232965,0.1786098
체육관 | OSM 218037242_0,241.9409,-230.893,-0.6446867,-0.8232965,0.1786098
체육관 | OSM 218037242_0,242.4409,-230.893,-0.6379585,-0.8232965,0.185338
체육관 | OSM 218037242_0,240.9409,-230.393,-0.6864872,-0.8232965,0.1368093
체육관 | OSM 218037242_0,241.4409,-230.393,-0.5605946,-0.8232965,0.262702
체육관 | OSM 218037242_0,236.9409,-229.393,-0.7742844,-0.8232965,0.04901218
체육관 | OSM 218037242_0,237.4409,-229.393,-0.7742844,-0.8232965,0.04901218
체육관 | OSM 218037242_0,237.9409,-229.393,-0.7742844,-0.8232965,0.04901218
체육관 | OSM 218037242_0,238.4409,-229.393,-0.7655373,-0.8232965,0.05775928
체육관 | OSM 218037242_0,238.9409,-229.393,-0.7622433,-0.8232965,0.06105328
체육관 | OSM 218037242_0,239.4409,-229.393,-0.7622433,-0.8232965,0.06105328
체육관 | OSM 218037242_0,239.9409,-229.393,-0.7622433,-0.8232965,0.06105328
체육관 | OSM 218037242_0,236.9409,-228.893,-0.6922302,-0.8232965,0.1310663
체육관 | OSM 218037242_0,237.4409,-228.893,-0.6514435,-0.8232965,0.1718531
체육관 | OSM 218037242_0,237.9409,-228.893,-0.6514435,-0.8232965,0.1718531
체육관 | OSM 218037242_0,238.4409,-228.893,-0.6426964,-0.8232965,0.1806002
체육관 | OSM 218037242_0,238.9409,-228.893,-0.6327772,-0.8232965,0.1905193
체육관 | OSM 218037242_0,236.9409,-228.393,-0.6922302,-0.8232965,0.1310663
체육관 | OSM 218037242_0,237.4409,-228.393,-0.5693893,-0.8232965,0.2539072
체육관 | OSM 218037242_0,237.9409,-228.393,-0.5286026,-0.8232965,0.2946939
체육관 | OSM 218037242_0,236.9409,-227.893,-0.6888037,-0.8232965,0.1344929
체육관 | OSM 218037242_0,232.9409,-227.393,-0.7844715,-0.8232965,0.03882504
체육관 | OSM 218037242_0,233.4409,-227.393,-0.7844715,-0.8232965,0.03882504
체육관 | OSM 218037242_0,233.9409,-227.393,-0.7844715,-0.8232965,0.03882504
체육관 | OSM 218037242_0,234.4409,-227.393,-0.7730331,-0.8232965,0.0502634
체육관 | OSM 218037242_0,234.9409,-227.393,-0.7687273,-0.8232965,0.05456924
체육관 | OSM 218037242_0,235.4409,-227.393,-0.7687273,-0.8232965,0.05456924
체육관 | OSM 218037242_0,235.9409,-227.393,-0.7687273,-0.8232965,0.05456924
체육관 | OSM 218037242_0,232.9409,-226.893,-0.708024,-0.8232965,0.1152725
체육관 | OSM 218037242_0,233.4409,-226.893,-0.6700239,-0.8232965,0.1532726
체육관 | OSM 218037242_0,233.9409,-226.893,-0.6700239,-0.8232965,0.1532726
체육관 | OSM 218037242_0,234.4409,-226.893,-0.6585855,-0.8232965,0.164711
체육관 | OSM 218037242_0,234.9409,-226.893,-0.6456156,-0.8232965,0.177681
체육관 | OSM 218037242_0,232.9409,-226.393,-0.708024,-0.8232965,0.1152725
체육관 | OSM 218037242_0,233.4409,-226.393,-0.5935764,-0.8232965,0.2297201
체육관 | OSM 218037242_0,233.9409,-226.393,-0.5555763,-0.8232965,0.2677202
체육관 | OSM 218037242_0,232.9409,-225.893,-0.7047606,-0.8232965,0.118536
체육관 | OSM 218037242_0,228.9409,-225.393,-0.8020687,-0.8232965,0.02122784
체육관 | OSM 218037242_0,229.4409,-225.393,-0.8020687,-0.8232965,0.02122784
체육관 | OSM 218037242_0,229.9409,-225.393,-0.8020687,-0.8232965,0.02122784
체육관 | OSM 218037242_0,230.4409,-225.393,-0.7886124,-0.8232965,0.03468418
체육관 | OSM 218037242_0,230.9409,-225.393,-0.7835455,-0.8232965,0.03975105
체육관 | OSM 218037242_0,231.4409,-225.393,-0.7835455,-0.8232965,0.03975105
체육관 | OSM 218037242_0,231.9409,-225.393,-0.7835455,-0.8232965,0.03975105
체육관 | OSM 218037242_0,228.9409,-224.893,-0.7353048,-0.8232965,0.08799171
체육관 | OSM 218037242_0,229.4409,-224.893,-0.7021179,-0.8232965,0.1211786
체육관 | OSM 218037242_0,229.9409,-224.893,-0.7021179,-0.8232965,0.1211786
체육관 | OSM 218037242_0,230.4409,-224.893,-0.6886616,-0.8232965,0.134635
체육관 | OSM 218037242_0,230.9409,-224.893,-0.6734018,-0.8232965,0.1498947
체육관 | OSM 218037242_0,231.4409,-224.893,-0.668335,-0.8232965,0.1549616
체육관 | OSM 218037242_0,228.9409,-224.393,-0.7353048,-0.8232965,0.08799171
체육관 | OSM 218037242_0,229.4409,-224.393,-0.635354,-0.8232965,0.1879425
체육관 | OSM 218037242_0,229.9409,-224.393,-0.6021671,-0.8232965,0.2211294
체육관 | OSM 218037242_0,230.4409,-224.393,-0.5887108,-0.8232965,0.2345858
체육관 | OSM 218037242_0,228.9409,-223.893,-0.7323675,-0.8232965,0.09092903
체육관 | OSM 218037242_0,229.4409,-223.893,-0.6324167,-0.8232965,0.1908798
체육관 | OSM 218037242_0,228.4409,-223.393,-0.7912245,-0.8232965,0.03207207
체육관 | OSM 218037242_0,224.9409,-222.893,-0.7769432,-0.8232965,0.04635334
체육관 | OSM 218037242_0,225.4409,-222.893,-0.7511024,-0.8232965,0.0721941
체육관 | OSM 218037242_0,225.9409,-222.893,-0.7511024,-0.8232965,0.0721941
체육관 | OSM 218037242_0,226.4409,-222.893,-0.7349548,-0.8232965,0.08834171
체육관 | OSM 218037242_0,226.9409,-222.893,-0.7166433,-0.8232965,0.1066532
체육관 | OSM 218037242_0,227.4409,-222.893,-0.7105637,-0.8232965,0.1127329
체육관 | OSM 218037242_0,224.9409,-222.393,-0.7769432,-0.8232965,0.04635334
체육관 | OSM 218037242_0,225.4409,-222.393,-0.6991186,-0.8232965,0.1241779
체육관 | OSM 218037242_0,225.9409,-222.393,-0.6732779,-0.8232965,0.1500187
체육관 | OSM 218037242_0,226.4409,-222.393,-0.6571302,-0.8232965,0.1661663
체육관 | OSM 218037242_0,224.9409,-221.893,-0.7740059,-0.8232965,0.04929066
체육관 | OSM 218037242_0,225.4409,-221.893,-0.6961813,-0.8232965,0.1271152
체육관 | OSM 218037242_0,222.9409,-220.893,-0.7884293,-0.8232965,0.03486729
체육관 | OSM 218037242_0,223.4409,-220.893,-0.764616,-0.8232965,0.05868053
체육관 | OSM 218037242_0,222.9409,-220.393,-0.7884293,-0.8232965,0.03486729
김현태인하드림센터 | OSM 568420970_0,235.3319,-200.359,0.9625168,0.8865871,0.07592964
김현태인하드림센터 | OSM 568420970_0,235.3319,-199.859,0.9437981,0.8865871,0.05721092
김현태인하드림센터 | OSM 568420970_0,235.8319,-199.359,0.9437981,0.8865871,0.05721092
김현태인하드림센터 | OSM 568420970_0,236.3319,-198.359,0.9199638,0.8865871,0.03337669
김현태인하드림센터 | OSM 568420970_0,236.8319,-197.359,1.043854,0.8865871,0.1572666
김현태인하드림센터 | OSM 568420970_0,236.8319,-196.859,1.056089,0.8865871,0.1695023
김현태인하드림센터 | OSM 568420970_0,236.8319,-196.359,1.056089,0.8865871,0.1695023
김현태인하드림센터 | OSM 568420970_0,237.3319,-196.359,1.218605,0.8865871,0.3320179
김현태인하드림센터 | OSM 568420970_0,236.8319,-195.859,1.010263,0.8865871,0.1236763
김현태인하드림센터 | OSM 568420970_0,237.3319,-195.859,1.172779,0.8865871,0.2861919
김현태인하드림센터 | OSM 568420970_0,237.3319,-195.359,1.010262,0.8865871,0.1236744
김현태인하드림센터 | OSM 568420970_0,237.8319,-195.359,1.172779,0.8865871,0.2861919
김현태인하드림센터 | OSM 568420970_0,237.8319,-194.859,1.010263,0.8865871,0.1236763
김현태인하드림센터 | OSM 568420970_0,238.3319,-194.359,1.048756,0.8865871,0.1621685
김현태인하드림센터 | OSM 568420970_0,238.3319,-193.859,0.9395962,0.8865871,0.05300903
김현태인하드림센터 | OSM 568420970_0,238.3319,-193.359,0.9497929,0.8865871,0.06320572
김현태인하드림센터 | OSM 568420970_0,238.8319,-193.359,1.186804,0.8865871,0.3002167
김현태인하드림센터 | OSM 568420970_0,238.3319,-192.859,0.9497929,0.8865871,0.06320572
김현태인하드림센터 | OSM 568420970_0,238.8319,-192.859,1.197001,0.8865871,0.3104134
김현태인하드림센터 | OSM 568420970_0,238.3319,-192.359,0.9497929,0.8865871,0.06320572
김현태인하드림센터 | OSM 568420970_0,238.8319,-192.359,1.197001,0.8865871,0.3104134
김현태인하드림센터 | OSM 568420970_0,239.3319,-192.359,1.444208,0.8865871,0.557621
김현태인하드림센터 | OSM 568420970_0,238.8319,-191.859,1.127293,0.8865871,0.2407055
김현태인하드림센터 | OSM 568420970_0,239.3319,-191.859,1.3745,0.8865871,0.4879131
김현태인하드림센터 | OSM 568420970_0,239.3319,-191.359,1.127293,0.8865871,0.2407055
김현태인하드림센터 | OSM 568420970_0,239.8319,-191.359,1.3745,0.8865871,0.4879131
김현태인하드림센터 | OSM 568420970_0,239.8319,-190.859,1.127293,0.8865871,0.2407055
김현태인하드림센터 | OSM 568420970_0,240.3319,-190.359,1.155657,0.8865871,0.2690697
김현태인하드림센터 | OSM 568420970_0,240.3319,-189.859,0.98246,0.8865871,0.09587288
김현태인하드림센터 | OSM 568420970_0,240.3319,-189.359,0.9882851,0.8865871,0.1016979
김현태인하드림센터 | OSM 568420970_0,240.8319,-189.359,1.287655,0.8865871,0.4010677
김현태인하드림센터 | OSM 568420970_0,240.3319,-188.859,0.9882851,0.8865871,0.1016979
김현태인하드림센터 | OSM 568420970_0,240.8319,-188.859,1.29348,0.8865871,0.4068928
김현태인하드림센터 | OSM 568420970_0,240.3319,-188.359,0.9882851,0.8865871,0.1016979
김현태인하드림센터 | OSM 568420970_0,240.8319,-188.359,1.29348,0.8865871,0.4068928
김현태인하드림센터 | OSM 568420970_0,241.3319,-188.359,1.598675,0.8865871,0.7120876
김현태인하드림센터 | OSM 568420970_0,240.8319,-187.859,1.20742,0.8865871,0.3208332
김현태인하드림센터 | OSM 568420970_0,241.3319,-187.859,1.512615,0.8865871,0.6260281
김현태인하드림센터 | OSM 568420970_0,241.3319,-187.359,1.20742,0.8865871,0.3208332
김현태인하드림센터 | OSM 568420970_0,241.8319,-187.359,1.512615,0.8865871,0.6260281
김현태인하드림센터 | OSM 568420970_0,241.8319,-186.859,1.207422,0.8865871,0.3208351
김현태인하드림센터 | OSM 568420970_0,242.3319,-186.359,1.219578,0.8865871,0.3329906
김현태인하드림센터 | OSM 568420970_0,242.3319,-185.859,0.99786,0.8865871,0.1112728
김현태인하드림센터 | OSM 568420970_0,223.8319,-185.359,0.9575195,0.8865871,0.07093239
김현태인하드림센터 | OSM 568420970_0,242.3319,-185.359,0.9943638,0.8865871,0.1077766
김현태인하드림센터 | OSM 568420970_0,242.8319,-185.359,1.31221,0.8865871,0.4256229
김현태인하드림센터 | OSM 568420970_0,223.8319,-184.859,1.076544,0.8865871,0.1899567
김현태인하드림센터 | OSM 568420970_0,224.3319,-184.859,0.9782944,0.8865871,0.09170723
김현태인하드림센터 | OSM 568420970_0,242.3319,-184.859,0.9943638,0.8865871,0.1077766
김현태인하드림센터 | OSM 568420970_0,242.8319,-184.859,1.308714,0.8865871,0.4221268
김현태인하드림센터 | OSM 568420970_0,224.3319,-184.359,1.097321,0.8865871,0.2107334
김현태인하드림센터 | OSM 568420970_0,224.8319,-184.359,0.9782944,0.8865871,0.09170723
김현태인하드림센터 | OSM 568420970_0,242.3319,-184.359,0.9943638,0.8865871,0.1077766
김현태인하드림센터 | OSM 568420970_0,242.8319,-184.359,1.308714,0.8865871,0.4221268
김현태인하드림센터 | OSM 568420970_0,243.3319,-184.359,1.623064,0.8865871,0.7364769
김현태인하드림센터 | OSM 568420970_0,224.3319,-183.859,1.182783,0.8865871,0.296196
김현태인하드림센터 | OSM 568420970_0,224.8319,-183.859,1.063757,0.8865871,0.1771698
김현태인하드림센터 | OSM 568420970_0,225.3319,-183.859,0.9447327,0.8865871,0.05814552
김현태인하드림센터 | OSM 568420970_0,242.3319,-183.859,0.9924278,0.8865871,0.1058407
김현태인하드림센터 | OSM 568420970_0,242.8319,-183.859,1.306778,0.8865871,0.4201908
김현태인하드림센터 | OSM 568420970_0,243.3319,-183.859,1.621128,0.8865871,0.7345409
김현태인하드림센터 | OSM 568420970_0,224.8319,-183.359,1.063757,0.8865871,0.1771698
김현태인하드림센터 | OSM 568420970_0,225.3319,-183.359,0.9447327,0.8865871,0.05814552
김현태인하드림센터 | OSM 568420970_0,240.3319,-183.359,0.9862595,0.8865871,0.09967232
김현태인하드림센터 | OSM 568420970_0,240.8319,-183.359,1.173035,0.8865871,0.2864475
김현태인하드림센터 | OSM 568420970_0,241.3319,-183.359,1.173035,0.8865871,0.2864475
김현태인하드림센터 | OSM 568420970_0,241.8319,-183.359,1.173035,0.8865871,0.2864475
김현태인하드림센터 | OSM 568420970_0,242.3319,-183.359,1.17658,0.8865871,0.2899933
김현태인하드림센터 | OSM 568420970_0,242.8319,-183.359,1.299911,0.8865871,0.4133244
김현태인하드림센터 | OSM 568420970_0,243.3319,-183.359,1.614262,0.8865871,0.7276745
김현태인하드림센터 | OSM 568420970_0,224.8319,-182.859,1.082151,0.8865871,0.1955643
김현태인하드림센터 | OSM 568420970_0,225.3319,-182.859,0.9447327,0.8865871,0.05814552
김현태인하드림센터 | OSM 568420970_0,240.3319,-182.859,0.9862595,0.8865871,0.09967232
김현태인하드림센터 | OSM 568420970_0,240.8319,-182.859,1.288403,0.8865871,0.4018154
김현태인하드림센터 | OSM 568420970_0,241.3319,-182.859,1.475176,0.8865871,0.5885887
김현태인하드림센터 | OSM 568420970_0,241.8319,-182.859,1.475176,0.8865871,0.5885887
김현태인하드림센터 | OSM 568420970_0,242.3319,-182.859,1.478722,0.8865871,0.5921345
김현태인하드림센터 | OSM 568420970_0,225.3319,-182.359,0.9631271,0.8865871,0.07653999
김현태인하드림센터 | OSM 568420970_0,240.3319,-182.359,0.9862595,0.8865871,0.09967232
김현태인하드림센터 | OSM 568420970_0,240.8319,-182.359,1.288403,0.8865871,0.4018154
김현태인하드림센터 | OSM 568420970_0,241.3319,-182.359,1.590546,0.8865871,0.7039585
김현태인하드림센터 | OSM 568420970_0,225.3319,-181.859,1.039141,0.8865871,0.1525536
김현태인하드림센터 | OSM 568420970_0,240.3319,-181.859,0.9853992,0.8865871,0.0988121
김현태인하드림센터 | OSM 568420970_0,225.8319,-181.359,1.084156,0.8865871,0.1975689
김현태인하드림센터 | OSM 568420970_0,236.3319,-181.359,0.9746113,0.8865871,0.08802414
김현태인하드림센터 | OSM 568420970_0,236.8319,-181.359,1.150537,0.8865871,0.2639503
김현태인하드림센터 | OSM 568420970_0,237.3319,-181.359,1.150537,0.8865871,0.2639503
김현태인하드림센터 | OSM 568420970_0,237.8319,-181.359,1.150537,0.8865871,0.2639503
김현태인하드림센터 | OSM 568420970_0,238.3319,-181.359,1.156109,0.8865871,0.2695217
김현태인하드림센터 | OSM 568420970_0,238.8319,-181.359,1.161297,0.8865871,0.2747097
김현태인하드림센터 | OSM 568420970_0,239.3319,-181.359,1.161297,0.8865871,0.2747097
김현태인하드림센터 | OSM 568420970_0,239.8319,-181.359,1.161297,0.8865871,0.2747097
김현태인하드림센터 | OSM 568420970_0,225.8319,-180.859,1.277956,0.8865871,0.3913689
김현태인하드림센터 | OSM 568420970_0,226.3319,-180.859,1.099291,0.8865871,0.2127037
김현태인하드림센터 | OSM 568420970_0,236.3319,-180.859,0.9746113,0.8865871,0.08802414
김현태인하드림센터 | OSM 568420970_0,236.8319,-180.859,1.259205,0.8865871,0.3726177
김현태인하드림센터 | OSM 568420970_0,237.3319,-180.859,1.435131,0.8865871,0.5485439
김현태인하드림센터 | OSM 568420970_0,237.8319,-180.859,1.435131,0.8865871,0.5485439
김현태인하드림센터 | OSM 568420970_0,238.3319,-180.859,1.440702,0.8865871,0.5541153
김현태인하드림센터 | OSM 568420970_0,238.8319,-180.859,1.449095,0.8865871,0.5625076
김현태인하드림센터 | OSM 568420970_0,226.3319,-180.359,1.293089,0.8865871,0.4065018
김현태인하드림센터 | OSM 568420970_0,226.8319,-180.359,1.099291,0.8865871,0.2127037
김현태인하드림센터 | OSM 568420970_0,236.3319,-180.359,0.9746113,0.8865871,0.08802414
김현태인하드림센터 | OSM 568420970_0,236.8319,-180.359,1.259205,0.8865871,0.3726177
김현태인하드림센터 | OSM 568420970_0,237.3319,-180.359,1.543798,0.8865871,0.6572113
김현태인하드림센터 | OSM 568420970_0,237.8319,-180.359,1.719725,0.8865871,0.8331375
김현태인하드림센터 | OSM 568420970_0,226.3319,-179.859,1.43224,0.8865871,0.5456524
김현태인하드림센터 | OSM 568420970_0,226.8319,-179.859,1.238441,0.8865871,0.3518543
김현태인하드림센터 | OSM 568420970_0,227.3319,-179.859,1.044641,0.8865871,0.1580544
김현태인하드림센터 | OSM 568420970_0,236.3319,-179.859,0.9750423,0.8865871,0.0884552
김현태인하드림센터 | OSM 568420970_0,236.8319,-179.859,1.259636,0.8865871,0.3730488
김현태인하드림센터 | OSM 568420970_0,226.8319,-179.359,1.238441,0.8865871,0.3518543
김현태인하드림센터 | OSM 568420970_0,227.3319,-179.359,1.044641,0.8865871,0.1580544
김현태인하드림센터 | OSM 568420970_0,232.3319,-179.359,0.9634686,0.8865871,0.07688141
김현태인하드림센터 | OSM 568420970_0,232.8319,-179.359,1.129017,0.8865871,0.2424297
김현태인하드림센터 | OSM 568420970_0,233.3319,-179.359,1.129017,0.8865871,0.2424297
김현태인하드림센터 | OSM 568420970_0,233.8319,-179.359,1.129017,0.8865871,0.2424297
김현태인하드림센터 | OSM 568420970_0,234.3319,-179.359,1.135601,0.8865871,0.2490139
김현태인하드림센터 | OSM 568420970_0,234.8319,-179.359,1.141733,0.8865871,0.255146
김현태인하드림센터 | OSM 568420970_0,235.3319,-179.359,1.141733,0.8865871,0.255146
김현태인하드림센터 | OSM 568420970_0,235.8319,-179.359,1.141733,0.8865871,0.255146
김현태인하드림센터 | OSM 568420970_0,226.8319,-178.859,1.250233,0.8865871,0.3636456
김현태인하드림센터 | OSM 568420970_0,227.3319,-178.859,1.044641,0.8865871,0.1580544
김현태인하드림센터 | OSM 568420970_0,232.3319,-178.859,0.9634686,0.8865871,0.07688141
김현태인하드림센터 | OSM 568420970_0,232.8319,-178.859,1.231276,0.8865871,0.3446884
김현태인하드림센터 | OSM 568420970_0,233.3319,-178.859,1.396826,0.8865871,0.5102386
김현태인하드림센터 | OSM 568420970_0,233.8319,-178.859,1.396826,0.8865871,0.5102386
김현태인하드림센터 | OSM 568420970_0,234.3319,-178.859,1.40341,0.8865871,0.5168228
김현태인하드림센터 | OSM 568420970_0,234.8319,-178.859,1.41333,0.8865871,0.5267429
김현태인하드림센터 | OSM 568420970_0,227.3319,-178.359,1.056433,0.8865871,0.1698456
김현태인하드림센터 | OSM 568420970_0,232.3319,-178.359,0.9634686,0.8865871,0.07688141
김현태인하드림센터 | OSM 568420970_0,232.8319,-178.359,1.231276,0.8865871,0.3446884
김현태인하드림센터 | OSM 568420970_0,233.3319,-178.359,1.499084,0.8865871,0.6124973
김현태인하드림센터 | OSM 568420970_0,233.8319,-178.359,1.664633,0.8865871,0.7780457
김현태인하드림센터 | OSM 568420970_0,227.3319,-177.859,1.138332,0.8865871,0.2517452
김현태인하드림센터 | OSM 568420970_0,227.8319,-177.859,0.9254589,0.8865871,0.03887177
김현태인하드림센터 | OSM 568420970_0,232.3319,-177.859,0.9649754,0.8865871,0.07838821
김현태인하드림센터 | OSM 568420970_0,232.8319,-177.859,1.232782,0.8865871,0.3461952
김현태인하드림센터 | OSM 568420970_0,227.8319,-177.359,1.167324,0.8865871,0.2807369
김현태인하드림센터 | OSM 568420970_0,228.3319,-177.359,1.103357,0.8865871,0.2167702
김현태인하드림센터 | OSM 568420970_0,228.8319,-177.359,1.110434,0.8865871,0.2238464
김현태인하드림센터 | OSM 568420970_0,229.3319,-177.359,1.110434,0.8865871,0.2238464
김현태인하드림센터 | OSM 568420970_0,229.8319,-177.359,1.110434,0.8865871,0.2238464
김현태인하드림센터 | OSM 568420970_0,230.3319,-177.359,1.117525,0.8865871,0.230938
김현태인하드림센터 | OSM 568420970_0,230.8319,-177.359,1.124126,0.8865871,0.2375393
김현태인하드림센터 | OSM 568420970_0,231.3319,-177.359,1.124126,0.8865871,0.2375393
김현태인하드림센터 | OSM 568420970_0,231.8319,-177.359,1.124126,0.8865871,0.2375393
김현태인하드림센터 | OSM 568420970_0,232.3319,-177.359,1.130203,0.8865871,0.2436161
김현태인하드림센터 | OSM 568420970_0,227.8319,-176.859,1.409191,0.8865871,0.522604
김현태인하드림센터 | OSM 568420970_0,228.3319,-176.859,1.345224,0.8865871,0.4586372
김현태인하드림센터 | OSM 568420970_0,228.8319,-176.859,1.35667,0.8865871,0.4700832
김현태인하드림센터 | OSM 568420970_0,229.3319,-176.859,1.363745,0.8865871,0.4771576
김현태인하드림센터 | OSM 568420970_0,229.8319,-176.859,1.363745,0.8865871,0.4771576
김현태인하드림센터 | OSM 568420970_0,230.3319,-176.859,1.370836,0.8865871,0.4842491
김현태인하드림센터 | OSM 568420970_0,230.8319,-176.859,1.381517,0.8865871,0.4949303
김현태인하드림센터 | OSM 568420970_0,231.3319,-176.859,1.388121,0.8865871,0.5015335
김현태인하드림센터 | OSM 568420970_0,228.3319,-176.359,1.587091,0.8865871,0.7005043
김현태인하드림센터 | OSM 568420970_0,228.8319,-176.359,1.598537,0.8865871,0.7119503
김현태인하드림센터 | OSM 568420970_0,229.3319,-176.359,1.609982,0.8865871,0.7233944
김현태인하드림센터 | OSM 568420970_0,229.8319,-176.359,1.617056,0.8865871,0.7304688
김현태인하드림센터 | OSM 568420970_0,230.3319,-176.359,1.624147,0.8865871,0.7375603
김현태인하드림센터 | OSM 568420970_0,228.8319,-175.859,1.774353,0.8865871,0.8877659
김현태인하드림센터 | OSM 568420970_0,229.3319,-175.859,1.785797,0.8865871,0.89921
