building,samples,max_gap_m,min_gap_m
Stone 250,12,0.1271007,-0.02708936
Stone 25,12,0.1373547,-0.02549088
Stone 29,12,0.1255044,-0.02926362
Stone 57,12,0.09223258,-0.004872441
4호관 | OSM 219982956_0,252,1.410922,-3.300175
Stone 113,12,0.09595001,0.008107066
2북관 | OSM r14633181_218264949_0,252,0,0
Biryong plaza | mapped entrance drafts,36,-0.04999995,-0.04999995
Stone 201,12,0.06837535,0.02634692
Stone 64,12,0.08008659,0.02375114
Lakeside bench 10,24,2.096153,1.885419
Stone 174,12,0.1720208,-0.03963768
Stone 6,12,0.172881,-0.030532
Stone 28,12,0.136546,-0.02719414
Stone 114,12,0.1098126,-0.01307213
Stone 38,12,0.08330619,0.01095665
Stone 99,12,0.05609596,0.04464805
Stone 156,12,0.1580991,0.07766235
Stone 9,12,0.1706094,-0.07547677
Stone 215,12,0.07028842,0.03344035
Stone 69,12,0.07721412,0.02515304
Stone 37,12,0.09674346,-0.001120687
Stone 209,12,0.08560443,0.02655101
Stone 32,12,0.1095914,-0.009600759
Stone 45,12,0.0957936,0.0067662
Inha Station | Exit 2 draft,12,0.1917353,-0.265399
Stone 228,12,0.1507442,-0.04846501
Stone 212,12,0.08732104,0.02279162
Stone 128,12,0.1305588,-5.25713E-05
Stone 119,12,0.1224183,-0.01648438
Stone 102,12,0.07906425,0.03001869
Stone 168,12,0.312682,-0.1423656
Stone 54,12,0.09081352,0.01069152
Stone 223,12,0.1284473,0.02533984
Stone 178,12,0.1204938,-0.0877372
Stone 226,12,0.1476905,-0.003916979
Stone 229,12,0.1832721,-0.05165792
Stone 16,12,0.1437329,-0.02669442
Stone 247,12,0.0642345,0.03723598
60주년기념관 | OSM 218189298_0,288,0,0
Stone 206,12,0.07907748,0.04866672
Stone 182,12,0.08376205,-0.08693993
서호관 | OSM 218188831_0,216,0,0
Stone 125,12,0.105914,0.009451747
Stone 81,12,0.07320678,0.0433625
Stone 221,12,0.1184757,-0.01156354
Stone 98,12,0.06801307,0.04422271
관중석 | OSM 1203054818_0,144,0,0
Stone 96,12,0.05877388,0.04396904
Stone 160,12,0.1871461,0.0106858
Stone 0,12,0.08639419,0.05000007
Stone 139,12,0.07961929,0.04957855
Stone 30,12,0.1300019,0.0007447004
Stone 21,12,0.1361016,-0.02741349
Stone 150,12,0.08071792,0.04992568
Lakeside bench 5,24,2.239902,1.965881
Stone 72,12,0.06909835,0.0309037
Stone 26,12,0.1191148,-0.02026474
Stone 155,12,0.1801652,-0.05961716
Stone 173,12,0.3756188,-0.1882602
Stone 203,12,0.07676196,0.02271152
Stone 190,12,0.1112412,0.01392448
2남관 | OSM 219983082_0,756,0,0
주차관리실 | OSM 1098539003_0,144,0,0
Stone 141,12,0.1250294,0.03542602
Stone 198,12,0.07161975,0.03086162
Stone 116,12,0.1149911,-0.01890481
Stone 202,12,0.07478404,0.021487
Stone 19,12,0.1387833,-0.03228867
하이테크센터 | OSM 218081857_0,27,0,0
Stone 117,12,0.1195821,-0.02148736
Stone 43,12,0.08895004,0.005715251
Stone 131,12,0.09384811,0.06348121
Stone 24,12,0.1189202,-0.01429093
Stone 124,12,0.1137799,-0.02047455
MAIN GATE | proposed layout,360,-0.05000019,-0.05499983
Stone 47,12,0.08849609,0.01423538
Stone 118,12,0.1202058,-0.02231896
Stone 123,12,0.111987,0.01212394
Stone 144,12,0.1187123,0.00799644
Stone 12,12,0.1547192,-0.04883301
나빌레관 | OSM 218188169_0,432,0,0
Stone 134,12,0.120654,-0.001742482
Stone 73,12,0.06970489,0.02307212
Stone 61,12,0.08548248,0.009261012
Stone 86,12,0.09146774,0.03192794
Stone 162,12,0.1372193,-0.03721917
Stone 50,12,0.08036697,0.02973831
Stone 71,12,0.07373893,0.02220047
Stone 166,12,0.326064,-0.155223
Stone 90,12,0.06576812,0.02892005
Stone 153,12,0.1599663,-0.02102196
Stone 49,12,0.08612335,0.0123986
Stone 44,12,0.09383285,0.004671931
Stone 176,12,0.1861085,-0.07498085
Stone 23,12,0.1195649,-0.02307618
Stone 189,12,0.1154355,-0.01840508
Stone 249,12,0.06604838,0.03718257
Stone 133,12,0.07488525,0.04988754
Stone 126,12,0.1207455,-0.006190419
5호관 | OSM r3149246_218188830_0,828,0,0
Stone 42,12,0.08633888,0.01693428
Stone 192,12,0.0686444,0.03837097
Grazie | OSM 575176169_0,180,0,0
Stone 107,12,0.08764923,0.01745498
Stone 213,12,0.08442569,0.05044627
Lakeside bench 8,24,1.851125,1.707477
Stone 154,12,0.1530751,0.09804428
Stone 251,12,0.1273715,0.01085544
Stone 225,12,0.09669757,0.03431582
Stone 163,12,0.2839764,-0.1417075
Stone 100,12,0.07045448,0.03028762
Stone 161,12,0.2382783,-0.138877
Stone 164,12,0.1754445,-0.1163799
Stone 52,12,0.07615364,0.02298057
Stone 11,12,0.1617001,-0.06743157
Stone 75,12,0.06598747,0.0358094
Stone 181,12,0.1086472,0.03307426
Stone 159,12,0.253785,-0.148904
Stone 180,12,0.06359756,-0.0462867
Stone 22,12,0.1083192,-0.01687348
Stone 136,12,0.1156682,0.03907859
Stone 224,12,0.1375129,-0.02122426
Inha Station | Exit 4 draft,12,0.01851559,-0.1817713
Stone 238,12,0.05805278,0.03063464
building 797050851 | OSM 797050851_0,252,3.29007,-1.42538
Stone 41,12,0.09522712,0.01322448
Stone 15,12,0.1565102,-0.05349267
Stone 101,12,0.06894004,0.04217994
Stone 237,12,0.07437205,0.02457118
Lakeside bench 1,24,1.60588,1.469755
Stone 51,12,0.08659446,0.01755035
Stone 40,12,0.08775222,0.01525581
학생회관 | OSM 218038027_0,1044,0.09522057,-0.04523087
Stone 185,12,0.1180466,-0.02793419
Stone 8,12,0.1629189,-0.05963433
Stone 236,12,0.07828784,0.02302432
Stone 130,12,0.1132306,-0.01323235
Stone 170,12,0.4017743,0.006626964
Stone 235,12,0.07886386,0.01234317
Stone 121,12,0.1130227,0.0005158186
Stone 230,12,0.1704795,-0.09692502
Stone 191,12,0.1286591,-0.02117836
Stone 63,12,0.08369911,0.01847732
Stone 108,12,0.09582794,0.006680369
Stone 172,12,0.3104104,0.05140197
Stone 142,12,0.1190881,-0.01867402
Stone 186,12,0.1245068,-0.04741395
Stone 110,12,0.1000947,0.005404353
Stone 132,12,0.1106099,-0.02138627
Stone 211,12,0.07287097,0.02257419
Stone 36,12,0.0993222,0.001971126
Stone 3,12,0.2757558,-0.01592743
Stone 46,12,0.08022964,0.0101651
Stone 245,12,0.07523227,0.03120685
Inha Station | Exit 1 draft,12,0.07993031,-0.08228779
Stone 93,12,0.05918777,0.03196037
Stone 80,12,0.06970108,0.01911819
Stone 137,12,0.0693177,0.04598129
Stone 148,12,0.08319366,0.03224266
Stone 39,12,0.09844291,0.006064296
Stone 240,12,0.1025646,0.0400188
Lakeside bench 6,24,2.130584,1.80886
Stone 204,12,0.0772903,0.03538394
Stone 195,12,0.08379436,0.03684306
REAR GATE | proposed layout,436,-0.05000001,-0.05500001
building 218188170 | OSM 218188170_0,144,0,0
평생교육관 | OSM 218186034_0,828,0,0
Stone 196,12,0.06564975,0.03278422
Stone 70,12,0.0775727,0.02999008
Stone 188,12,0.1300515,0.01193321
Stone 135,12,0.06540191,0.03371894
Stone 234,12,0.1534584,0.04137874
Stone 74,12,0.06284416,0.03682411
Stone 157,12,0.2708768,-0.05730927
Stone 165,12,0.286805,-0.17369
Stone 187,12,0.1114224,-0.01586831
Stone 76,12,0.06184471,0.03454292
Stone 127,12,0.09082115,0.0136174
Stone 83,12,0.06105506,0.03964889
Stone 145,12,0.123042,0.0189389
Stone 143,12,0.1276025,0.01362312
Stone 111,12,0.09575737,0.009528041
2북관 | OSM r14633181_1098496322_0,144,0,0
Stone 183,12,0.09293067,0.001107097
Stone 146,12,0.08272827,0.01726806
Inha Station | Exit 7 draft,100,-0.05000019,-0.05500031
Stone 207,12,0.0927875,0.006300688
Stone 231,12,0.1755817,0.04837108
제1생활관 웅비재 | draft,430,-0.05000019,-0.05499983
Stone 33,12,0.1145295,-0.01675141
Stone 77,12,0.06123245,0.03877151
Stone 233,12,0.08225131,0.03545642
Stone 106,12,0.09343421,0.00670898
9호관 | OSM 568420969_0,288,1.593247,-0.7435961
Stone 122,12,0.1177949,-0.01179802
Lakeside bench 9,24,2.427833,2.247566
Stone 220,12,0.1114662,-0.003842592
Stone 222,12,0.1140335,-0.03769422
Stone 208,12,0.09891009,0.001215696
Stone 35,12,0.108941,-0.01023781
Stone 197,12,0.0678165,0.03538775
Stone 78,12,0.07765472,0.02940071
Stone 5,12,0.2374963,-0.1029712
Stone 55,12,0.0886296,0.001829982
Stone 7,12,0.2003201,-0.1029655
Stone 200,12,0.07202601,0.02720141
Stone 242,12,0.09050632,0.009495497
Stone 115,12,0.1111134,-0.01395142
Stone 4,12,0.1635007,-0.01295769
Stone 205,12,0.08088183,0.01911807
Stone 140,12,0.0784272,-0.0171634
Stone 104,12,0.09002388,0.01713455
Stone 152,12,0.09928596,0.07794845
Stone 14,12,0.1605767,-0.05672181
Stone 169,12,0.1985101,-0.2485744
Stone 92,12,0.0665139,0.02097023
Stone 91,12,0.06472862,0.03489006
Stone 218,12,0.1047065,0.01510501
Stone 48,12,0.07475746,0.02408493
Stone 210,12,0.09638858,0.01480937
Lakeside bench 3,24,2.058416,1.77021
Stone 217,12,0.07824779,0.03836703
6호관 | OSM 568420968_0,144,1.590487,-0.2287378
Stone 53,12,0.08710182,0.0130471
Stone 175,12,0.1984318,-0.1130019
Stone 10,12,0.1478986,-0.05451691
Stone 103,12,0.06916511,0.03083313
Stone 239,12,0.06939387,0.03572536
Lakeside bench 2,24,2.194156,1.980482
Stone 65,12,0.07843864,0.02142227
Stone 193,12,0.1277303,0.03966987
Stone 138,12,0.09654319,0.03893554
Stone 17,12,0.1386727,-0.03932869
Stone 158,12,0.2110814,0.05986869
Stone 232,12,0.1857746,-0.00859189
Inha Station | Exit 3 draft,12,0.08823204,-0.09738731
학군단 | OSM 218265217_0,288,0,0
Stone 147,12,0.104638,0.002915263
Stone 87,12,0.06395423,0.03488815
Stone 68,12,0.07556808,0.02592552
Stone 112,12,0.09480941,0.004223704
Stone 62,12,0.08089149,0.01911056
Stone 151,12,0.1203278,-0.02032959
Stone 58,12,0.0887326,0.006007075
Stone 167,12,0.2840317,-0.2012511
Stone 109,12,0.0904969,0.01610267
Stone 194,12,0.06219935,0.03301692
Stone 129,12,0.08353889,0.03476417
체육관 | OSM 218037242_0,288,1.204601,-0.3653221
정석학술정보관 | OSM 217958067_0,504,0,0
Stone 82,12,0.07909858,0.03739631
Stone 60,12,0.08557594,0.0144223
Stone 105,12,0.08166397,0.02821624
Stone 184,12,0.139243,-0.08252633
Stone 85,12,0.06142128,0.03962409
로스쿨관 | OSM 217950511_0,1152,0,0
building 219982954 | OSM 219982954_0,144,0.1278114,-0.08259869
Stone 214,12,0.07369113,0.01840663
Stone 149,12,0.1175393,-0.008029103
Stone 34,12,0.1057099,-0.007807851
Stone 248,12,0.115031,0.03548121
Stone 88,12,0.07114685,0.03484619
Stone 56,12,0.1045922,0.009964824
Stone 89,12,0.06462371,0.03679168
Stone 241,12,0.08030581,0.02712131
Stone 253,12,0.1265763,-0.02657425
Stone 59,12,0.09278953,0.01110542
Stone 252,12,0.0810746,-0.02839196
Stone 94,12,0.06311691,0.03389251
Stone 179,12,0.1223172,-0.01223481
Lakeside bench 7,24,2.464477,2.19416
Stone 18,12,0.1292104,-0.03081429
Stone 219,12,0.0639751,0.009243727
Inha Station | Exit 6 draft,12,0.3678684,-0.3538465
Stone 1,12,0.2679566,-0.07911217
Stone 244,12,0.09502292,0.02874064
Stone 216,12,0.08038974,0.004698515
Stone 120,12,0.1224965,-0.01147187
Stone 67,12,0.07874572,0.0212487
Stone 79,12,0.05984199,0.04015815
West Field | Autonomous Mobility Hub,144,-0.07999992,-0.07999992
Stone 20,12,0.1276444,-0.02765763
Stone 246,12,0.07233691,0.02446055
Stone 31,12,0.1332768,-0.02375901
Lakeside bench 4,24,2.232999,2.020896
Stone 13,12,0.1597222,-0.05816567
Stone 84,12,0.07598197,0.02452552
Stone 66,12,0.07517517,0.02757156
Stone 227,12,0.07186389,-0.03148961
C호관 | OSM 568420972_0,180,0,0
본관 | OSM 217958071_0,720,0,0
제2생활관 비룡재 | draft,24,-0.05733967,-0.1141233
Stone 199,12,0.0663116,0.02757525
Stone 27,12,0.1273278,-0.02845299
Stone 171,12,0.2951878,-0.288314
Stone 243,12,0.07759738,0.006895781
Inha Station | Exit 5 draft,12,0.2620826,-0.4763865
김현태인하드림센터 | OSM 568420970_0,144,1.426524,-1.152925
Stone 177,12,0.1176404,-0.1027519
Stone 95,12,0.06131446,0.03950775
Stone 2,12,0.09974182,-0.001587987
Stone 97,12,0.05419624,0.04120338
