row,worldX,worldZ,designY,terrainY
0,551.744,-391.0151,9.196982,9.05341
0,552.1453,-391.1624,9.192428,9.05341
0,552.5466,-391.3098,9.188278,9.05341
0,552.9479,-391.4572,9.184528,9.05341
0,553.3492,-391.6045,9.18117,9.05341
0,553.7504,-391.7518,9.178188,9.05341
0,554.1517,-391.8992,9.175569,9.05341
0,554.553,-392.0465,9.173291,9.053339
0,554.9543,-392.1939,9.171334,9.053114
0,555.3556,-392.3412,9.169671,9.052889
0,555.7569,-392.4886,9.168276,9.045549
0,556.1581,-392.6359,9.167116,9.034002
0,556.5594,-392.7833,9.16616,9.029505
0,556.9608,-392.9306,9.165374,9.025007
0,557.362,-393.078,9.164721,9.013796
0,557.7633,-393.2253,9.164164,9.000927
0,558.1646,-393.3727,9.163666,8.98605
0,558.5659,-393.52,9.163187,8.962252
0,558.9672,-393.6674,9.162689,8.905973
0,559.1418,-393.1917,9.162022,8.944084
0,559.3166,-392.7159,9.161211,8.982189
0,559.4913,-392.2401,9.160194,9.001459
0,559.6659,-391.7643,9.158914,9.013405
0,559.8406,-391.2886,9.157313,9.020224
0,560.0153,-390.8128,9.155343,9.026098
0,560.1901,-390.3371,9.152955,9.022253
0,560.3647,-389.8613,9.150107,9.022005
0,560.5394,-389.3855,9.146767,9.026955
0,560.7141,-388.9098,9.142901,9.02121
0,560.8888,-388.434,9.138491,9.015465
0,561.0635,-387.9583,9.133518,9.010738
0,561.2382,-387.4825,9.127975,9.016605
0,561.413,-387.0067,9.121861,9.022476
0,561.5876,-386.531,9.115182,9.028345
0,561.7623,-386.0552,9.10795,9.029207
0,561.937,-385.5794,9.100186,9.0313
0,562.1116,-385.1037,9.091917,9.022747
0,562.2864,-384.628,9.083177,9.007822
0,562.4611,-384.1522,9.074004,8.992912
0,562.6357,-383.6764,9.064444,8.989853
0,562.8104,-383.2007,9.054546,8.992365
0,563.1777,-383.3355,9.046709,8.943949
0,563.5449,-383.4704,9.03873,8.895546
0,563.9121,-383.6052,9.030635,8.847143
0,564.2794,-383.74,9.022453,8.828873
0,564.6467,-383.8749,9.014214,8.827353
0,565.0139,-384.0098,9.005946,8.826622
0,565.3812,-384.1446,8.99768,8.83601
0,565.7484,-384.2794,8.989444,8.843702
0,566.1157,-384.4143,8.981269,8.827551
0,566.4828,-384.5491,8.973183,8.822544
0,566.8501,-384.684,8.965214,8.817535
0,567.2174,-384.8189,8.95739,8.811808
0,567.5846,-384.9537,8.949738,8.796841
0,567.9518,-385.0886,8.942282,8.781868
0,568.3191,-385.2234,8.935044,8.769823
0,568.6863,-385.3582,8.928049,8.758694
0,569.0536,-385.4931,8.921315,8.752449
0,569.4208,-385.6279,8.914862,8.746208
0,569.7881,-385.7628,8.908703,8.739962
0,570.1553,-385.8976,8.902853,8.732059
0,570.5225,-386.0325,8.897324,8.721548
0,570.8898,-386.1673,8.892123,8.709942
0,571.257,-386.3022,8.887259,8.698334
0,571.6243,-386.437,8.882734,8.687384
1,551.5889,-391.4375,9.187702,9.05341
1,552.0137,-391.5935,9.182652,9.05341
1,552.4384,-391.7494,9.178013,9.05341
1,552.8632,-391.9054,9.173779,9.05341
1,553.288,-392.0614,9.169939,9.05341
1,553.7127,-392.2173,9.166482,9.05341
1,554.1375,-392.3733,9.16339,9.052839
1,554.5622,-392.5293,9.160645,9.052603
1,554.9869,-392.6852,9.158223,9.052364
1,555.4117,-392.8412,9.156098,9.044796
1,555.8365,-392.9972,9.154242,9.027718
1,556.2612,-393.1531,9.152622,9.018217
1,556.686,-393.3091,9.151206,9.013456
1,557.1107,-393.4651,9.14996,8.99991
1,557.5355,-393.621,9.148845,8.98629
1,557.9602,-393.777,9.147824,8.972666
1,558.3849,-393.9329,9.146859,8.93203
1,558.8097,-394.0889,9.14591,8.859434
1,559.2346,-394.2449,9.144938,8.776995
1,559.4092,-393.7691,9.143772,8.851002
1,559.5839,-393.2934,9.142473,8.889114
1,559.7586,-392.8176,9.140989,8.927231
1,559.9332,-392.3419,9.139269,8.965349
1,560.1079,-391.8661,9.137265,8.992193
1,560.2827,-391.3904,9.134933,8.988337
1,560.4574,-390.9146,9.132231,8.984493
1,560.632,-390.4388,9.129122,8.980648
1,560.8067,-389.9631,9.125576,8.977772
1,560.9814,-389.4873,9.121565,8.986258
1,561.1561,-389.0115,9.117067,8.994757
1,561.3308,-388.5358,9.112068,8.996941
1,561.5056,-388.0601,9.106556,8.991192
1,561.6802,-387.5843,9.100527,8.995604
1,561.8549,-387.1086,9.093982,9.001472
1,562.0296,-386.6328,9.08693,9.006939
1,562.2043,-386.157,9.079384,9.010403
1,562.379,-385.6812,9.071362,8.989561
1,562.5537,-385.2055,9.06289,8.971058
1,562.7284,-384.7297,9.053996,8.956146
1,562.9031,-384.2539,9.044717,8.941236
1,563.0778,-383.7782,9.035089,8.93445
1,563.4845,-383.9276,9.026615,8.880835
1,563.8913,-384.0769,9.017947,8.830021
1,564.2981,-384.2263,9.009115,8.831736
1,564.7048,-384.3757,9.000153,8.842133
1,565.1116,-384.525,8.991092,8.852528
1,565.5184,-384.6744,8.981966,8.851158
1,565.9252,-384.8237,8.972811,8.827604
1,566.332,-384.9731,8.963659,8.818748
1,566.7388,-385.1225,8.954548,8.813202
1,567.1455,-385.2719,8.945509,8.799376
1,567.5523,-385.4212,8.936578,8.782795
1,567.959,-385.5706,8.927787,8.766216
1,568.3658,-385.7199,8.919167,8.753901
1,568.7726,-385.8693,8.910748,8.746984
1,569.1794,-386.0187,8.902559,8.739613
1,569.5862,-386.168,8.894627,8.729053
1,569.9929,-386.3174,8.886975,8.722752
1,570.3997,-386.4667,8.879627,8.710068
1,570.8065,-386.6161,8.872601,8.697214
1,571.2133,-386.7654,8.865913,8.684359
1,571.62,-386.9148,8.859579,8.677216
1,572.0268,-387.0642,8.853609,8.670012
1,572.4336,-387.2136,8.84801,8.658751
1,572.8404,-387.3629,8.842788,8.647802
2,551.4338,-391.8599,9.178424,9.05341
2,551.882,-392.0245,9.172849,9.05341
2,552.3302,-392.1891,9.167689,9.05341
2,552.7784,-392.3537,9.162938,9.05341
2,553.2267,-392.5183,9.158587,9.05341
2,553.6749,-392.6828,9.154623,9.052864
2,554.1231,-392.8474,9.151028,9.052116
2,554.5714,-393.012,9.147781,9.051865
2,555.0196,-393.1766,9.144862,9.045927
2,555.4678,-393.3412,9.142241,9.027908
2,555.916,-393.5058,9.13989,9.00989
2,556.3643,-393.6703,9.137777,9.001904
2,556.8125,-393.835,9.135869,8.987528
2,557.2607,-393.9995,9.134129,8.973154
2,557.7089,-394.1641,9.132519,8.922714
2,558.1571,-394.3287,9.131001,8.860233
2,558.6053,-394.4933,9.129536,8.773268
2,559.0536,-394.6578,9.128083,8.686295
2,559.5018,-394.8224,9.126603,8.602783
2,559.6765,-394.3466,9.124958,8.707382
2,559.8512,-393.8709,9.123189,8.796028
2,560.0259,-393.3951,9.121252,8.83312
2,560.2006,-392.9194,9.119102,8.864288
2,560.3753,-392.4437,9.116698,8.895485
2,560.55,-391.9679,9.114002,8.925283
2,560.7247,-391.4921,9.110976,8.936159
2,560.8994,-391.0164,9.10759,8.942886
2,561.074,-390.5406,9.103812,8.939053
2,561.2487,-390.0648,9.099621,8.935198
2,561.4235,-389.5891,9.094994,8.942015
2,561.5981,-389.1133,9.089915,8.950508
2,561.7728,-388.6376,9.084375,8.959005
2,561.9475,-388.1618,9.078367,8.967505
2,562.1222,-387.686,9.07189,8.972918
2,562.2969,-387.2103,9.064945,8.976387
2,562.4716,-386.7345,9.057544,8.979862
2,562.6464,-386.2588,9.049698,8.983324
2,562.821,-385.783,9.041426,8.970242
2,562.9957,-385.3073,9.032748,8.937422
2,563.1704,-384.8315,9.023694,8.904585
2,563.345,-384.3557,9.014291,8.889576
2,563.7914,-384.5196,9.005185,8.855242
2,564.2377,-384.6835,8.995834,8.853598
2,564.684,-384.8474,8.986272,8.865004
2,565.1302,-385.0112,8.976532,8.867777
2,565.5765,-385.1751,8.966652,8.841942
2,566.0229,-385.339,8.956668,8.817114
2,566.4692,-385.5029,8.946621,8.811026
2,566.9155,-385.6667,8.93655,8.793388
2,567.3618,-385.8307,8.926494,8.775196
2,567.8081,-385.9945,8.916492,8.757006
2,568.2544,-386.1584,8.906584,8.741686
2,568.7007,-386.3223,8.896808,8.730097
2,569.147,-386.4861,8.887199,8.71851
2,569.5933,-386.65,8.877796,8.710262
2,570.0396,-386.8139,8.868629,8.706089
2,570.486,-386.9778,8.859733,8.69198
2,570.9323,-387.1417,8.851132,8.678665
2,571.3785,-387.3055,8.842856,8.671078
2,571.8248,-387.4694,8.834928,8.663492
2,572.2711,-387.6333,8.827365,8.653008
2,572.7174,-387.7971,8.820186,8.641441
2,573.1637,-387.961,8.813403,8.630016
2,573.61,-388.1249,8.807026,8.616686
2,574.0563,-388.2888,8.801061,8.606113
3,551.2787,-392.2823,9.169145,9.05341
3,551.7504,-392.4556,9.162974,9.05341
3,552.222,-392.6288,9.157223,9.05341
3,552.6937,-392.802,9.151885,9.05341
3,553.1655,-392.9752,9.146951,9.053196
3,553.6371,-393.1483,9.142406,9.05221
3,554.1088,-393.3216,9.138236,9.051394
3,554.5805,-393.4948,9.134417,9.048944
3,555.0522,-393.6679,9.130926,9.029984
3,555.5239,-393.8412,9.127737,9.011023
3,555.9955,-394.0143,9.124819,8.989689
3,556.4673,-394.1876,9.12214,8.935438
3,556.939,-394.3607,9.119665,8.882257
3,557.4106,-394.534,9.117357,8.829065
3,557.8823,-394.7072,9.115179,8.777676
3,558.3541,-394.8803,9.113091,8.696218
3,558.8257,-395.0536,9.111053,8.604687
3,559.2974,-395.2267,9.109025,8.518764
3,559.7692,-395.4,9.106965,8.434107
3,559.9438,-394.9242,9.104815,8.538704
3,560.1185,-394.4484,9.10255,8.635008
3,560.2932,-393.9727,9.100131,8.72415
3,560.4679,-393.4969,9.097521,8.760609
3,560.6426,-393.0212,9.094682,8.791792
3,560.8173,-392.5454,9.09158,8.822964
3,560.992,-392.0696,9.088184,8.854168
3,561.1666,-391.5939,9.084464,8.868
3,561.3414,-391.1181,9.080396,8.878857
3,561.5161,-390.6424,9.075954,8.889698
3,561.6908,-390.1666,9.071123,8.893591
3,561.8654,-389.6908,9.065885,8.897768
3,562.0402,-389.2151,9.060229,8.906387
3,562.2148,-388.7393,9.05415,8.915417
3,562.3895,-388.2635,9.047641,8.924448
3,562.5642,-387.7878,9.040704,8.935095
3,562.739,-387.3121,9.033344,8.947744
3,562.9136,-386.8363,9.025571,8.952782
3,563.0883,-386.3606,9.017396,8.956253
3,563.263,-385.8848,9.008836,8.950935
3,563.4377,-385.409,8.999911,8.918102
3,563.6123,-384.9332,8.990646,8.885277
3,564.0983,-385.1117,8.980861,8.873444
3,564.5841,-385.2901,8.970779,8.88586
3,565.0699,-385.4684,8.960439,8.865421
3,565.5557,-385.6469,8.949874,8.837296
3,566.0415,-385.8252,8.939125,8.811008
3,566.5273,-386.0036,8.928235,8.793728
3,567.0132,-386.182,8.917246,8.767937
3,567.499,-386.3604,8.9062,8.742142
3,567.9849,-386.5388,8.895144,8.72674
3,568.4707,-386.7172,8.884123,8.714125
3,568.9565,-386.8956,8.873178,8.701508
3,569.4424,-387.074,8.862355,8.695986
3,569.9282,-387.2523,8.851695,8.692495
3,570.4141,-387.4308,8.841239,8.67889
3,570.8998,-387.6092,8.831026,8.668974
3,571.3857,-387.7875,8.821092,8.660715
3,571.8715,-387.9659,8.81147,8.652454
3,572.3574,-388.1443,8.80219,8.638945
3,572.8431,-388.3227,8.79328,8.623787
3,573.329,-388.5011,8.784761,8.608627
3,573.8148,-388.6795,8.776656,8.599506
3,574.3007,-388.8579,8.768977,8.587868
3,574.7865,-389.0363,8.761736,8.573406
3,575.2723,-389.2147,8.75494,8.560431
4,551.1236,-392.7048,9.159864,9.05341
4,551.6187,-392.8866,9.153031,9.05341
4,552.1139,-393.0684,9.146622,9.05341
4,552.6091,-393.2502,9.140629,9.05341
4,553.1042,-393.4321,9.135043,9.052591
4,553.5994,-393.6139,9.129852,9.051559
4,554.0945,-393.7957,9.125036,9.050669
4,554.5897,-393.9775,9.120576,9.033949
4,555.0848,-394.1593,9.116446,9.012825
4,555.58,-394.3412,9.112618,8.991529
4,556.0752,-394.5229,9.109063,8.852377
4,556.5703,-394.7048,9.105748,8.796537
4,557.0654,-394.8866,9.102637,8.740711
4,557.5607,-395.0684,9.099694,8.686789
4,558.0558,-395.2502,9.096878,8.628242
4,558.551,-395.432,9.094151,8.532173
4,559.0461,-395.6139,9.091472,8.443138
4,559.5413,-395.7957,9.088798,8.354307
4,560.0364,-395.9775,9.086089,8.263472
4,560.2111,-395.5017,9.083416,8.355217
4,560.3858,-395.026,9.080636,8.447573
4,560.5605,-394.5502,9.077716,8.539888
4,560.7352,-394.0745,9.074621,8.632215
4,560.9099,-393.5987,9.07132,8.678013
4,561.0846,-393.123,9.067781,8.715168
4,561.2593,-392.6472,9.063978,8.750469
4,561.434,-392.1714,9.059884,8.781641
4,561.6086,-391.6956,9.055476,8.799839
4,561.7834,-391.2199,9.050734,8.810677
4,561.9581,-390.7442,9.045638,8.821535
4,562.1328,-390.2684,9.040175,8.835434
4,562.3074,-389.7926,9.034335,8.851568
4,562.4822,-389.3169,9.028107,8.863487
4,562.6569,-388.8411,9.021488,8.87252
4,562.8315,-388.3654,9.014477,8.88155
4,563.0062,-387.8896,9.007074,8.891424
4,563.181,-387.4138,8.999288,8.904083
4,563.3556,-386.938,8.991124,8.916744
4,563.5303,-386.4623,8.982596,8.929178
4,563.705,-385.9865,8.973721,8.931616
4,563.8798,-385.5108,8.964514,8.898788
4,564.405,-385.7037,8.95399,8.898058
4,564.9304,-385.8966,8.943121,8.867641
4,565.4558,-386.0895,8.931944,8.833126
4,565.9811,-386.2824,8.920499,8.791866
4,566.5065,-386.4753,8.908826,8.763374
4,567.0319,-386.6682,8.896972,8.735487
4,567.5573,-386.8612,8.884982,8.715895
4,568.0826,-387.054,8.872906,8.702255
4,568.608,-387.247,8.86079,8.688612
4,569.1333,-387.4399,8.848685,8.682846
4,569.6587,-387.6328,8.836641,8.679068
4,570.1841,-387.8257,8.824706,8.6709
4,570.7094,-388.0186,8.812926,8.661488
4,571.2347,-388.2115,8.80135,8.647554
4,571.7602,-388.4044,8.790018,8.635626
4,572.2855,-388.5973,8.778974,8.624361
4,572.8109,-388.7903,8.768253,8.607969
4,573.3363,-388.9832,8.757893,8.595476
4,573.8616,-389.1761,8.747922,8.587854
4,574.387,-389.369,8.738367,8.574327
4,574.9124,-389.5619,8.729252,8.560135
4,575.4377,-389.7548,8.720592,8.546686
4,575.9631,-389.9477,8.7124,8.533239
4,576.4885,-390.1406,8.704685,8.509007
