area_id,vertex,x,y,z,exclude_vehicle,access_verified
anniversary_60_general_approach,0,79.5944443,1.96945822,75.38293,true,false
anniversary_60_general_approach,1,79.3741,1.96903121,75.50104,true,false
anniversary_60_general_approach,2,79.1537552,1.96860421,75.61914,true,false
anniversary_60_general_approach,3,78.93341,1.9681772,75.73725,true,false
anniversary_60_general_approach,4,78.7130661,1.96775019,75.85533,true,false
anniversary_60_general_approach,5,78.49273,1.96732318,75.97346,true,false
anniversary_60_general_approach,6,78.2723846,1.96689618,76.09155,true,false
anniversary_60_general_approach,7,78.05205,1.966469,76.20967,true,false
anniversary_60_general_approach,8,77.8317,1.966042,76.32776,true,false
anniversary_60_general_approach,9,77.61134,1.965615,76.44587,true,false
anniversary_60_general_approach,10,77.39101,1.965188,76.5639648,true,false
anniversary_60_general_approach,11,77.17066,1.964761,76.68208,true,false
anniversary_60_general_approach,12,76.95032,1.964334,76.80018,true,false
anniversary_60_general_approach,13,76.72997,1.963907,76.91828,true,false
anniversary_60_general_approach,14,76.50963,1.96348,77.0363846,true,false
anniversary_60_general_approach,15,76.28928,1.963053,77.1544952,true,false
anniversary_60_general_approach,16,76.06894,1.962626,77.2726,true,false
anniversary_60_general_approach,17,75.8485947,1.962199,77.3907,true,false
anniversary_60_general_approach,18,75.62825,1.961772,77.50881,true,false
anniversary_60_general_approach,19,75.40792,1.961345,77.62691,true,false
anniversary_60_general_approach,20,75.18756,1.96091783,77.74501,true,false
anniversary_60_general_approach,21,74.9672241,1.96049082,77.8631058,true,false
anniversary_60_general_approach,22,74.74687,1.96006382,77.9812241,true,false
anniversary_60_general_approach,23,74.526535,1.95963681,78.0993042,true,false
anniversary_60_general_approach,24,74.30619,1.9592098,78.21742,true,false
anniversary_60_general_approach,25,75.81792,1.976107,81.0378342,true,false
anniversary_60_general_approach,26,76.03826,1.97583,80.91971,true,false
anniversary_60_general_approach,27,76.258606,1.97555292,80.80163,true,false
anniversary_60_general_approach,28,76.47895,1.97527587,80.68351,true,false
anniversary_60_general_approach,29,76.699295,1.97499883,80.5654144,true,false
anniversary_60_general_approach,30,76.91965,1.97472191,80.4473,true,false
anniversary_60_general_approach,31,77.1399841,1.97444487,80.32921,true,false
anniversary_60_general_approach,32,77.36033,1.97416782,80.21111,true,false
anniversary_60_general_approach,33,77.58067,1.97389078,80.093,true,false
anniversary_60_general_approach,34,77.801,1.97361374,79.9749,true,false
anniversary_60_general_approach,35,78.02136,1.9733367,79.85678,true,false
anniversary_60_general_approach,36,78.2417,1.97305965,79.7386856,true,false
anniversary_60_general_approach,37,78.46205,1.97278261,79.620575,true,false
anniversary_60_general_approach,38,78.68239,1.97250557,79.50249,true,false
anniversary_60_general_approach,39,78.90274,1.97222853,79.38437,true,false
anniversary_60_general_approach,40,79.12308,1.97195148,79.26627,true,false
anniversary_60_general_approach,41,79.34343,1.97167444,79.14816,true,false
anniversary_60_general_approach,42,79.56377,1.9713974,79.03007,true,false
anniversary_60_general_approach,43,79.7841,1.97112048,78.91195,true,false
anniversary_60_general_approach,44,80.0044556,1.97084343,78.79387,true,false
anniversary_60_general_approach,45,80.22479,1.97056639,78.67575,true,false
anniversary_60_general_approach,46,80.4451447,1.97028935,78.55766,true,false
anniversary_60_general_approach,47,80.66548,1.97001231,78.43954,true,false
anniversary_60_general_approach,48,80.88583,1.96973526,78.32144,true,false
anniversary_60_general_approach,49,81.10618,1.96945822,78.20333,true,false
anniversary_60_accessible_approach,0,66.8932343,1.96945822,51.68654,true,false
anniversary_60_accessible_approach,1,66.67289,1.96311355,51.8046455,true,false
anniversary_60_accessible_approach,2,66.4525452,1.95676875,51.9227448,true,false
anniversary_60_accessible_approach,3,66.23221,1.95042408,52.04086,true,false
anniversary_60_accessible_approach,4,66.0118561,1.94407928,52.158947,true,false
anniversary_60_accessible_approach,5,65.79152,1.9377346,52.27706,true,false
anniversary_60_accessible_approach,6,65.57117,1.93138993,52.39516,true,false
anniversary_60_accessible_approach,7,65.35082,1.92504513,52.5132751,true,false
anniversary_60_accessible_approach,8,65.13048,1.91870046,52.63137,true,false
anniversary_60_accessible_approach,9,64.91014,1.91235566,52.7494774,true,false
anniversary_60_accessible_approach,10,64.68979,1.906011,52.86758,true,false
anniversary_60_accessible_approach,11,64.46945,1.89966631,52.98568,true,false
anniversary_60_accessible_approach,12,64.2491,1.89332151,53.1037865,true,false
anniversary_60_accessible_approach,13,64.02876,1.88697684,53.2218857,true,false
anniversary_60_accessible_approach,14,63.80842,1.880632,53.34,true,false
anniversary_60_accessible_approach,15,63.5880737,1.87428737,53.4581032,true,false
anniversary_60_accessible_approach,16,63.36773,1.86794257,53.5762062,true,false
anniversary_60_accessible_approach,17,63.1473846,1.8615979,53.69431,true,false
anniversary_60_accessible_approach,18,62.9270363,1.85525322,53.8124123,true,false
anniversary_60_accessible_approach,19,62.7066956,1.84890842,53.9305153,true,false
anniversary_60_accessible_approach,20,62.4863548,1.84256375,54.04862,true,false
anniversary_60_accessible_approach,21,62.26601,1.836219,54.16672,true,false
anniversary_60_accessible_approach,22,62.0456657,1.82987428,54.284832,true,false
anniversary_60_accessible_approach,23,61.8253174,1.82352948,54.40292,true,false
anniversary_60_accessible_approach,24,61.60498,1.81718481,54.5210381,true,false
anniversary_60_accessible_approach,25,63.116703,1.83705175,57.3414345,true,false
anniversary_60_accessible_approach,26,63.33705,1.84256864,57.2233276,true,false
anniversary_60_accessible_approach,27,63.55739,1.84808564,57.10523,true,false
anniversary_60_accessible_approach,28,63.77774,1.85360253,56.98712,true,false
anniversary_60_accessible_approach,29,63.9980774,1.85911953,56.8690224,true,false
anniversary_60_accessible_approach,30,64.21843,1.86463642,56.7509155,true,false
anniversary_60_accessible_approach,31,64.43877,1.87015343,56.6328163,true,false
anniversary_60_accessible_approach,32,64.65912,1.87567031,56.5147171,true,false
anniversary_60_accessible_approach,33,64.8794556,1.8811872,56.39661,true,false
anniversary_60_accessible_approach,34,65.0998,1.88670421,56.2785034,true,false
anniversary_60_accessible_approach,35,65.3201447,1.89222109,56.1604,true,false
anniversary_60_accessible_approach,36,65.54048,1.8977381,56.0422974,true,false
anniversary_60_accessible_approach,37,65.76083,1.903255,55.9241867,true,false
anniversary_60_accessible_approach,38,65.98117,1.908772,55.80609,true,false
anniversary_60_accessible_approach,39,66.20152,1.91428888,55.68798,true,false
anniversary_60_accessible_approach,40,66.42187,1.91980577,55.56989,true,false
anniversary_60_accessible_approach,41,66.64221,1.92532277,55.4517746,true,false
anniversary_60_accessible_approach,42,66.8625641,1.93083966,55.3336754,true,false
anniversary_60_accessible_approach,43,67.0829,1.93635666,55.21557,true,false
anniversary_60_accessible_approach,44,67.30324,1.94187355,55.09747,true,false
anniversary_60_accessible_approach,45,67.52359,1.94739044,54.97937,true,false
anniversary_60_accessible_approach,46,67.74393,1.95290744,54.8612633,true,false
anniversary_60_accessible_approach,47,67.96428,1.95842433,54.74316,true,false
anniversary_60_accessible_approach,48,68.1846161,1.96394134,54.62505,true,false
anniversary_60_accessible_approach,49,68.40496,1.96945822,54.5069427,true,false
biryong_plaza_general_approach,0,252.028717,2.92367673,-105.07827,true,false
biryong_plaza_general_approach,1,251.778717,2.916101,-105.07827,true,false
biryong_plaza_general_approach,2,251.528717,2.90852547,-105.07827,true,false
biryong_plaza_general_approach,3,251.278717,2.90094972,-105.07827,true,false
biryong_plaza_general_approach,4,251.028717,2.8933742,-105.07827,true,false
biryong_plaza_general_approach,5,250.778717,2.88579869,-105.07827,true,false
biryong_plaza_general_approach,6,250.528717,2.878223,-105.07827,true,false
biryong_plaza_general_approach,7,250.278717,2.87064743,-105.07827,true,false
biryong_plaza_general_approach,8,250.028717,2.86307168,-105.07827,true,false
biryong_plaza_general_approach,9,249.778717,2.85549617,-105.07827,true,false
biryong_plaza_general_approach,10,249.528717,2.84792042,-105.07827,true,false
biryong_plaza_general_approach,11,249.278717,2.840345,-105.07827,true,false
biryong_plaza_general_approach,12,249.028717,2.83276916,-105.07827,true,false
biryong_plaza_general_approach,13,248.778717,2.82519364,-105.07827,true,false
biryong_plaza_general_approach,14,248.528717,2.81761813,-105.07827,true,false
biryong_plaza_general_approach,15,248.278717,2.81004238,-105.078262,true,false
biryong_plaza_general_approach,16,248.028717,2.80246687,-105.078262,true,false
biryong_plaza_general_approach,17,247.778717,2.794891,-105.078262,true,false
biryong_plaza_general_approach,18,247.528717,2.78731561,-105.07827,true,false
biryong_plaza_general_approach,19,247.278717,2.77973986,-105.07827,true,false
biryong_plaza_general_approach,20,247.028717,2.77216434,-105.07827,true,false
biryong_plaza_general_approach,21,246.778717,2.76458859,-105.07827,true,false
biryong_plaza_general_approach,22,246.528717,2.757013,-105.07827,true,false
biryong_plaza_general_approach,23,246.278717,2.74943733,-105.07827,true,false
biryong_plaza_general_approach,24,246.028717,2.74186182,-105.07827,true,false
biryong_plaza_general_approach,25,246.028717,2.71134233,-101.07827,true,false
biryong_plaza_general_approach,26,246.278717,2.72018957,-101.07827,true,false
biryong_plaza_general_approach,27,246.528717,2.72903681,-101.07827,true,false
biryong_plaza_general_approach,28,246.778717,2.737884,-101.07827,true,false
biryong_plaza_general_approach,29,247.028717,2.74673128,-101.07827,true,false
biryong_plaza_general_approach,30,247.278717,2.75557876,-101.07827,true,false
biryong_plaza_general_approach,31,247.528717,2.764426,-101.07827,true,false
biryong_plaza_general_approach,32,247.778717,2.77327323,-101.078262,true,false
biryong_plaza_general_approach,33,248.028717,2.78212047,-101.078262,true,false
biryong_plaza_general_approach,34,248.278717,2.7909677,-101.078262,true,false
biryong_plaza_general_approach,35,248.528717,2.799815,-101.07827,true,false
biryong_plaza_general_approach,36,248.778717,2.80866218,-101.07827,true,false
biryong_plaza_general_approach,37,249.028717,2.81750941,-101.07827,true,false
biryong_plaza_general_approach,38,249.278717,2.826357,-101.07827,true,false
biryong_plaza_general_approach,39,249.528717,2.83520412,-101.07827,true,false
biryong_plaza_general_approach,40,249.778717,2.84405136,-101.07827,true,false
biryong_plaza_general_approach,41,250.028717,2.8528986,-101.07827,true,false
biryong_plaza_general_approach,42,250.278717,2.86174583,-101.07827,true,false
biryong_plaza_general_approach,43,250.528717,2.870593,-101.07827,true,false
biryong_plaza_general_approach,44,250.778717,2.87944031,-101.07827,true,false
biryong_plaza_general_approach,45,251.028717,2.88828754,-101.07827,true,false
biryong_plaza_general_approach,46,251.278717,2.89713478,-101.07827,true,false
biryong_plaza_general_approach,47,251.528717,2.90598226,-101.07827,true,false
biryong_plaza_general_approach,48,251.778717,2.91482949,-101.07827,true,false
biryong_plaza_general_approach,49,252.028717,2.92367673,-101.07827,true,false
biryong_plaza_accessible_approach,0,251.056564,2.92367673,-160.102158,true,false
biryong_plaza_accessible_approach,1,250.806564,2.90820765,-160.102158,true,false
biryong_plaza_accessible_approach,2,250.556564,2.89273882,-160.102158,true,false
biryong_plaza_accessible_approach,3,250.306564,2.87726974,-160.102158,true,false
biryong_plaza_accessible_approach,4,250.056564,2.861801,-160.102158,true,false
biryong_plaza_accessible_approach,5,249.806564,2.846332,-160.102158,true,false
biryong_plaza_accessible_approach,6,249.556564,2.830863,-160.102158,true,false
biryong_plaza_accessible_approach,7,249.306564,2.81539416,-160.102158,true,false
biryong_plaza_accessible_approach,8,249.056564,2.799925,-160.102158,true,false
biryong_plaza_accessible_approach,9,248.806564,2.78445625,-160.102158,true,false
biryong_plaza_accessible_approach,10,248.556564,2.76898718,-160.102158,true,false
biryong_plaza_accessible_approach,11,248.306564,2.75351834,-160.102142,true,false
biryong_plaza_accessible_approach,12,248.056564,2.73804927,-160.102142,true,false
biryong_plaza_accessible_approach,13,247.806564,2.72258043,-160.102142,true,false
biryong_plaza_accessible_approach,14,247.556564,2.7071116,-160.102142,true,false
biryong_plaza_accessible_approach,15,247.306564,2.69164252,-160.102142,true,false
biryong_plaza_accessible_approach,16,247.056564,2.67617369,-160.102142,true,false
biryong_plaza_accessible_approach,17,246.806564,2.66070461,-160.102142,true,false
biryong_plaza_accessible_approach,18,246.556564,2.64523578,-160.102158,true,false
biryong_plaza_accessible_approach,19,246.306564,2.6297667,-160.102158,true,false
biryong_plaza_accessible_approach,20,246.056564,2.61429787,-160.102158,true,false
biryong_plaza_accessible_approach,21,245.806564,2.59882879,-160.102158,true,false
biryong_plaza_accessible_approach,22,245.556564,2.58336,-160.102158,true,false
biryong_plaza_accessible_approach,23,245.306564,2.56789112,-160.102158,true,false
biryong_plaza_accessible_approach,24,245.056564,2.552422,-160.102158,true,false
biryong_plaza_accessible_approach,25,245.056564,2.5707345,-156.102158,true,false
biryong_plaza_accessible_approach,26,245.306564,2.5854404,-156.102158,true,false
biryong_plaza_accessible_approach,27,245.556564,2.60014629,-156.102158,true,false
biryong_plaza_accessible_approach,28,245.806564,2.61485219,-156.102158,true,false
biryong_plaza_accessible_approach,29,246.056564,2.629558,-156.102158,true,false
biryong_plaza_accessible_approach,30,246.306564,2.64426422,-156.102158,true,false
biryong_plaza_accessible_approach,31,246.556564,2.65897,-156.102158,true,false
biryong_plaza_accessible_approach,32,246.806564,2.673676,-156.102142,true,false
biryong_plaza_accessible_approach,33,247.056564,2.688382,-156.102142,true,false
biryong_plaza_accessible_approach,34,247.306564,2.70308781,-156.102142,true,false
biryong_plaza_accessible_approach,35,247.556564,2.7177937,-156.102142,true,false
biryong_plaza_accessible_approach,36,247.806564,2.7324996,-156.102142,true,false
biryong_plaza_accessible_approach,37,248.056564,2.7472055,-156.102142,true,false
biryong_plaza_accessible_approach,38,248.306564,2.76191163,-156.102142,true,false
biryong_plaza_accessible_approach,39,248.556564,2.77661753,-156.102158,true,false
biryong_plaza_accessible_approach,40,248.806564,2.79132342,-156.102158,true,false
biryong_plaza_accessible_approach,41,249.056564,2.80602932,-156.102158,true,false
biryong_plaza_accessible_approach,42,249.306564,2.82073522,-156.102158,true,false
biryong_plaza_accessible_approach,43,249.556564,2.835441,-156.102158,true,false
biryong_plaza_accessible_approach,44,249.806564,2.850147,-156.102158,true,false
biryong_plaza_accessible_approach,45,250.056564,2.864853,-156.102158,true,false
biryong_plaza_accessible_approach,46,250.306564,2.8795588,-156.102158,true,false
biryong_plaza_accessible_approach,47,250.556564,2.894265,-156.102158,true,false
biryong_plaza_accessible_approach,48,250.806564,2.90897083,-156.102158,true,false
biryong_plaza_accessible_approach,49,251.056564,2.92367673,-156.102158,true,false
rear_gate_general_approach,0,263.841431,9.444253,52.4892426,true,false
rear_gate_general_approach,1,263.591431,9.432273,52.4892464,true,false
rear_gate_general_approach,2,263.341431,9.420294,52.4892349,true,false
rear_gate_general_approach,3,263.091431,9.408315,52.4892349,true,false
rear_gate_general_approach,4,262.841431,9.396336,52.4892349,true,false
rear_gate_general_approach,5,262.591431,9.384356,52.4892349,true,false
rear_gate_general_approach,6,262.341431,9.372376,52.48924,true,false
rear_gate_general_approach,7,262.091431,9.360397,52.48925,true,false
rear_gate_general_approach,8,261.841431,9.348417,52.48925,true,false
rear_gate_general_approach,9,261.591431,9.336438,52.4892426,true,false
rear_gate_general_approach,10,261.341431,9.324459,52.4892349,true,false
rear_gate_general_approach,11,261.091431,9.31248,52.48925,true,false
rear_gate_general_approach,12,260.841461,9.3005,52.4892426,true,false
rear_gate_general_approach,13,260.591431,9.288521,52.48924,true,false
rear_gate_general_approach,14,260.341431,9.276542,52.4892426,true,false
rear_gate_general_approach,15,260.091431,9.264563,52.4892464,true,false
rear_gate_general_approach,16,259.841431,9.252583,52.4892349,true,false
rear_gate_general_approach,17,259.591461,9.240603,52.48924,true,false
rear_gate_general_approach,18,259.341431,9.228624,52.4892349,true,false
rear_gate_general_approach,19,259.091431,9.216644,52.4892349,true,false
rear_gate_general_approach,20,258.841431,9.204665,52.48925,true,false
rear_gate_general_approach,21,258.591461,9.192686,52.4892349,true,false
rear_gate_general_approach,22,258.341431,9.180707,52.4892426,true,false
rear_gate_general_approach,23,258.091431,9.168727,52.4892426,true,false
rear_gate_general_approach,24,257.841431,9.156748,52.48922,true,false
rear_gate_general_approach,25,257.841431,9.156748,56.0892258,true,false
rear_gate_general_approach,26,258.091431,9.168727,56.0892525,true,false
rear_gate_general_approach,27,258.341431,9.180707,56.08924,true,false
rear_gate_general_approach,28,258.591431,9.192686,56.0892448,true,false
rear_gate_general_approach,29,258.841431,9.204665,56.0892563,true,false
rear_gate_general_approach,30,259.091431,9.216644,56.08924,true,false
rear_gate_general_approach,31,259.341431,9.228624,56.0892563,true,false
rear_gate_general_approach,32,259.591431,9.240603,56.0892334,true,false
rear_gate_general_approach,33,259.841431,9.252583,56.0892448,true,false
rear_gate_general_approach,34,260.091431,9.264563,56.08925,true,false
rear_gate_general_approach,35,260.341431,9.276542,56.0892448,true,false
rear_gate_general_approach,36,260.591431,9.288521,56.08925,true,false
rear_gate_general_approach,37,260.841431,9.3005,56.0892372,true,false
rear_gate_general_approach,38,261.091431,9.31248,56.0892258,true,false
rear_gate_general_approach,39,261.341431,9.324459,56.08924,true,false
rear_gate_general_approach,40,261.591431,9.336438,56.0892525,true,false
rear_gate_general_approach,41,261.841431,9.348417,56.08924,true,false
rear_gate_general_approach,42,262.091431,9.360397,56.08925,true,false
rear_gate_general_approach,43,262.341431,9.372376,56.08924,true,false
rear_gate_general_approach,44,262.591431,9.384356,56.08925,true,false
rear_gate_general_approach,45,262.841431,9.396336,56.0892448,true,false
rear_gate_general_approach,46,263.091431,9.408315,56.0892334,true,false
rear_gate_general_approach,47,263.341431,9.420294,56.0892448,true,false
rear_gate_general_approach,48,263.591431,9.432273,56.08925,true,false
rear_gate_general_approach,49,263.841431,9.444253,56.0892448,true,false
rear_gate_general_reverse_approach,0,268.841431,9.444253,56.08925,true,false
rear_gate_general_reverse_approach,1,269.091431,9.431517,56.08925,true,false
rear_gate_general_reverse_approach,2,269.341431,9.418779,56.08924,true,false
rear_gate_general_reverse_approach,3,269.591431,9.406043,56.0892258,true,false
rear_gate_general_reverse_approach,4,269.841431,9.393307,56.0892448,true,false
rear_gate_general_reverse_approach,5,270.091431,9.38057,56.08924,true,false
rear_gate_general_reverse_approach,6,270.341431,9.367834,56.08924,true,false
rear_gate_general_reverse_approach,7,270.591431,9.355098,56.0892563,true,false
rear_gate_general_reverse_approach,8,270.841431,9.342361,56.089222,true,false
rear_gate_general_reverse_approach,9,271.091431,9.329625,56.0892334,true,false
rear_gate_general_reverse_approach,10,271.341431,9.316889,56.08925,true,false
rear_gate_general_reverse_approach,11,271.591431,9.304152,56.0892448,true,false
rear_gate_general_reverse_approach,12,271.841431,9.291415,56.0892334,true,false
rear_gate_general_reverse_approach,13,272.091431,9.278679,56.08925,true,false
rear_gate_general_reverse_approach,14,272.341431,9.265943,56.08925,true,false
rear_gate_general_reverse_approach,15,272.591431,9.253206,56.0892258,true,false
rear_gate_general_reverse_approach,16,272.841431,9.24047,56.08924,true,false
rear_gate_general_reverse_approach,17,273.091431,9.227734,56.08924,true,false
rear_gate_general_reverse_approach,18,273.341431,9.214997,56.08925,true,false
rear_gate_general_reverse_approach,19,273.591431,9.202261,56.08922,true,false
rear_gate_general_reverse_approach,20,273.841431,9.189524,56.08925,true,false
rear_gate_general_reverse_approach,21,274.091431,9.176787,56.0892334,true,false
rear_gate_general_reverse_approach,22,274.341431,9.164051,56.0892143,true,false
rear_gate_general_reverse_approach,23,274.591431,9.151315,56.0892448,true,false
rear_gate_general_reverse_approach,24,274.841431,9.138578,56.0892334,true,false
rear_gate_general_reverse_approach,25,274.841431,9.083643,52.4892464,true,false
rear_gate_general_reverse_approach,26,274.591431,9.098668,52.4892349,true,false
rear_gate_general_reverse_approach,27,274.341461,9.113694,52.48924,true,false
rear_gate_general_reverse_approach,28,274.091431,9.128719,52.4892349,true,false
rear_gate_general_reverse_approach,29,273.841431,9.143744,52.4892349,true,false
rear_gate_general_reverse_approach,30,273.591431,9.15877,52.48925,true,false
rear_gate_general_reverse_approach,31,273.341431,9.173796,52.48925,true,false
rear_gate_general_reverse_approach,32,273.091431,9.188821,52.48924,true,false
rear_gate_general_reverse_approach,33,272.841431,9.203846,52.4892426,true,false
rear_gate_general_reverse_approach,34,272.591431,9.218872,52.48922,true,false
rear_gate_general_reverse_approach,35,272.341431,9.233897,52.4892349,true,false
rear_gate_general_reverse_approach,36,272.091431,9.248922,52.4892426,true,false
rear_gate_general_reverse_approach,37,271.841461,9.26394749,52.48924,true,false
rear_gate_general_reverse_approach,38,271.591431,9.278974,52.4892349,true,false
rear_gate_general_reverse_approach,39,271.341431,9.293999,52.4892464,true,false
rear_gate_general_reverse_approach,40,271.0914,9.309024,52.48923,true,false
rear_gate_general_reverse_approach,41,270.841431,9.324049,52.4892273,true,false
rear_gate_general_reverse_approach,42,270.591431,9.339075,52.4892426,true,false
rear_gate_general_reverse_approach,43,270.341431,9.3541,52.4892349,true,false
rear_gate_general_reverse_approach,44,270.091431,9.369125,52.48924,true,false
rear_gate_general_reverse_approach,45,269.841461,9.384151,52.4892349,true,false
rear_gate_general_reverse_approach,46,269.591431,9.399177,52.4892349,true,false
rear_gate_general_reverse_approach,47,269.341431,9.414202,52.4892273,true,false
rear_gate_general_reverse_approach,48,269.091461,9.429227,52.4892349,true,false
rear_gate_general_reverse_approach,49,268.841431,9.444253,52.4892578,true,false
rear_gate_accessible_approach,0,256.18103,9.444253,70.9171143,true,false
rear_gate_accessible_approach,1,255.930969,9.4363,70.91711,true,false
rear_gate_accessible_approach,2,255.681,9.428347,70.91713,true,false
rear_gate_accessible_approach,3,255.431,9.420394,70.91713,true,false
rear_gate_accessible_approach,4,255.181,9.412441,70.9171,true,false
rear_gate_accessible_approach,5,254.930984,9.404489,70.91713,true,false
rear_gate_accessible_approach,6,254.681,9.396536,70.91712,true,false
rear_gate_accessible_approach,7,254.431,9.388583,70.9171,true,false
rear_gate_accessible_approach,8,254.180984,9.38063049,70.91712,true,false
rear_gate_accessible_approach,9,253.931,9.372678,70.91712,true,false
rear_gate_accessible_approach,10,253.680969,9.364725,70.9171143,true,false
rear_gate_accessible_approach,11,253.431,9.356771,70.9171143,true,false
rear_gate_accessible_approach,12,253.181,9.348819,70.91713,true,false
rear_gate_accessible_approach,13,252.93103,9.340866,70.91711,true,false
rear_gate_accessible_approach,14,252.681,9.332913,70.9171143,true,false
rear_gate_accessible_approach,15,252.431,9.324961,70.91712,true,false
rear_gate_accessible_approach,16,252.181,9.317008,70.9171448,true,false
rear_gate_accessible_approach,17,251.931,9.309055,70.9171143,true,false
rear_gate_accessible_approach,18,251.681015,9.301103,70.9171143,true,false
rear_gate_accessible_approach,19,251.430984,9.29315,70.91713,true,false
rear_gate_accessible_approach,20,251.181,9.285196,70.9171,true,false
rear_gate_accessible_approach,21,250.931,9.277244,70.91713,true,false
rear_gate_accessible_approach,22,250.68103,9.269291,70.91712,true,false
rear_gate_accessible_approach,23,250.430969,9.261338,70.91712,true,false
rear_gate_accessible_approach,24,250.181,9.253386,70.9171,true,false
rear_gate_accessible_approach,25,250.180984,9.27741051,74.51711,true,false
rear_gate_accessible_approach,26,250.431,9.284362,74.51711,true,false
rear_gate_accessible_approach,27,250.681015,9.291314,74.5171356,true,false
rear_gate_accessible_approach,28,250.930969,9.298265,74.51712,true,false
rear_gate_accessible_approach,29,251.180984,9.305218,74.51712,true,false
rear_gate_accessible_approach,30,251.431,9.312169,74.5171051,true,false
rear_gate_accessible_approach,31,251.681,9.319121,74.5171051,true,false
rear_gate_accessible_approach,32,251.930984,9.326073,74.51713,true,false
rear_gate_accessible_approach,33,252.181,9.333025,74.5171051,true,false
rear_gate_accessible_approach,34,252.431,9.339976,74.5171356,true,false
rear_gate_accessible_approach,35,252.681,9.346928,74.51712,true,false
rear_gate_accessible_approach,36,252.930984,9.35388,74.51711,true,false
rear_gate_accessible_approach,37,253.181,9.360831,74.51713,true,false
rear_gate_accessible_approach,38,253.431,9.367784,74.51711,true,false
rear_gate_accessible_approach,39,253.680969,9.374735,74.51712,true,false
rear_gate_accessible_approach,40,253.931,9.381687,74.51713,true,false
rear_gate_accessible_approach,41,254.181,9.3886385,74.51712,true,false
rear_gate_accessible_approach,42,254.431,9.395591,74.51711,true,false
rear_gate_accessible_approach,43,254.681,9.402542,74.51713,true,false
rear_gate_accessible_approach,44,254.931,9.409493,74.51712,true,false
rear_gate_accessible_approach,45,255.181015,9.416446,74.51712,true,false
rear_gate_accessible_approach,46,255.430984,9.423397,74.51713,true,false
rear_gate_accessible_approach,47,255.681015,9.430349,74.51711,true,false
rear_gate_accessible_approach,48,255.931,9.437301,74.5171356,true,false
rear_gate_accessible_approach,49,256.181,9.444253,74.51711,true,false
rear_gate_accessible_reverse_approach,0,261.18103,9.444253,74.5171051,true,false
rear_gate_accessible_reverse_approach,1,261.430969,9.439005,74.51712,true,false
rear_gate_accessible_reverse_approach,2,261.681,9.433757,74.51713,true,false
rear_gate_accessible_reverse_approach,3,261.931,9.42851,74.51712,true,false
rear_gate_accessible_reverse_approach,4,262.181,9.423262,74.51711,true,false
rear_gate_accessible_reverse_approach,5,262.43103,9.418014,74.5171356,true,false
rear_gate_accessible_reverse_approach,6,262.681,9.412766,74.51712,true,false
rear_gate_accessible_reverse_approach,7,262.931,9.407518,74.5171051,true,false
rear_gate_accessible_reverse_approach,8,263.18103,9.40227,74.51713,true,false
rear_gate_accessible_reverse_approach,9,263.431,9.397022,74.51711,true,false
rear_gate_accessible_reverse_approach,10,263.681,9.391775,74.51711,true,false
rear_gate_accessible_reverse_approach,11,263.931,9.386527,74.5171356,true,false
rear_gate_accessible_reverse_approach,12,264.181,9.381279,74.51712,true,false
rear_gate_accessible_reverse_approach,13,264.431,9.376032,74.51711,true,false
rear_gate_accessible_reverse_approach,14,264.681,9.370784,74.51713,true,false
rear_gate_accessible_reverse_approach,15,264.931,9.365536,74.51713,true,false
rear_gate_accessible_reverse_approach,16,265.181,9.360289,74.51711,true,false
rear_gate_accessible_reverse_approach,17,265.431,9.355041,74.51712,true,false
rear_gate_accessible_reverse_approach,18,265.681,9.34979248,74.51713,true,false
rear_gate_accessible_reverse_approach,19,265.93103,9.344544,74.51713,true,false
rear_gate_accessible_reverse_approach,20,266.181,9.339297,74.5171051,true,false
rear_gate_accessible_reverse_approach,21,266.431,9.334049,74.5171051,true,false
rear_gate_accessible_reverse_approach,22,266.681,9.328801,74.51712,true,false
rear_gate_accessible_reverse_approach,23,266.93103,9.323554,74.5171,true,false
rear_gate_accessible_reverse_approach,24,267.181,9.318306,74.5171356,true,false
rear_gate_accessible_reverse_approach,25,267.181,9.279852,70.91712,true,false
rear_gate_accessible_reverse_approach,26,266.931,9.286702,70.91713,true,false
rear_gate_accessible_reverse_approach,27,266.681,9.293552,70.9171143,true,false
rear_gate_accessible_reverse_approach,28,266.43103,9.300402,70.9171143,true,false
rear_gate_accessible_reverse_approach,29,266.18103,9.307252,70.91712,true,false
rear_gate_accessible_reverse_approach,30,265.931,9.314102,70.9171,true,false
rear_gate_accessible_reverse_approach,31,265.681,9.320952,70.9171143,true,false
rear_gate_accessible_reverse_approach,32,265.43103,9.327802,70.91712,true,false
rear_gate_accessible_reverse_approach,33,265.180969,9.334652,70.91712,true,false
rear_gate_accessible_reverse_approach,34,264.931,9.341502,70.9171,true,false
rear_gate_accessible_reverse_approach,35,264.681,9.348352,70.91713,true,false
rear_gate_accessible_reverse_approach,36,264.430969,9.355203,70.9171143,true,false
rear_gate_accessible_reverse_approach,37,264.180969,9.362052,70.9171,true,false
rear_gate_accessible_reverse_approach,38,263.931,9.368902,70.91713,true,false
rear_gate_accessible_reverse_approach,39,263.681,9.375752,70.91712,true,false
rear_gate_accessible_reverse_approach,40,263.430969,9.382603,70.9171143,true,false
rear_gate_accessible_reverse_approach,41,263.18103,9.389452,70.9171143,true,false
rear_gate_accessible_reverse_approach,42,262.931,9.396302,70.9171,true,false
rear_gate_accessible_reverse_approach,43,262.681,9.403152,70.9171143,true,false
rear_gate_accessible_reverse_approach,44,262.431,9.410003,70.91711,true,false
rear_gate_accessible_reverse_approach,45,262.181,9.416853,70.91713,true,false
rear_gate_accessible_reverse_approach,46,261.93103,9.423702,70.91711,true,false
rear_gate_accessible_reverse_approach,47,261.680969,9.43055248,70.91712,true,false
rear_gate_accessible_reverse_approach,48,261.431,9.437403,70.9171,true,false
rear_gate_accessible_reverse_approach,49,261.181,9.444253,70.9171143,true,false
hitech_general_approach,0,351.299133,8.201528,24.9191456,true,false
hitech_general_approach,1,351.4046,8.190508,25.1458511,true,false
hitech_general_approach,2,351.51004,8.179488,25.3725128,true,false
hitech_general_approach,3,351.615417,8.168468,25.5992069,true,false
hitech_general_approach,4,351.720825,8.157449,25.8258858,true,false
hitech_general_approach,5,351.826233,8.146429,26.05258,true,false
hitech_general_approach,6,351.931641,8.135409,26.2792587,true,false
hitech_general_approach,7,352.0371,8.12439,26.5059357,true,false
hitech_general_approach,8,352.1425,8.11337,26.73263,true,false
hitech_general_approach,9,352.247925,8.10235,26.9593086,true,false
hitech_general_approach,10,352.3533,8.091331,27.1860142,true,false
hitech_general_approach,11,352.45874,8.080311,27.4127083,true,false
hitech_general_approach,12,352.564178,8.069291,27.6394,true,false
hitech_general_approach,13,352.6696,8.058271,27.86608,true,false
hitech_general_approach,14,352.774933,8.047252,28.0927887,true,false
hitech_general_approach,15,352.880371,8.036232,28.3194675,true,false
hitech_general_approach,16,352.98584,8.025212,28.5461426,true,false
hitech_general_approach,17,353.091248,8.014193,28.7728367,true,false
hitech_general_approach,18,353.196625,8.003173,28.9995022,true,false
hitech_general_approach,19,353.302063,7.99215269,29.2262077,true,false
hitech_general_approach,20,353.407471,7.981133,29.4528732,true,false
hitech_general_approach,21,353.512939,7.97011328,29.6795654,true,false
hitech_general_approach,22,353.618317,7.95909357,29.9062862,true,false
hitech_general_approach,23,353.7237,7.948074,30.1329536,true,false
hitech_general_approach,24,353.829163,7.937054,30.3596725,true,false
hitech_general_approach,25,356.730743,7.91322565,29.0103149,true,false
hitech_general_approach,26,356.625336,7.925238,28.7836361,true,false
hitech_general_approach,27,356.519958,7.93725061,28.5569439,true,false
hitech_general_approach,28,356.4145,7.94926357,28.3302517,true,false
hitech_general_approach,29,356.309082,7.961276,28.1035442,true,false
hitech_general_approach,30,356.203674,7.97328854,27.8768654,true,false
hitech_general_approach,31,356.0983,7.985301,27.6501713,true,false
hitech_general_approach,32,355.992828,7.9973135,27.4235077,true,false
hitech_general_approach,33,355.8874,8.009326,27.1968155,true,false
hitech_general_approach,34,355.782,8.021338,26.9701214,true,false
hitech_general_approach,35,355.676575,8.033351,26.7434425,true,false
hitech_general_approach,36,355.5712,8.045363,26.5167351,true,false
hitech_general_approach,37,355.4658,8.057377,26.2900715,true,false
hitech_general_approach,38,355.360352,8.069389,26.06338,true,false
hitech_general_approach,39,355.2549,8.081402,25.8366871,true,false
hitech_general_approach,40,355.1495,8.093414,25.6100063,true,false
hitech_general_approach,41,355.044128,8.105427,25.3832989,true,false
hitech_general_approach,42,354.93866,8.117439,25.1566219,true,false
hitech_general_approach,43,354.833252,8.129452,24.9299145,true,false
hitech_general_approach,44,354.727844,8.141464,24.7032356,true,false
hitech_general_approach,45,354.622437,8.153477,24.476572,true,false
hitech_general_approach,46,354.517059,8.165489,24.2498779,true,false
hitech_general_approach,47,354.4116,8.177502,24.0231857,true,false
hitech_general_approach,48,354.3062,8.189515,23.7964783,true,false
hitech_general_approach,49,354.2008,8.201528,23.5698128,true,false
hitech_accessible_approach,0,317.992737,8.201528,40.40751,true,false
hitech_accessible_approach,1,318.098175,8.203891,40.6342163,true,false
hitech_accessible_approach,2,318.2036,8.206254,40.8608932,true,false
hitech_accessible_approach,3,318.309052,8.208617,41.0875778,true,false
hitech_accessible_approach,4,318.414429,8.210981,41.3142738,true,false
hitech_accessible_approach,5,318.519836,8.213345,41.5409546,true,false
hitech_accessible_approach,6,318.625244,8.215708,41.7676468,true,false
hitech_accessible_approach,7,318.730652,8.218071,41.9943237,true,false
hitech_accessible_approach,8,318.8361,8.220434,42.2210159,true,false
hitech_accessible_approach,9,318.9415,8.222798,42.44771,true,false
hitech_accessible_approach,10,319.0469,8.225162,42.674408,true,false
hitech_accessible_approach,11,319.152344,8.227525,42.9011,true,false
hitech_accessible_approach,12,319.257751,8.229888,43.12777,true,false
hitech_accessible_approach,13,319.3632,8.232252,43.3544731,true,false
hitech_accessible_approach,14,319.468567,8.234615,43.5811539,true,false
hitech_accessible_approach,15,319.574036,8.236979,43.80784,true,false
hitech_accessible_approach,16,319.6794,8.239342,44.03453,true,false
hitech_accessible_approach,17,319.784882,8.241705,44.2612076,true,false
hitech_accessible_approach,18,319.890228,8.244069,44.4879036,true,false
hitech_accessible_approach,19,319.9957,8.246432,44.71458,true,false
hitech_accessible_approach,20,320.101074,8.24879551,44.9412766,true,false
hitech_accessible_approach,21,320.2065,8.251159,45.16796,true,false
hitech_accessible_approach,22,320.31192,8.253523,45.3946533,true,false
hitech_accessible_approach,23,320.417328,8.255886,45.6213455,true,false
hitech_accessible_approach,24,320.522736,8.258249,45.8480263,true,false
hitech_accessible_approach,25,323.424316,8.241735,44.49871,true,false
hitech_accessible_approach,26,323.318939,8.24006,44.27203,true,false
hitech_accessible_approach,27,323.2135,8.238385,44.0453262,true,false
hitech_accessible_approach,28,323.1081,8.23671,43.81866,true,false
hitech_accessible_approach,29,323.0027,8.235034,43.591938,true,false
hitech_accessible_approach,30,322.897278,8.233358,43.3652458,true,false
hitech_accessible_approach,31,322.79184,8.231684,43.1385727,true,false
hitech_accessible_approach,32,322.686432,8.230008,42.9118958,true,false
hitech_accessible_approach,33,322.581,8.22833252,42.6852036,true,false
hitech_accessible_approach,34,322.475616,8.226657,42.45851,true,false
hitech_accessible_approach,35,322.370178,8.224982,42.23184,true,false
hitech_accessible_approach,36,322.264771,8.223307,42.00513,true,false
hitech_accessible_approach,37,322.159363,8.221631,41.7784653,true,false
hitech_accessible_approach,38,322.053955,8.219956,41.5517578,true,false
hitech_accessible_approach,39,321.948578,8.218281,41.3250656,true,false
hitech_accessible_approach,40,321.84314,8.216605,41.09839,true,false
hitech_accessible_approach,41,321.737732,8.21493,40.8716965,true,false
hitech_accessible_approach,42,321.632263,8.213255,40.64501,true,false
hitech_accessible_approach,43,321.526855,8.211579,40.4183159,true,false
hitech_accessible_approach,44,321.421448,8.209904,40.1916237,true,false
hitech_accessible_approach,45,321.316071,8.208229,39.9649429,true,false
hitech_accessible_approach,46,321.2106,8.206553,39.738266,true,false
hitech_accessible_approach,47,321.1052,8.204878,39.51155,true,false
hitech_accessible_approach,48,320.9998,8.203202,39.284874,true,false
hitech_accessible_approach,49,320.894379,8.201528,39.05821,true,false
building_5_general_approach,0,27.4842434,2.55676532,127.4547,true,false
building_5_general_approach,1,27.5863361,2.540299,127.682907,true,false
building_5_general_approach,2,27.6884289,2.52383232,127.9111,true,false
building_5_general_approach,3,27.7905178,2.50736618,128.139313,true,false
building_5_general_approach,4,27.8926067,2.49089956,128.3675,true,false
building_5_general_approach,5,27.9946957,2.47443318,128.595718,true,false
building_5_general_approach,6,28.0967922,2.4579668,128.823929,true,false
building_5_general_approach,7,28.1988811,2.44150043,129.052124,true,false
building_5_general_approach,8,28.3009663,2.425034,129.280319,true,false
building_5_general_approach,9,28.403059,2.40856767,129.508545,true,false
building_5_general_approach,10,28.5051517,2.39210129,129.73674,true,false
building_5_general_approach,11,28.6072311,2.375635,129.964951,true,false
building_5_general_approach,12,28.7093315,2.35916853,130.193161,true,false
building_5_general_approach,13,28.8114166,2.34270215,130.421356,true,false
building_5_general_approach,14,28.91351,2.32623577,130.649567,true,false
building_5_general_approach,15,29.0155945,2.30976939,130.877777,true,false
building_5_general_approach,16,29.1176872,2.293303,131.105972,true,false
building_5_general_approach,17,29.2197723,2.27683663,131.334183,true,false
building_5_general_approach,18,29.32187,2.26037025,131.562408,true,false
building_5_general_approach,19,29.4239578,2.24390388,131.7906,true,false
building_5_general_approach,20,29.52605,2.2274375,132.018814,true,false
building_5_general_approach,21,29.6281452,2.210971,132.247025,true,false
building_5_general_approach,22,29.7302437,2.19450474,132.47522,true,false
building_5_general_approach,23,29.8323212,2.17803836,132.703415,true,false
building_5_general_approach,24,29.93442,2.161572,132.931656,true,false
building_5_general_approach,25,32.85544,2.068028,131.624878,true,false
building_5_general_approach,26,32.7533455,2.088392,131.396667,true,false
building_5_general_approach,27,32.6512527,2.108756,131.168457,true,false
building_5_general_approach,28,32.5491676,2.12912,130.940247,true,false
building_5_general_approach,29,32.4470749,2.14948416,130.712051,true,false
building_5_general_approach,30,32.344986,2.1698482,130.483826,true,false
building_5_general_approach,31,32.2429047,2.19021225,130.25563,true,false
building_5_general_approach,32,32.1408119,2.2105763,130.02742,true,false
building_5_general_approach,33,32.0387268,2.23094034,129.799225,true,false
building_5_general_approach,34,31.93663,2.25130439,129.571014,true,false
building_5_general_approach,35,31.83454,2.27166843,129.342819,true,false
building_5_general_approach,36,31.7324467,2.29203248,129.114609,true,false
building_5_general_approach,37,31.6303558,2.31239653,128.886383,true,false
building_5_general_approach,38,31.52826,2.33276057,128.658173,true,false
building_5_general_approach,39,31.4261742,2.35312462,128.43,true,false
building_5_general_approach,40,31.3240776,2.37348866,128.201782,true,false
building_5_general_approach,41,31.2219925,2.39385271,127.973587,true,false
building_5_general_approach,42,31.1199074,2.41421676,127.745392,true,false
building_5_general_approach,43,31.01781,2.4345808,127.517181,true,false
building_5_general_approach,44,30.9157238,2.45494485,127.288971,true,false
building_5_general_approach,45,30.8136311,2.475309,127.06076,true,false
building_5_general_approach,46,30.7115459,2.49567318,126.832581,true,false
building_5_general_approach,47,30.6094551,2.516037,126.604355,true,false
building_5_general_approach,48,30.5073624,2.53640127,126.376144,true,false
building_5_general_approach,49,30.40527,2.55676532,126.147949,true,false
building_5_accessible_approach,0,-22.2705574,2.55676532,149.7131,true,false
building_5_accessible_approach,1,-22.1684723,2.53971219,149.941315,true,false
building_5_accessible_approach,2,-22.0663681,2.52265882,150.169525,true,false
building_5_accessible_approach,3,-21.964283,2.5056057,150.397736,true,false
building_5_accessible_approach,4,-21.8621826,2.48855257,150.625946,true,false
building_5_accessible_approach,5,-21.7600975,2.47149944,150.854156,true,false
building_5_accessible_approach,6,-21.6580048,2.45444632,151.082367,true,false
building_5_accessible_approach,7,-21.5559273,2.43739319,151.310577,true,false
building_5_accessible_approach,8,-21.4538269,2.42034,151.538788,true,false
building_5_accessible_approach,9,-21.35175,2.403287,151.766983,true,false
building_5_accessible_approach,10,-21.2496452,2.38623381,151.9952,true,false
building_5_accessible_approach,11,-21.14756,2.36918068,152.2234,true,false
building_5_accessible_approach,12,-21.0454674,2.35212755,152.4516,true,false
building_5_accessible_approach,13,-20.9433784,2.33507442,152.6798,true,false
building_5_accessible_approach,14,-20.8412857,2.3180213,152.90799,true,false
building_5_accessible_approach,15,-20.7392082,2.30096817,153.136215,true,false
building_5_accessible_approach,16,-20.6371155,2.283915,153.36441,true,false
building_5_accessible_approach,17,-20.5350227,2.266862,153.5926,true,false
building_5_accessible_approach,18,-20.43293,2.24980879,153.820816,true,false
building_5_accessible_approach,19,-20.3308411,2.23275566,154.049026,true,false
building_5_accessible_approach,20,-20.2287445,2.21570253,154.277222,true,false
building_5_accessible_approach,21,-20.12666,2.19864941,154.505447,true,false
building_5_accessible_approach,22,-20.0245628,2.18159628,154.733643,true,false
building_5_accessible_approach,23,-19.92247,2.16454315,154.961838,true,false
building_5_accessible_approach,24,-19.820385,2.14749,155.190048,true,false
building_5_accessible_approach,25,-16.8993759,2.05646563,153.883286,true,false
building_5_accessible_approach,26,-17.0014458,2.07731152,153.65509,true,false
building_5_accessible_approach,27,-17.1035461,2.09815717,153.42688,true,false
building_5_accessible_approach,28,-17.2056236,2.119003,153.198685,true,false
building_5_accessible_approach,29,-17.307724,2.139849,152.97049,true,false
building_5_accessible_approach,30,-17.40981,2.1606946,152.742264,true,false
building_5_accessible_approach,31,-17.5119133,2.18154049,152.514069,true,false
building_5_accessible_approach,32,-17.61399,2.20238638,152.285873,true,false
building_5_accessible_approach,33,-17.7160835,2.22323227,152.057648,true,false
building_5_accessible_approach,34,-17.8181686,2.244078,151.829453,true,false
building_5_accessible_approach,35,-17.9202576,2.26492381,151.601257,true,false
building_5_accessible_approach,36,-18.02235,2.2857697,151.373032,true,false
building_5_accessible_approach,37,-18.1244545,2.30661535,151.144836,true,false
building_5_accessible_approach,38,-18.226532,2.32746124,150.916626,true,false
building_5_accessible_approach,39,-18.3286247,2.34830713,150.688431,true,false
building_5_accessible_approach,40,-18.4307175,2.36915278,150.46022,true,false
building_5_accessible_approach,41,-18.5328064,2.38999867,150.23201,true,false
building_5_accessible_approach,42,-18.6349068,2.41084456,150.0038,true,false
building_5_accessible_approach,43,-18.7369843,2.43169022,149.7756,true,false
building_5_accessible_approach,44,-18.839077,2.452536,149.5474,true,false
building_5_accessible_approach,45,-18.94117,2.473382,149.319168,true,false
building_5_accessible_approach,46,-19.04327,2.494228,149.090973,true,false
building_5_accessible_approach,47,-19.1453362,2.51507354,148.862778,true,false
building_5_accessible_approach,48,-19.2474442,2.53591943,148.634552,true,false
building_5_accessible_approach,49,-19.34953,2.55676532,148.406342,true,false
dorm_1_general_approach,0,72.1149,-7.64403629,-465.460968,true,false
dorm_1_general_approach,1,72.33693,-7.65230846,-465.575867,true,false
dorm_1_general_approach,2,72.55893,-7.66058064,-465.690826,true,false
dorm_1_general_approach,3,72.7809143,-7.66885233,-465.8058,true,false
dorm_1_general_approach,4,73.0029449,-7.6771245,-465.920715,true,false
dorm_1_general_approach,5,73.2249756,-7.68539667,-466.0357,true,false
dorm_1_general_approach,6,73.4469147,-7.693669,-466.150665,true,false
dorm_1_general_approach,7,73.6689453,-7.701941,-466.2656,true,false
dorm_1_general_approach,8,73.8909454,-7.71021271,-466.380585,true,false
dorm_1_general_approach,9,74.1129456,-7.718485,-466.495544,true,false
dorm_1_general_approach,10,74.33496,-7.726757,-466.610474,true,false
dorm_1_general_approach,11,74.55696,-7.735029,-466.725433,true,false
dorm_1_general_approach,12,74.77898,-7.74330139,-466.840363,true,false
dorm_1_general_approach,13,75.00096,-7.751573,-466.955353,true,false
dorm_1_general_approach,14,75.22298,-7.75984526,-467.0703,true,false
dorm_1_general_approach,15,75.44498,-7.76811743,-467.185242,true,false
dorm_1_general_approach,16,75.66696,-7.7763896,-467.3002,true,false
dorm_1_general_approach,17,75.88896,-7.78466129,-467.415161,true,false
dorm_1_general_approach,18,76.11096,-7.79293346,-467.530121,true,false
dorm_1_general_approach,19,76.33298,-7.80120564,-467.645081,true,false
dorm_1_general_approach,20,76.55496,-7.809478,-467.76,true,false
dorm_1_general_approach,21,76.77699,-7.81775,-467.874969,true,false
dorm_1_general_approach,22,76.99899,-7.82602167,-467.989929,true,false
dorm_1_general_approach,23,77.22101,-7.834294,-468.104919,true,false
dorm_1_general_approach,24,77.44302,-7.842566,-468.219818,true,false
dorm_1_general_approach,25,75.92557,-7.876076,-471.150269,true,false
dorm_1_general_approach,26,75.70357,-7.866408,-471.035339,true,false
dorm_1_general_approach,27,75.48154,-7.85673952,-470.9204,true,false
dorm_1_general_approach,28,75.25955,-7.847071,-470.8054,true,false
dorm_1_general_approach,29,75.03758,-7.837403,-470.69046,true,false
dorm_1_general_approach,30,74.81555,-7.82773447,-470.5755,true,false
dorm_1_general_approach,31,74.5936,-7.818066,-470.4605,true,false
dorm_1_general_approach,32,74.37154,-7.808398,-470.345581,true,false
dorm_1_general_approach,33,74.14957,-7.79872942,-470.230652,true,false
dorm_1_general_approach,34,73.927536,-7.789061,-470.115753,true,false
dorm_1_general_approach,35,73.7055359,-7.77939272,-470.000732,true,false
dorm_1_general_approach,36,73.48357,-7.76972437,-469.885864,true,false
dorm_1_general_approach,37,73.26152,-7.7600565,-469.770874,true,false
dorm_1_general_approach,38,73.03952,-7.750388,-469.655884,true,false
dorm_1_general_approach,39,72.81755,-7.74072,-469.540924,true,false
dorm_1_general_approach,40,72.59558,-7.73105145,-469.425934,true,false
dorm_1_general_approach,41,72.3735352,-7.721383,-469.311,true,false
dorm_1_general_approach,42,72.15155,-7.71171474,-469.196045,true,false
dorm_1_general_approach,43,71.92955,-7.70204639,-469.081116,true,false
dorm_1_general_approach,44,71.7075348,-7.692378,-468.966156,true,false
dorm_1_general_approach,45,71.48555,-7.68270969,-468.851166,true,false
dorm_1_general_approach,46,71.26352,-7.67304134,-468.736237,true,false
dorm_1_general_approach,47,71.04152,-7.663373,-468.621277,true,false
dorm_1_general_approach,48,70.81955,-7.65370464,-468.506348,true,false
dorm_1_general_approach,49,70.5975,-7.64403629,-468.391357,true,false
dorm_1_accessible_approach,0,79.58786,-7.64403629,-451.029083,true,false
dorm_1_accessible_approach,1,79.80986,-7.654107,-451.144043,true,false
dorm_1_accessible_approach,2,80.03186,-7.664178,-451.259,true,false
dorm_1_accessible_approach,3,80.25386,-7.6742487,-451.373962,true,false
dorm_1_accessible_approach,4,80.47591,-7.6843195,-451.488953,true,false
dorm_1_accessible_approach,5,80.697876,-7.6943903,-451.603851,true,false
dorm_1_accessible_approach,6,80.91989,-7.704461,-451.7188,true,false
dorm_1_accessible_approach,7,81.14191,-7.714532,-451.8338,true,false
dorm_1_accessible_approach,8,81.36389,-7.7246027,-451.94873,true,false
dorm_1_accessible_approach,9,81.58591,-7.7346735,-452.0637,true,false
dorm_1_accessible_approach,10,81.80791,-7.7447443,-452.17865,true,false
dorm_1_accessible_approach,11,82.02992,-7.754815,-452.293579,true,false
dorm_1_accessible_approach,12,82.25194,-7.764886,-452.408569,true,false
dorm_1_accessible_approach,13,82.47389,-7.774956,-452.5235,true,false
dorm_1_accessible_approach,14,82.69589,-7.785027,-452.638458,true,false
dorm_1_accessible_approach,15,82.91791,-7.795098,-452.7534,true,false
dorm_1_accessible_approach,16,83.13991,-7.80516863,-452.868378,true,false
dorm_1_accessible_approach,17,83.36192,-7.81523943,-452.9833,true,false
dorm_1_accessible_approach,18,83.58392,-7.82531,-453.098267,true,false
dorm_1_accessible_approach,19,83.80589,-7.835381,-453.213257,true,false
dorm_1_accessible_approach,20,84.02792,-7.845452,-453.3282,true,false
dorm_1_accessible_approach,21,84.2499542,-7.85552263,-453.443146,true,false
dorm_1_accessible_approach,22,84.47191,-7.86559343,-453.5581,true,false
dorm_1_accessible_approach,23,84.69394,-7.875664,-453.673065,true,false
dorm_1_accessible_approach,24,84.91594,-7.885735,-453.788025,true,false
dorm_1_accessible_approach,25,83.39851,-7.873406,-456.718475,true,false
dorm_1_accessible_approach,26,83.17651,-7.86384869,-456.6035,true,false
dorm_1_accessible_approach,27,82.9545,-7.854292,-456.488556,true,false
dorm_1_accessible_approach,28,82.7325,-7.84473467,-456.3736,true,false
dorm_1_accessible_approach,29,82.51053,-7.83517742,-456.2587,true,false
dorm_1_accessible_approach,30,82.28848,-7.82562065,-456.143677,true,false
dorm_1_accessible_approach,31,82.06651,-7.8160634,-456.028748,true,false
dorm_1_accessible_approach,32,81.84453,-7.80650663,-455.913818,true,false
dorm_1_accessible_approach,33,81.6225,-7.79694939,-455.798828,true,false
dorm_1_accessible_approach,34,81.40054,-7.787392,-455.6839,true,false
dorm_1_accessible_approach,35,81.17848,-7.77783537,-455.5689,true,false
dorm_1_accessible_approach,36,80.9565,-7.768278,-455.453918,true,false
dorm_1_accessible_approach,37,80.73453,-7.75872135,-455.33902,true,false
dorm_1_accessible_approach,38,80.51248,-7.749164,-455.22403,true,false
dorm_1_accessible_approach,39,80.29048,-7.739607,-455.10907,true,false
dorm_1_accessible_approach,40,80.06845,-7.73005,-454.994171,true,false
dorm_1_accessible_approach,41,79.8464661,-7.720493,-454.87915,true,false
dorm_1_accessible_approach,42,79.6244659,-7.71093559,-454.764221,true,false
dorm_1_accessible_approach,43,79.4025,-7.701379,-454.649261,true,false
dorm_1_accessible_approach,44,79.18048,-7.69182158,-454.5343,true,false
dorm_1_accessible_approach,45,78.95848,-7.68226433,-454.419373,true,false
dorm_1_accessible_approach,46,78.73648,-7.67270756,-454.304382,true,false
dorm_1_accessible_approach,47,78.5144653,-7.66315031,-454.189423,true,false
dorm_1_accessible_approach,48,78.29248,-7.65359354,-454.0745,true,false
dorm_1_accessible_approach,49,78.0704651,-7.64403629,-453.9595,true,false
building_2_general_approach,0,191.208557,9.400941,55.4677353,true,false
building_2_general_approach,1,191.328491,9.388617,55.68711,true,false
building_2_general_approach,2,191.448364,9.376292,55.9064827,true,false
building_2_general_approach,3,191.568237,9.363968,56.1258736,true,false
building_2_general_approach,4,191.688141,9.35164452,56.3452377,true,false
building_2_general_approach,5,191.808029,9.33932,56.5646133,true,false
building_2_general_approach,6,191.927917,9.326996,56.784008,true,false
building_2_general_approach,7,192.047821,9.31467152,57.0033646,true,false
building_2_general_approach,8,192.167709,9.302347,57.2227478,true,false
building_2_general_approach,9,192.2876,9.290024,57.4421234,true,false
building_2_general_approach,10,192.407471,9.277699,57.6615067,true,false
building_2_general_approach,11,192.52742,9.265375,57.8808823,true,false
building_2_general_approach,12,192.6473,9.253051,58.1002426,true,false
building_2_general_approach,13,192.767181,9.240727,58.31965,true,false
building_2_general_approach,14,192.887054,9.228403,58.53901,true,false
building_2_general_approach,15,193.006958,9.216079,58.7583847,true,false
building_2_general_approach,16,193.126862,9.203754,58.9777756,true,false
building_2_general_approach,17,193.246765,9.19143,59.19712,true,false
building_2_general_approach,18,193.366653,9.179107,59.4165154,true,false
building_2_general_approach,19,193.486511,9.166782,59.6358833,true,false
building_2_general_approach,20,193.6064,9.154458,59.8552551,true,false
building_2_general_approach,21,193.726318,9.142134,60.07464,true,false
building_2_general_approach,22,193.846176,9.12981,60.2940063,true,false
building_2_general_approach,23,193.9661,9.117486,60.51338,true,false
building_2_general_approach,24,194.085983,9.105162,60.7327576,true,false
building_2_general_approach,25,196.894012,9.06164,59.1981544,true,false
building_2_general_approach,26,196.774109,9.075777,58.978775,true,false
building_2_general_approach,27,196.654236,9.089915,58.7593727,true,false
building_2_general_approach,28,196.534317,9.104053,58.5400124,true,false
building_2_general_approach,29,196.414429,9.11819,58.32064,true,false
building_2_general_approach,30,196.294571,9.132327,58.1012726,true,false
building_2_general_approach,31,196.174622,9.146465,57.881897,true,false
building_2_general_approach,32,196.054779,9.160603,57.6624947,true,false
building_2_general_approach,33,195.934845,9.17474,57.44314,true,false
building_2_general_approach,34,195.814972,9.188877,57.2237778,true,false
building_2_general_approach,35,195.695068,9.203015,57.0043869,true,false
building_2_general_approach,36,195.5752,9.217153,56.7850266,true,false
building_2_general_approach,37,195.455292,9.23129,56.56562,true,false
building_2_general_approach,38,195.335388,9.245428,56.34626,true,false
building_2_general_approach,39,195.215515,9.259565,56.1268921,true,false
building_2_general_approach,40,195.095627,9.273703,55.907505,true,false
building_2_general_approach,41,194.975708,9.28784,55.6881371,true,false
building_2_general_approach,42,194.855835,9.301978,55.4687424,true,false
building_2_general_approach,43,194.735931,9.316115,55.2493668,true,false
building_2_general_approach,44,194.616058,9.330253,55.0300064,true,false
building_2_general_approach,45,194.496155,9.344391,54.810627,true,false
building_2_general_approach,46,194.376251,9.358528,54.5912476,true,false
building_2_general_approach,47,194.256348,9.372665,54.3718529,true,false
building_2_general_approach,48,194.13649,9.386803,54.1524849,true,false
building_2_general_approach,49,194.016586,9.400941,53.93312,true,false
building_2_accessible_approach,0,170.698975,9.400941,66.6765442,true,false
building_2_accessible_approach,1,170.8189,9.388568,66.89594,true,false
building_2_accessible_approach,2,170.938751,9.376195,67.11532,true,false
building_2_accessible_approach,3,171.058655,9.363823,67.3346939,true,false
building_2_accessible_approach,4,171.178543,9.35145,67.5540543,true,false
building_2_accessible_approach,5,171.298431,9.339077,67.77343,true,false
building_2_accessible_approach,6,171.418335,9.326704,67.99281,true,false
building_2_accessible_approach,7,171.538208,9.314332,68.21217,true,false
building_2_accessible_approach,8,171.658112,9.301959,68.43156,true,false
building_2_accessible_approach,9,171.778015,9.289586,68.6509247,true,false
building_2_accessible_approach,10,171.897888,9.277214,68.87031,true,false
building_2_accessible_approach,11,172.0178,9.264841,69.08969,true,false
building_2_accessible_approach,12,172.137665,9.252468,69.30907,true,false
building_2_accessible_approach,13,172.257568,9.240096,69.52844,true,false
building_2_accessible_approach,14,172.377472,9.227723,69.7478256,true,false
building_2_accessible_approach,15,172.497375,9.21535,69.96721,true,false
building_2_accessible_approach,16,172.617249,9.202978,70.18657,true,false
building_2_accessible_approach,17,172.737167,9.190605,70.40595,true,false
building_2_accessible_approach,18,172.857025,9.178232,70.62533,true,false
building_2_accessible_approach,19,172.976929,9.165859,70.84471,true,false
building_2_accessible_approach,20,173.096832,9.153487,71.0640945,true,false
building_2_accessible_approach,21,173.216736,9.141141,71.28345,true,false
building_2_accessible_approach,22,173.336609,9.131016,71.50284,true,false
building_2_accessible_approach,23,173.4565,9.120349,71.7222,true,false
building_2_accessible_approach,24,173.576385,9.103996,71.94158,true,false
building_2_accessible_approach,25,176.3844,9.104778,70.4069443,true,false
building_2_accessible_approach,26,176.264526,9.12109852,70.18758,true,false
building_2_accessible_approach,27,176.144623,9.131733,69.9682159,true,false
building_2_accessible_approach,28,176.024734,9.141826,69.74884,true,false
building_2_accessible_approach,29,175.904831,9.154139,69.52946,true,false
building_2_accessible_approach,30,175.784943,9.166479,69.3101,true,false
building_2_accessible_approach,31,175.66507,9.178819,69.09072,true,false
building_2_accessible_approach,32,175.545166,9.191159,68.87134,true,false
building_2_accessible_approach,33,175.425262,9.203499,68.65195,true,false
building_2_accessible_approach,34,175.305374,9.215839,68.43257,true,false
building_2_accessible_approach,35,175.185486,9.228179,68.2131958,true,false
building_2_accessible_approach,36,175.065613,9.24052,67.99383,true,false
building_2_accessible_approach,37,174.9457,9.252859,67.77444,true,false
building_2_accessible_approach,38,174.8258,9.2652,67.55505,true,false
building_2_accessible_approach,39,174.7059,9.277539,67.33569,true,false
building_2_accessible_approach,40,174.586029,9.28988,67.11633,true,false
building_2_accessible_approach,41,174.466125,9.302219,66.89695,true,false
building_2_accessible_approach,42,174.346252,9.31456,66.67755,true,false
building_2_accessible_approach,43,174.226334,9.3269,66.4581757,true,false
building_2_accessible_approach,44,174.106445,9.33924,66.2388153,true,false
building_2_accessible_approach,45,173.986557,9.351581,66.01945,true,false
building_2_accessible_approach,46,173.866669,9.36392,65.8000641,true,false
building_2_accessible_approach,47,173.746765,9.376261,65.5806961,true,false
building_2_accessible_approach,48,173.626862,9.3886,65.36131,true,false
building_2_accessible_approach,49,173.506989,9.400941,65.14195,true,false
main_gate_general_approach,0,-35.7840424,-8.74141,-324.217926,true,false
main_gate_general_approach,1,-35.78405,-8.74255,-323.967957,true,false
main_gate_general_approach,2,-35.7840424,-8.743689,-323.717926,true,false
main_gate_general_approach,3,-35.78405,-8.744827,-323.467957,true,false
main_gate_general_approach,4,-35.7840424,-8.745967,-323.217957,true,false
main_gate_general_approach,5,-35.7840576,-8.747106,-322.967957,true,false
main_gate_general_approach,6,-35.78405,-8.748244,-322.717957,true,false
main_gate_general_approach,7,-35.7840576,-8.749384,-322.467926,true,false
main_gate_general_approach,8,-35.7840576,-8.750523,-322.217926,true,false
main_gate_general_approach,9,-35.78405,-8.751662,-321.967926,true,false
main_gate_general_approach,10,-35.7840424,-8.752801,-321.7179,true,false
main_gate_general_approach,11,-35.7840424,-8.75394,-321.467957,true,false
main_gate_general_approach,12,-35.78405,-8.755079,-321.218,true,false
main_gate_general_approach,13,-35.7840271,-8.756218,-320.967926,true,false
main_gate_general_approach,14,-35.7840576,-8.757357,-320.717957,true,false
main_gate_general_approach,15,-35.78405,-8.758496,-320.467957,true,false
main_gate_general_approach,16,-35.7840424,-8.759635,-320.217926,true,false
main_gate_general_approach,17,-35.78405,-8.760774,-319.967926,true,false
main_gate_general_approach,18,-35.7840347,-8.761913,-319.717957,true,false
main_gate_general_approach,19,-35.7840576,-8.763052,-319.467957,true,false
main_gate_general_approach,20,-35.7840652,-8.764192,-319.218,true,false
main_gate_general_approach,21,-35.7840576,-8.76533,-318.967926,true,false
main_gate_general_approach,22,-35.7840576,-8.766469,-318.717926,true,false
main_gate_general_approach,23,-35.7840424,-8.767609,-318.467957,true,false
main_gate_general_approach,24,-35.7840424,-8.768747,-318.217926,true,false
main_gate_general_approach,25,-32.18402,-8.830551,-318.217957,true,false
main_gate_general_approach,26,-32.1840363,-8.826837,-318.467957,true,false
main_gate_general_approach,27,-32.18403,-8.823123,-318.717957,true,false
main_gate_general_approach,28,-32.1840668,-8.819408,-318.968,true,false
main_gate_general_approach,29,-32.18406,-8.815695,-319.217926,true,false
main_gate_general_approach,30,-32.1840363,-8.81198,-319.467957,true,false
main_gate_general_approach,31,-32.18406,-8.808266,-319.717957,true,false
main_gate_general_approach,32,-32.18405,-8.804552,-319.967957,true,false
main_gate_general_approach,33,-32.1840439,-8.80083752,-320.217957,true,false
main_gate_general_approach,34,-32.1840363,-8.797123,-320.4679,true,false
main_gate_general_approach,35,-32.1840363,-8.793409,-320.7179,true,false
main_gate_general_approach,36,-32.1840439,-8.789695,-320.967957,true,false
main_gate_general_approach,37,-32.18405,-8.785981,-321.217957,true,false
main_gate_general_approach,38,-32.1840363,-8.782267,-321.467926,true,false
main_gate_general_approach,39,-32.18402,-8.778552,-321.717957,true,false
main_gate_general_approach,40,-32.1840363,-8.774838,-321.967957,true,false
main_gate_general_approach,41,-32.18406,-8.771124,-322.217957,true,false
main_gate_general_approach,42,-32.1840439,-8.76741,-322.467926,true,false
main_gate_general_approach,43,-32.18405,-8.763696,-322.7179,true,false
main_gate_general_approach,44,-32.1840439,-8.759981,-322.967957,true,false
main_gate_general_approach,45,-32.18406,-8.756268,-323.217957,true,false
main_gate_general_approach,46,-32.18405,-8.752553,-323.467957,true,false
main_gate_general_approach,47,-32.18403,-8.748839,-323.717957,true,false
main_gate_general_approach,48,-32.1840439,-8.745125,-323.967957,true,false
main_gate_general_approach,49,-32.1840363,-8.74141,-324.2179,true,false
main_gate_general_reverse_approach,0,-32.1840744,-8.74141,-329.217957,true,false
main_gate_general_reverse_approach,1,-32.18405,-8.749212,-329.467957,true,false
main_gate_general_reverse_approach,2,-32.18405,-8.757014,-329.7179,true,false
main_gate_general_reverse_approach,3,-32.18405,-8.764815,-329.967957,true,false
main_gate_general_reverse_approach,4,-32.1840439,-8.772617,-330.217957,true,false
main_gate_general_reverse_approach,5,-32.18405,-8.780419,-330.467926,true,false
main_gate_general_reverse_approach,6,-32.18403,-8.78822,-330.717957,true,false
main_gate_general_reverse_approach,7,-32.1840439,-8.796022,-330.967957,true,false
main_gate_general_reverse_approach,8,-32.1840363,-8.803824,-331.217957,true,false
main_gate_general_reverse_approach,9,-32.1840439,-8.81162548,-331.467957,true,false
main_gate_general_reverse_approach,10,-32.1840363,-8.81942749,-331.717926,true,false
main_gate_general_reverse_approach,11,-32.18405,-8.827229,-331.9679,true,false
main_gate_general_reverse_approach,12,-32.1840668,-8.835031,-332.218,true,false
main_gate_general_reverse_approach,13,-32.1840744,-8.842833,-332.468,true,false
main_gate_general_reverse_approach,14,-32.18406,-8.850634,-332.717926,true,false
main_gate_general_reverse_approach,15,-32.1840363,-8.858436,-332.967957,true,false
main_gate_general_reverse_approach,16,-32.18405,-8.866238,-333.2179,true,false
main_gate_general_reverse_approach,17,-32.18405,-8.874039,-333.467957,true,false
main_gate_general_reverse_approach,18,-32.1840439,-8.881841,-333.717957,true,false
main_gate_general_reverse_approach,19,-32.18405,-8.889643,-333.967926,true,false
main_gate_general_reverse_approach,20,-32.1840363,-8.897444,-334.217957,true,false
main_gate_general_reverse_approach,21,-32.18405,-8.905246,-334.467957,true,false
main_gate_general_reverse_approach,22,-32.18405,-8.913048,-334.717957,true,false
main_gate_general_reverse_approach,23,-32.18403,-8.920849,-334.967957,true,false
main_gate_general_reverse_approach,24,-32.1840668,-8.928651,-335.217926,true,false
main_gate_general_reverse_approach,25,-35.7840652,-8.912171,-335.217957,true,false
main_gate_general_reverse_approach,26,-35.7840652,-8.905056,-334.967926,true,false
main_gate_general_reverse_approach,27,-35.7840424,-8.897942,-334.717926,true,false
main_gate_general_reverse_approach,28,-35.78405,-8.890826,-334.467957,true,false
main_gate_general_reverse_approach,29,-35.7840424,-8.883711,-334.217957,true,false
main_gate_general_reverse_approach,30,-35.7840424,-8.876596,-333.967957,true,false
main_gate_general_reverse_approach,31,-35.78405,-8.869481,-333.717926,true,false
main_gate_general_reverse_approach,32,-35.7840424,-8.862366,-333.467926,true,false
main_gate_general_reverse_approach,33,-35.7840576,-8.855251,-333.217957,true,false
main_gate_general_reverse_approach,34,-35.78405,-8.848136,-332.9679,true,false
main_gate_general_reverse_approach,35,-35.7840576,-8.841021,-332.717926,true,false
main_gate_general_reverse_approach,36,-35.7840652,-8.833906,-332.467957,true,false
main_gate_general_reverse_approach,37,-35.7840424,-8.826791,-332.218,true,false
main_gate_general_reverse_approach,38,-35.7840576,-8.819675,-331.967957,true,false
main_gate_general_reverse_approach,39,-35.7840652,-8.812561,-331.717957,true,false
main_gate_general_reverse_approach,40,-35.7840271,-8.805446,-331.467957,true,false
main_gate_general_reverse_approach,41,-35.7840424,-8.798331,-331.217926,true,false
main_gate_general_reverse_approach,42,-35.78405,-8.791216,-330.967957,true,false
main_gate_general_reverse_approach,43,-35.7840424,-8.784101,-330.717957,true,false
main_gate_general_reverse_approach,44,-35.78405,-8.776986,-330.467957,true,false
main_gate_general_reverse_approach,45,-35.7840424,-8.769871,-330.217957,true,false
main_gate_general_reverse_approach,46,-35.7840424,-8.762755,-329.967926,true,false
main_gate_general_reverse_approach,47,-35.78405,-8.755641,-329.717957,true,false
main_gate_general_reverse_approach,48,-35.7840652,-8.748526,-329.467926,true,false
main_gate_general_reverse_approach,49,-35.7840576,-8.74141,-329.217926,true,false
main_gate_accessible_approach,0,-14.6206131,-8.74141,-324.547974,true,false
main_gate_accessible_approach,1,-14.6205978,-8.74480152,-324.297974,true,false
main_gate_accessible_approach,2,-14.6206131,-8.748193,-324.0479,true,false
main_gate_accessible_approach,3,-14.62059,-8.751584,-323.7979,true,false
main_gate_accessible_approach,4,-14.62059,-8.754975,-323.5479,true,false
main_gate_accessible_approach,5,-14.6206131,-8.758367,-323.297974,true,false
main_gate_accessible_approach,6,-14.6205826,-8.761758,-323.047943,true,false
main_gate_accessible_approach,7,-14.620575,-8.765149,-322.797882,true,false
main_gate_accessible_approach,8,-14.620575,-8.76854,-322.5479,true,false
main_gate_accessible_approach,9,-14.6205826,-8.771932,-322.2979,true,false
main_gate_accessible_approach,10,-14.6206131,-8.775324,-322.0479,true,false
main_gate_accessible_approach,11,-14.62059,-8.778715,-321.797943,true,false
main_gate_accessible_approach,12,-14.620575,-8.782106,-321.547943,true,false
main_gate_accessible_approach,13,-14.62059,-8.785498,-321.2979,true,false
main_gate_accessible_approach,14,-14.6206207,-8.788889,-321.047974,true,false
main_gate_accessible_approach,15,-14.6206131,-8.79228,-320.797943,true,false
main_gate_accessible_approach,16,-14.6206131,-8.795671,-320.5479,true,false
main_gate_accessible_approach,17,-14.6206055,-8.799063,-320.2979,true,false
main_gate_accessible_approach,18,-14.6205673,-8.802454,-320.047943,true,false
main_gate_accessible_approach,19,-14.6205826,-8.805845,-319.797943,true,false
main_gate_accessible_approach,20,-14.6205826,-8.809237,-319.547943,true,false
main_gate_accessible_approach,21,-14.620575,-8.812628,-319.297882,true,false
main_gate_accessible_approach,22,-14.620575,-8.816019,-319.0479,true,false
main_gate_accessible_approach,23,-14.62059,-8.81941,-318.797943,true,false
main_gate_accessible_approach,24,-14.6205978,-8.822802,-318.5479,true,false
main_gate_accessible_approach,25,-14.6205826,-8.826193,-318.2979,true,false
main_gate_accessible_approach,26,-14.620575,-8.829584,-318.047943,true,false
main_gate_accessible_approach,27,-14.62059,-8.832975,-317.7979,true,false
main_gate_accessible_approach,28,-14.6206131,-8.836367,-317.547974,true,false
main_gate_accessible_approach,29,-14.6205978,-8.839758,-317.297974,true,false
main_gate_accessible_approach,30,-14.6205978,-8.843149,-317.0479,true,false
main_gate_accessible_approach,31,-14.620575,-8.84654,-316.7979,true,false
main_gate_accessible_approach,32,-14.6205673,-8.849932,-316.547974,true,false
main_gate_accessible_approach,33,-11.0205841,-8.792349,-316.547974,true,false
main_gate_accessible_approach,34,-11.0205994,-8.790757,-316.797974,true,false
main_gate_accessible_approach,35,-11.0205765,-8.7891655,-317.047943,true,false
main_gate_accessible_approach,36,-11.0205994,-8.787574,-317.2979,true,false
main_gate_accessible_approach,37,-11.0206146,-8.785981,-317.5479,true,false
main_gate_accessible_approach,38,-11.0205994,-8.7843895,-317.797943,true,false
main_gate_accessible_approach,39,-11.0205841,-8.782798,-318.047943,true,false
main_gate_accessible_approach,40,-11.0205994,-8.781206,-318.2979,true,false
main_gate_accessible_approach,41,-11.0205917,-8.779614,-318.547974,true,false
main_gate_accessible_approach,42,-11.0205841,-8.778023,-318.7979,true,false
main_gate_accessible_approach,43,-11.020607,-8.776431,-319.0479,true,false
main_gate_accessible_approach,44,-11.0205917,-8.774838,-319.297943,true,false
main_gate_accessible_approach,45,-11.0205917,-8.773247,-319.5479,true,false
main_gate_accessible_approach,46,-11.0205841,-8.771655,-319.797974,true,false
main_gate_accessible_approach,47,-11.0205841,-8.770063,-320.047974,true,false
main_gate_accessible_approach,48,-11.0205917,-8.768472,-320.297943,true,false
main_gate_accessible_approach,49,-11.0205765,-8.76688,-320.547974,true,false
main_gate_accessible_approach,50,-11.0205917,-8.765287,-320.7979,true,false
main_gate_accessible_approach,51,-11.0206146,-8.763696,-321.0479,true,false
main_gate_accessible_approach,52,-11.0206146,-8.762104,-321.297974,true,false
main_gate_accessible_approach,53,-11.0205917,-8.760512,-321.547943,true,false
main_gate_accessible_approach,54,-11.0205917,-8.758921,-321.7979,true,false
main_gate_accessible_approach,55,-11.0205917,-8.757329,-322.047974,true,false
main_gate_accessible_approach,56,-11.0205994,-8.755737,-322.297974,true,false
main_gate_accessible_approach,57,-11.0205994,-8.754145,-322.547943,true,false
main_gate_accessible_approach,58,-11.0205765,-8.752553,-322.7979,true,false
main_gate_accessible_approach,59,-11.0205917,-8.750961,-323.0479,true,false
main_gate_accessible_approach,60,-11.0205917,-8.74937,-323.297974,true,false
main_gate_accessible_approach,61,-11.0205841,-8.747778,-323.547974,true,false
main_gate_accessible_approach,62,-11.0205994,-8.746186,-323.797943,true,false
main_gate_accessible_approach,63,-11.020607,-8.744595,-324.047943,true,false
main_gate_accessible_approach,64,-11.0205994,-8.743002,-324.2979,true,false
main_gate_accessible_approach,65,-11.0206146,-8.74141,-324.5479,true,false
main_gate_accessible_reverse_approach,0,-11.0205994,-8.74141,-329.547974,true,false
main_gate_accessible_reverse_approach,1,-11.0205841,-8.749408,-329.7979,true,false
main_gate_accessible_reverse_approach,2,-11.0205765,-8.757405,-330.0479,true,false
main_gate_accessible_reverse_approach,3,-11.0205994,-8.765403,-330.297943,true,false
main_gate_accessible_reverse_approach,4,-11.0205994,-8.7734,-330.547943,true,false
main_gate_accessible_reverse_approach,5,-11.020607,-8.781398,-330.7979,true,false
main_gate_accessible_reverse_approach,6,-11.020607,-8.789394,-331.047943,true,false
main_gate_accessible_reverse_approach,7,-11.0205917,-8.797392,-331.297974,true,false
main_gate_accessible_reverse_approach,8,-11.0206146,-8.805389,-331.5479,true,false
main_gate_accessible_reverse_approach,9,-11.0205994,-8.813387,-331.797943,true,false
main_gate_accessible_reverse_approach,10,-11.0205841,-8.821384,-332.0479,true,false
main_gate_accessible_reverse_approach,11,-11.020607,-8.829382,-332.2979,true,false
main_gate_accessible_reverse_approach,12,-11.020607,-8.837379,-332.547974,true,false
main_gate_accessible_reverse_approach,13,-11.0205841,-8.845377,-332.797943,true,false
main_gate_accessible_reverse_approach,14,-11.0205841,-8.853374,-333.0479,true,false
main_gate_accessible_reverse_approach,15,-11.0205841,-8.861371,-333.297974,true,false
main_gate_accessible_reverse_approach,16,-11.0206146,-8.869369,-333.5479,true,false
main_gate_accessible_reverse_approach,17,-11.0205994,-8.877366,-333.797943,true,false
main_gate_accessible_reverse_approach,18,-11.0205994,-8.885364,-334.047943,true,false
main_gate_accessible_reverse_approach,19,-11.0206146,-8.893361,-334.2979,true,false
main_gate_accessible_reverse_approach,20,-11.0206146,-8.901359,-334.547943,true,false
main_gate_accessible_reverse_approach,21,-11.0205994,-8.909355,-334.797974,true,false
main_gate_accessible_reverse_approach,22,-11.0205994,-8.917353,-335.047943,true,false
main_gate_accessible_reverse_approach,23,-11.0205841,-8.92535,-335.2979,true,false
main_gate_accessible_reverse_approach,24,-11.0205841,-8.933348,-335.5479,true,false
main_gate_accessible_reverse_approach,25,-11.0205994,-8.941345,-335.7979,true,false
main_gate_accessible_reverse_approach,26,-11.0205841,-8.949343,-336.047943,true,false
main_gate_accessible_reverse_approach,27,-11.0205688,-8.95734,-336.297974,true,false
main_gate_accessible_reverse_approach,28,-11.0205841,-8.965338,-336.5479,true,false
main_gate_accessible_reverse_approach,29,-11.0205994,-8.973334,-336.797974,true,false
main_gate_accessible_reverse_approach,30,-11.0206146,-8.981332,-337.0479,true,false
main_gate_accessible_reverse_approach,31,-11.0205994,-8.989329,-337.297943,true,false
main_gate_accessible_reverse_approach,32,-11.0205841,-8.997327,-337.5479,true,false
main_gate_accessible_reverse_approach,33,-11.0205994,-9.005324,-337.7979,true,false
main_gate_accessible_reverse_approach,34,-11.0206146,-9.013322,-338.047943,true,false
main_gate_accessible_reverse_approach,35,-11.0205841,-9.021319,-338.297943,true,false
main_gate_accessible_reverse_approach,36,-11.0205994,-9.029317,-338.547943,true,false
main_gate_accessible_reverse_approach,37,-11.0205841,-9.037313,-338.797974,true,false
main_gate_accessible_reverse_approach,38,-11.0205994,-9.045311,-339.0479,true,false
main_gate_accessible_reverse_approach,39,-11.0205994,-9.05330849,-339.2979,true,false
main_gate_accessible_reverse_approach,40,-11.0205841,-9.061306,-339.547943,true,false
main_gate_accessible_reverse_approach,41,-14.6205826,-9.076951,-339.547882,true,false
main_gate_accessible_reverse_approach,42,-14.62059,-9.06856251,-339.297943,true,false
main_gate_accessible_reverse_approach,43,-14.620575,-9.060174,-339.047943,true,false
main_gate_accessible_reverse_approach,44,-14.620575,-9.051785,-338.797882,true,false
main_gate_accessible_reverse_approach,45,-14.6205826,-9.043397,-338.5479,true,false
main_gate_accessible_reverse_approach,46,-14.62059,-9.035008,-338.2979,true,false
main_gate_accessible_reverse_approach,47,-14.6206207,-9.02662,-338.047974,true,false
main_gate_accessible_reverse_approach,48,-14.62059,-9.018231,-337.797943,true,false
main_gate_accessible_reverse_approach,49,-14.6206055,-9.009843,-337.5479,true,false
main_gate_accessible_reverse_approach,50,-14.6206131,-9.001454,-337.297943,true,false
main_gate_accessible_reverse_approach,51,-14.6206055,-8.993066,-337.047943,true,false
main_gate_accessible_reverse_approach,52,-14.6206207,-8.984677,-336.7979,true,false
main_gate_accessible_reverse_approach,53,-14.6206207,-8.976289,-336.5479,true,false
main_gate_accessible_reverse_approach,54,-14.6205673,-8.9679,-336.297943,true,false
main_gate_accessible_reverse_approach,55,-14.6205826,-8.959512,-336.0479,true,false
main_gate_accessible_reverse_approach,56,-14.62059,-8.951123,-335.797943,true,false
main_gate_accessible_reverse_approach,57,-14.620575,-8.942735,-335.547943,true,false
main_gate_accessible_reverse_approach,58,-14.620575,-8.934346,-335.297882,true,false
main_gate_accessible_reverse_approach,59,-14.6205826,-8.925958,-335.0479,true,false
main_gate_accessible_reverse_approach,60,-14.6206055,-8.917569,-334.797943,true,false
main_gate_accessible_reverse_approach,61,-14.6206207,-8.909181,-334.547974,true,false
main_gate_accessible_reverse_approach,62,-14.62059,-8.900792,-334.297943,true,false
main_gate_accessible_reverse_approach,63,-14.6205978,-8.892404,-334.0479,true,false
main_gate_accessible_reverse_approach,64,-14.6205978,-8.884015,-333.7979,true,false
main_gate_accessible_reverse_approach,65,-14.6206131,-8.875627,-333.547974,true,false
main_gate_accessible_reverse_approach,66,-14.6206207,-8.867238,-333.2979,true,false
main_gate_accessible_reverse_approach,67,-14.620575,-8.85885,-333.0479,true,false
main_gate_accessible_reverse_approach,68,-14.6205673,-8.850461,-332.797943,true,false
main_gate_accessible_reverse_approach,69,-14.6205826,-8.84207249,-332.5479,true,false
main_gate_accessible_reverse_approach,70,-14.62059,-8.833684,-332.297943,true,false
main_gate_accessible_reverse_approach,71,-14.620575,-8.825295,-332.047943,true,false
main_gate_accessible_reverse_approach,72,-14.620575,-8.816907,-331.797882,true,false
main_gate_accessible_reverse_approach,73,-14.6205978,-8.808518,-331.5479,true,false
main_gate_accessible_reverse_approach,74,-14.6206055,-8.80013,-331.297974,true,false
main_gate_accessible_reverse_approach,75,-14.6206131,-8.791741,-331.0479,true,false
main_gate_accessible_reverse_approach,76,-14.62059,-8.783353,-330.797943,true,false
main_gate_accessible_reverse_approach,77,-14.6206055,-8.774964,-330.5479,true,false
main_gate_accessible_reverse_approach,78,-14.6206131,-8.766576,-330.297943,true,false
main_gate_accessible_reverse_approach,79,-14.62059,-8.758187,-330.047943,true,false
main_gate_accessible_reverse_approach,80,-14.62059,-8.749799,-329.7979,true,false
main_gate_accessible_reverse_approach,81,-14.62056,-8.74141,-329.5479,true,false
dorm_2_general_approach,0,554.280945,9.214903,-305.461853,true,false
dorm_2_general_approach,1,554.450134,9.213282,-305.557,true,false
dorm_2_general_approach,2,554.619446,9.211659,-305.652252,true,false
dorm_2_general_approach,3,554.7886,9.210038,-305.747467,true,false
dorm_2_general_approach,4,554.957764,9.208416,-305.8426,true,false
dorm_2_general_approach,5,555.127,9.206795,-305.9378,true,false
dorm_2_general_approach,6,555.2962,9.20517349,-306.032959,true,false
dorm_2_general_approach,7,555.465332,9.203551,-306.1282,true,false
dorm_2_general_approach,8,555.634644,9.20193,-306.2234,true,false
dorm_2_general_approach,9,555.803833,9.200308,-306.3185,true,false
dorm_2_general_approach,10,555.972961,9.198687,-306.4138,true,false
dorm_2_general_approach,11,556.1422,9.197065,-306.508942,true,false
dorm_2_general_approach,12,556.3114,9.195443,-306.604126,true,false
dorm_2_general_approach,13,556.4807,9.193822,-306.6993,true,false
dorm_2_general_approach,14,556.649841,9.1922,-306.7945,true,false
dorm_2_general_approach,15,556.819031,9.190578,-306.8897,true,false
dorm_2_general_approach,16,556.9882,9.188957,-306.9849,true,false
dorm_2_general_approach,17,557.1574,9.187335,-307.080048,true,false
dorm_2_general_approach,18,557.32666,9.185714,-307.175262,true,false
dorm_2_general_approach,19,557.496,9.184092,-307.270477,true,false
dorm_2_general_approach,20,557.6651,9.18247,-307.365662,true,false
dorm_2_general_approach,21,557.8342,9.180848,-307.460815,true,false
dorm_2_general_approach,22,558.0035,9.179227,-307.556,true,false
dorm_2_general_approach,23,558.1728,9.177606,-307.651245,true,false
dorm_2_general_approach,24,558.3418,9.175983,-307.7464,true,false
dorm_2_general_approach,25,558.5111,9.174362,-307.841583,true,false
dorm_2_general_approach,26,558.6803,9.17274,-307.9368,true,false
dorm_2_general_approach,27,558.849548,9.171119,-308.031982,true,false
dorm_2_general_approach,28,559.018738,9.16949749,-308.127228,true,false
dorm_2_general_approach,29,559.1879,9.167875,-308.222321,true,false
dorm_2_general_approach,30,559.3571,9.166254,-308.317535,true,false
dorm_2_general_approach,31,559.5263,9.164632,-308.4128,true,false
dorm_2_general_approach,32,559.695557,9.163011,-308.507935,true,false
dorm_2_general_approach,33,559.8648,9.161389,-308.603119,true,false
dorm_2_general_approach,34,560.034058,9.159767,-308.6983,true,false
dorm_2_general_approach,35,560.2031,9.158146,-308.793518,true,false
dorm_2_general_approach,36,560.3723,9.156524,-308.888733,true,false
dorm_2_general_approach,37,560.5416,9.154902,-308.9839,true,false
dorm_2_general_approach,38,560.5424,9.154902,-312.770721,true,false
dorm_2_general_approach,39,560.329468,9.156524,-312.65094,true,false
dorm_2_general_approach,40,560.1166,9.158146,-312.531158,true,false
dorm_2_general_approach,41,559.903564,9.159767,-312.411316,true,false
dorm_2_general_approach,42,559.6906,9.161389,-312.2915,true,false
dorm_2_general_approach,43,559.477661,9.163011,-312.171722,true,false
dorm_2_general_approach,44,559.2647,9.164632,-312.051971,true,false
dorm_2_general_approach,45,559.051758,9.166254,-311.9321,true,false
dorm_2_general_approach,46,558.8388,9.167875,-311.812317,true,false
dorm_2_general_approach,47,558.6258,9.16949749,-311.6925,true,false
dorm_2_general_approach,48,558.4129,9.171119,-311.572754,true,false
dorm_2_general_approach,49,558.1999,9.17274,-311.452881,true,false
dorm_2_general_approach,50,557.986938,9.174362,-311.3331,true,false
dorm_2_general_approach,51,557.774048,9.175983,-311.213318,true,false
dorm_2_general_approach,52,557.561035,9.177606,-311.093536,true,false
dorm_2_general_approach,53,557.348,9.179227,-310.9737,true,false
dorm_2_general_approach,54,557.135132,9.180848,-310.853882,true,false
dorm_2_general_approach,55,556.9221,9.18247,-310.73407,true,false
dorm_2_general_approach,56,556.709167,9.184092,-310.614319,true,false
dorm_2_general_approach,57,556.4962,9.185714,-310.494446,true,false
dorm_2_general_approach,58,556.283264,9.187335,-310.374664,true,false
dorm_2_general_approach,59,556.0703,9.188957,-310.254883,true,false
dorm_2_general_approach,60,555.857361,9.190578,-310.135071,true,false
dorm_2_general_approach,61,555.644348,9.1922,-310.015228,true,false
dorm_2_general_approach,62,555.431458,9.193822,-309.895447,true,false
dorm_2_general_approach,63,555.218445,9.195443,-309.7756,true,false
dorm_2_general_approach,64,555.0055,9.197065,-309.6558,true,false
dorm_2_general_approach,65,554.792542,9.198687,-309.53595,true,false
dorm_2_general_approach,66,554.5796,9.200308,-309.4162,true,false
dorm_2_general_approach,67,554.3666,9.20193,-309.296417,true,false
dorm_2_general_approach,68,554.1537,9.203551,-309.176575,true,false
dorm_2_general_approach,69,553.9407,9.20517349,-309.056763,true,false
dorm_2_general_approach,70,553.7277,9.206795,-308.936981,true,false
dorm_2_general_approach,71,553.5148,9.208416,-308.817169,true,false
dorm_2_general_approach,72,553.3018,9.210038,-308.697357,true,false
dorm_2_general_approach,73,553.088867,9.211659,-308.5775,true,false
dorm_2_general_approach,74,552.8759,9.213282,-308.457764,true,false
dorm_2_general_approach,75,552.662964,9.214903,-308.338,true,false
dorm_2_accessible_approach,0,558.772034,9.214903,-297.478577,true,false
dorm_2_accessible_approach,1,558.882568,9.211153,-297.540771,true,false
dorm_2_accessible_approach,2,558.9929,9.207403,-297.602844,true,false
dorm_2_accessible_approach,3,559.103455,9.203652,-297.665,true,false
dorm_2_accessible_approach,4,559.2139,9.199903,-297.727173,true,false
dorm_2_accessible_approach,5,559.324341,9.196153,-297.789276,true,false
dorm_2_accessible_approach,6,559.4347,9.192403,-297.851349,true,false
dorm_2_accessible_approach,7,559.5451,9.188653,-297.913544,true,false
dorm_2_accessible_approach,8,559.65564,9.184902,-297.975647,true,false
dorm_2_accessible_approach,9,559.766052,9.181152,-298.0378,true,false
dorm_2_accessible_approach,10,559.8765,9.1774025,-298.0999,true,false
dorm_2_accessible_approach,11,559.986938,9.173653,-298.162048,true,false
dorm_2_accessible_approach,12,560.0974,9.169903,-298.224121,true,false
dorm_2_accessible_approach,13,560.2078,9.166153,-298.286316,true,false
dorm_2_accessible_approach,14,560.3182,9.162402,-298.34845,true,false
dorm_2_accessible_approach,15,560.42865,9.158652,-298.410522,true,false
dorm_2_accessible_approach,16,560.539063,9.154902,-298.4727,true,false
dorm_2_accessible_approach,17,560.540039,9.154902,-302.259552,true,false
dorm_2_accessible_approach,18,560.3284,9.158652,-302.1405,true,false
dorm_2_accessible_approach,19,560.11676,9.162402,-302.021484,true,false
dorm_2_accessible_approach,20,559.905151,9.166153,-301.9024,true,false
dorm_2_accessible_approach,21,559.6935,9.169903,-301.7833,true,false
dorm_2_accessible_approach,22,559.4819,9.173653,-301.664276,true,false
dorm_2_accessible_approach,23,559.270264,9.1774025,-301.545227,true,false
dorm_2_accessible_approach,24,559.058655,9.181152,-301.426178,true,false
dorm_2_accessible_approach,25,558.847046,9.184902,-301.307159,true,false
dorm_2_accessible_approach,26,558.6355,9.188653,-301.1881,true,false
dorm_2_accessible_approach,27,558.423767,9.192403,-301.0691,true,false
dorm_2_accessible_approach,28,558.2123,9.196153,-300.950043,true,false
dorm_2_accessible_approach,29,558.0007,9.199903,-300.830933,true,false
dorm_2_accessible_approach,30,557.78894,9.203652,-300.711853,true,false
dorm_2_accessible_approach,31,557.577332,9.207403,-300.5928,true,false
dorm_2_accessible_approach,32,557.3657,9.211153,-300.4738,true,false
dorm_2_accessible_approach,33,557.1541,9.214903,-300.354767,true,false
