portal_local_x,portal_local_z,world_x,world_z,terrain_y
-2,3,351.0271,25.28276,0.1234207
-1.5,3,351.4805,25.07191,0.1234207
-1,3,351.9339,24.86106,0.1234207
-0.5,3,352.3873,24.65025,0.1234207
0,3,352.8406,24.43941,0.1234207
0.5,3,353.294,24.22858,0.1234207
1,3,353.7474,24.01775,0.1234207
1.5,3,354.2007,23.80692,0.1234207
2,3,354.6541,23.59609,0.1234207
2.5,3,355.1075,23.38526,0.1234207
3,3,355.5609,23.17443,0.1234207
3.5,3,356.0143,22.96358,0.1234207
4,3,356.4676,22.75275,0.1234207
4.5,3,356.921,22.54193,0.1234207
5,3,357.3744,22.33108,0.1234207
5.5,3,357.8278,22.12027,0.1234207
6,3,358.2811,21.90943,0.1234207
6.5,3,358.7345,21.6986,0.1234207
7,3,359.1879,21.48776,0.1234207
7.5,3,359.6413,21.27691,0.1234207
8,3,360.0947,21.06609,0.1469822
8.5,3,360.548,20.85526,0.2597198
9,3,361.0014,20.64443,0.2837067
9.5,3,361.4548,20.4336,0.2312698
10,3,361.9081,20.22276,0.178833
10.5,3,362.3615,20.01193,0.129755
11,3,362.8149,19.80109,0.1234207
11.5,3,363.2683,19.59027,0.1234207
12,3,363.7216,19.37942,0.1234207
12.5,3,364.175,19.16861,0.169632
13,3,364.6284,18.95777,0.2893181
13.5,3,365.0818,18.74693,0.32061
14,3,365.5352,18.53611,0.2649555
14.5,3,365.9885,18.32528,0.2092857
15,3,366.4419,18.11445,0.1747627
15.5,3,366.8953,17.9036,0.1234207
16,3,367.3486,17.69277,0.1234207
16.5,3,367.802,17.48194,0.1234207
17,3,368.2554,17.2711,0.1234207
17.5,3,368.7088,17.06029,0.1234207
18,3,369.1622,16.84944,0.1234207
18.5,3,369.6155,16.63862,0.1234207
19,3,370.0689,16.42779,0.1324558
19.5,3,370.5223,16.21693,0.1518879
20,3,370.9756,16.00611,0.1242218
20.5,3,371.429,15.79528,0.1234207
21,3,371.8824,15.58445,0.1234207
21.5,3,372.3358,15.37362,0.1234207
22,3,372.7892,15.16277,0.1234207
22.5,3,373.2426,14.95195,0.1234207
23,3,373.6959,14.74112,0.1234207
23.5,3,374.1493,14.53031,0.1234207
24,3,374.6027,14.31944,0.1234207
24.5,3,375.0561,14.10861,0.1234207
25,3,375.5094,13.89778,0.1234207
25.5,3,375.9628,13.68695,0.1234207
26,3,376.4162,13.47613,0.1234207
26.5,3,376.8696,13.26529,0.1234207
27,3,377.3229,13.05447,0.1234207
27.5,3,377.7763,12.84364,0.1234207
28,3,378.2297,12.63278,0.1237717
28.5,3,378.683,12.42196,0.1240654
29,3,379.1364,12.21113,0.1237431
29.5,3,379.5898,12.0003,0.1234207
30,3,380.0432,11.78946,0.1234875
-2,3.5,351.238,25.73611,0.1234207
-1.5,3.5,351.6913,25.52528,0.1234207
-1,3.5,352.1447,25.31445,0.1234207
-0.5,3.5,352.5981,25.10362,0.1234207
0,3.5,353.0515,24.89279,0.1234207
0.5,3.5,353.5049,24.68197,0.1234207
1,3.5,353.9582,24.47112,0.1234207
1.5,3.5,354.4116,24.26029,0.1234207
2,3.5,354.865,24.04946,0.1234207
2.5,3.5,355.3184,23.83861,0.1234207
3,3.5,355.7717,23.6278,0.1234207
3.5,3.5,356.2251,23.41696,0.1234207
4,3.5,356.6785,23.20613,0.1234207
4.5,3.5,357.1318,22.9953,0.1234207
5,3.5,357.5852,22.78447,0.1234207
5.5,3.5,358.0386,22.57362,0.1322498
6,3.5,358.492,22.36279,0.2064629
6.5,3.5,358.9453,22.15197,0.1582069
7,3.5,359.3987,21.94113,0.1234207
7.5,3.5,359.8521,21.73031,0.1234207
8,3.5,360.3055,21.51948,0.1993885
8.5,3.5,360.7589,21.30863,0.3121567
9,3.5,361.2122,21.09781,0.3964901
9.5,3.5,361.6656,20.88698,0.344038
10,3.5,362.119,20.67614,0.3249855
10.5,3.5,362.5724,20.46531,0.3698196
11,3.5,363.0257,20.25447,0.2581577
11.5,3.5,363.4791,20.04364,0.1465282
12,3.5,363.9325,19.83281,0.1234207
12.5,3.5,364.3859,19.62199,0.2252865
13,3.5,364.8392,19.41114,0.3449726
13.5,3.5,365.2926,19.20033,0.4402962
14,3.5,365.746,18.98947,0.3846264
14.5,3.5,366.1994,18.77864,0.365778
15,3.5,366.6527,18.56782,0.3781605
15.5,3.5,367.1061,18.35697,0.2835808
16,3.5,367.5595,18.14615,0.1890011
16.5,3.5,368.0129,17.93532,0.1234207
17,3.5,368.4663,17.72448,0.1234207
17.5,3.5,368.9196,17.51366,0.1234207
18,3.5,369.373,17.30283,0.1234207
18.5,3.5,369.8264,17.09198,0.1234207
19,3.5,370.2798,16.88115,0.1601372
19.5,3.5,370.7331,16.67033,0.2113934
20,3.5,371.1865,16.45949,0.1837196
20.5,3.5,371.6399,16.24865,0.1560535
21,3.5,372.0932,16.03784,0.1290798
21.5,3.5,372.5467,15.82699,0.1234207
22,3.5,373,15.61617,0.1234207
22.5,3.5,373.4534,15.40533,0.1234207
23,3.5,373.9067,15.19448,0.1234207
23.5,3.5,374.3601,14.98366,0.1234207
24,3.5,374.8135,14.77283,0.1234207
24.5,3.5,375.2669,14.562,0.1234207
25,3.5,375.7203,14.35117,0.1234207
25.5,3.5,376.1736,14.14034,0.1236343
26,3.5,376.627,13.9295,0.1234207
26.5,3.5,377.0804,13.71866,0.1234207
27,3.5,377.5338,13.50784,0.1234207
27.5,3.5,377.9871,13.29699,0.1234207
28,3.5,378.4405,13.08618,0.1240921
28.5,3.5,378.8939,12.87533,0.1247559
29,3.5,379.3473,12.6645,0.1244354
29.5,3.5,379.8007,12.45368,0.1241131
30,3.5,380.254,12.24285,0.1238079
-2,4,351.4488,26.1895,0.1234207
-1.5,4,351.9022,25.97867,0.1234207
-1,4,352.3556,25.76784,0.1234207
-0.5,4,352.8089,25.557,0.1234207
0,4,353.2623,25.34616,0.1234207
0.5,4,353.7157,25.13533,0.1234207
1,4,354.169,24.92449,0.1234207
1.5,4,354.6224,24.71366,0.1234207
2,4,355.0758,24.50283,0.1234207
2.5,4,355.5292,24.29201,0.1234207
3,4,355.9826,24.08117,0.1234207
3.5,4,356.4359,23.87033,0.1234207
4,4,356.8893,23.65952,0.1234207
4.5,4,357.3427,23.44866,0.1234207
5,4,357.7961,23.23784,0.1234207
5.5,4,358.2494,23.02701,0.1805058
6,4,358.7028,22.81618,0.2843075
6.5,4,359.1562,22.60534,0.261982
7,4,359.6096,22.39451,0.213728
7.5,4,360.0629,22.18368,0.1939106
8,4,360.5163,21.97285,0.2518559
8.5,4,360.9697,21.76202,0.364624
9,4,361.4231,21.55117,0.4773922
9.5,4,361.8764,21.34034,0.4568062
10,4,362.3298,21.12952,0.4969807
10.5,4,362.7832,20.91867,0.5718403
11,4,363.2366,20.70786,0.4982548
11.5,4,363.6899,20.49703,0.3865929
12,4,364.1433,20.28619,0.3276672
12.5,4,364.5967,20.07536,0.3286762
13,4,365.0501,19.86452,0.4006271
13.5,4,365.5034,19.65368,0.5203133
14,4,365.9568,19.44285,0.5043297
14.5,4,366.4102,19.23204,0.5244083
15,4,366.8636,19.02119,0.5524483
15.5,4,367.3169,18.81036,0.4869785
16,4,367.7703,18.59954,0.3923988
16.5,4,368.2237,18.38869,0.3175964
17,4,368.6771,18.17786,0.2189541
17.5,4,369.1305,17.96702,0.1234207
18,4,369.5838,17.75618,0.1234207
18.5,4,370.0372,17.54537,0.1283073
19,4,370.4906,17.33452,0.1878033
19.5,4,370.944,17.1237,0.2473011
20,4,371.3973,16.91287,0.2432156
20.5,4,371.8507,16.70204,0.2155495
21,4,372.3041,16.49121,0.1934509
21.5,4,372.7574,16.28036,0.1653423
22,4,373.2108,16.06953,0.1338177
22.5,4,373.6642,15.8587,0.1234207
23,4,374.1176,15.64788,0.1234207
23.5,4,374.571,15.43703,0.1234207
24,4,375.0244,15.2262,0.1234207
24.5,4,375.4777,15.01538,0.1234207
25,4,375.9311,14.80454,0.1234207
25.5,4,376.3845,14.59371,0.1240082
26,4,376.8378,14.38288,0.1240044
26.5,4,377.2912,14.17204,0.1236839
27,4,377.7446,13.96121,0.1234207
27.5,4,378.198,13.75038,0.1237221
28,4,378.6514,13.53955,0.1244144
28.5,4,379.1047,13.32872,0.1251068
29,4,379.5581,13.1179,0.1251259
29.5,4,380.0115,12.90704,0.1248055
30,4,380.4648,12.69621,0.1244831
-2,4.5,351.6596,26.64287,0.1234207
-1.5,4.5,352.113,26.43204,0.1234207
-1,4.5,352.5663,26.22121,0.1234207
-0.5,4.5,353.0198,26.01036,0.1234207
0,4.5,353.4731,25.79955,0.1234207
0.5,4.5,353.9265,25.58871,0.1234207
1,4.5,354.3799,25.37788,0.1234207
1.5,4.5,354.8333,25.16705,0.1234207
2,4.5,355.2866,24.95622,0.1234207
2.5,4.5,355.74,24.74538,0.1234207
3,4.5,356.1934,24.53454,0.1234207
3.5,4.5,356.6467,24.32372,0.1234207
4,4.5,357.1002,24.11287,0.1234207
4.5,4.5,357.5535,23.90204,0.1234207
5,4.5,358.0069,23.69123,0.1249847
5.5,4.5,358.4603,23.48038,0.2287598
6,4.5,358.9136,23.26956,0.3325348
6.5,4.5,359.367,23.05873,0.365757
7,4.5,359.8204,22.8479,0.3175011
7.5,4.5,360.2738,22.63705,0.3929081
8,4.5,360.7271,22.42621,0.4883499
8.5,4.5,361.1805,22.21539,0.5100784
9,4.5,361.6339,22.00456,0.531805
9.5,4.5,362.0873,21.79373,0.59408
10,4.5,362.5406,21.58289,0.6689396
10.5,4.5,362.994,21.37206,0.7437992
11,4.5,363.4474,21.16123,0.7383194
11.5,4.5,363.9008,20.95038,0.6266575
12,4.5,364.3541,20.73957,0.6452618
12.5,4.5,364.8075,20.52872,0.6714382
13,4.5,365.2609,20.31789,0.6575813
13.5,4.5,365.7143,20.10707,0.643795
14,4.5,366.1677,19.89622,0.6549854
14.5,4.5,366.621,19.68541,0.6830425
15,4.5,367.0744,19.47458,0.7110825
15.5,4.5,367.5278,19.26373,0.6903763
16,4.5,367.9812,19.0529,0.5957966
16.5,4.5,368.4345,18.84207,0.5396519
17,4.5,368.8879,18.63123,0.4624786
17.5,4.5,369.3413,18.4204,0.3492413
18,4.5,369.7946,18.20959,0.236002
18.5,4.5,370.248,17.99874,0.1559734
19,4.5,370.7014,17.78791,0.2154694
19.5,4.5,371.1548,17.57709,0.2749672
20,4.5,371.6082,17.36623,0.3027134
20.5,4.5,372.0615,17.15541,0.2761745
21,4.5,372.5149,16.94456,0.2568092
21.5,4.5,372.9683,16.73375,0.2331505
22,4.5,373.4217,16.52291,0.2016163
22.5,4.5,373.875,16.31208,0.1700897
23,4.5,374.3284,16.10125,0.1316109
23.5,4.5,374.7818,15.89042,0.1234207
24,4.5,375.2352,15.67959,0.1234207
24.5,4.5,375.6885,15.46874,0.1234207
25,4.5,376.1419,15.25791,0.1236362
25.5,4.5,376.5953,15.04708,0.1243286
26,4.5,377.0487,14.83625,0.1246967
26.5,4.5,377.502,14.62543,0.1243744
27,4.5,377.9554,14.41458,0.124054
27.5,4.5,378.4088,14.20377,0.1240444
28,4.5,378.8622,13.99293,0.1247368
28.5,4.5,379.3156,13.78207,0.1254272
29,4.5,379.7689,13.57126,0.1258183
29.5,4.5,380.2223,13.36042,0.1254959
30,4.5,380.6757,13.14959,0.1251755
-2,5,351.8705,27.09624,0.1234207
-1.5,5,352.3239,26.88541,0.1234207
-1,5,352.7772,26.67458,0.1234207
-0.5,5,353.2306,26.46375,0.1234207
0,5,353.684,26.25291,0.1234207
0.5,5,354.1373,26.04208,0.1234207
1,5,354.5907,25.83127,0.1234207
1.5,5,355.0441,25.62042,0.1234207
2,5,355.4975,25.40959,0.1234207
2.5,5,355.9508,25.19876,0.1234207
3,5,356.4042,24.98791,0.1234207
3.5,5,356.8576,24.77709,0.1234207
4,5,357.3109,24.56626,0.1234207
4.5,5,357.7643,24.35543,0.1234207
5,5,358.2177,24.1446,0.203495
5.5,5,358.6711,23.93377,0.2770424
6,5,359.1245,23.72292,0.3808174
6.5,5,359.5778,23.51209,0.469532
7,5,360.0312,23.30127,0.4353905
7.5,5,360.4846,23.09042,0.5919189
8,5,360.938,22.87961,0.7365742
8.5,5,361.3913,22.66878,0.7583027
9,5,361.8447,22.45793,0.7800293
9.5,5,362.2981,22.24711,0.8648605
10,5,362.7515,22.03628,0.8553944
10.5,5,363.2049,21.82543,0.91576
11,5,363.6582,21.6146,0.978384
11.5,5,364.1116,21.40377,0.907753
12,5,364.565,21.19294,0.9628544
12.5,5,365.0184,20.98211,1.0142
13,5,365.4717,20.77127,1.000381
13.5,5,365.9251,20.56044,0.9865246
14,5,366.3785,20.34961,0.9725552
14.5,5,366.8318,20.13876,0.904747
15,5,367.2852,19.92793,0.8696957
15.5,5,367.7386,19.71712,0.893774
16,5,368.192,19.50627,0.8161888
16.5,5,368.6454,19.29545,0.7617378
17,5,369.0987,19.08462,0.7060013
17.5,5,369.5521,18.87377,0.5927639
18,5,370.0055,18.66296,0.4797611
18.5,5,370.4589,18.45211,0.3864632
19,5,370.9122,18.24128,0.3513794
19.5,5,371.3656,18.03045,0.3162975
20,5,371.819,17.81961,0.3621292
20.5,5,372.2724,17.60878,0.3395309
21,5,372.7258,17.39795,0.3201675
21.5,5,373.1791,17.18713,0.3008041
22,5,373.6325,16.97629,0.2694149
22.5,5,374.0859,16.76547,0.231987
23,5,374.5392,16.55462,0.1693287
23.5,5,374.9926,16.34378,0.1512222
24,5,375.446,16.13296,0.1341724
24.5,5,375.8994,15.92213,0.1234207
25,5,376.3528,15.7113,0.1239586
25.5,5,376.8062,15.50046,0.124651
26,5,377.2595,15.28963,0.1253433
26.5,5,377.7129,15.0788,0.1250668
27,5,378.1663,14.86795,0.1247444
27.5,5,378.6196,14.65712,0.124424
28,5,379.073,14.44629,0.1250572
28.5,5,379.5264,14.23547,0.1257496
29,5,379.9797,14.02464,0.126442
29.5,5,380.4331,13.8138,0.1261883
30,5,380.8865,13.60298,0.1258659
-2,5.5,352.0813,27.54961,0.1234207
-1.5,5.5,352.5347,27.3388,0.1234207
-1,5.5,352.988,27.12797,0.1234207
-0.5,5.5,353.4414,26.91713,0.1234207
0,5.5,353.8948,26.7063,0.1234207
0.5,5.5,354.3481,26.49545,0.1234207
1,5.5,354.8015,26.28462,0.1234207
1.5,5.5,355.2549,26.07379,0.1234207
2,5.5,355.7083,25.86296,0.1234207
2.5,5.5,356.1617,25.65213,0.1234207
3,5.5,356.6151,25.44131,0.1234207
3.5,5.5,357.0684,25.23046,0.1234207
4,5.5,357.5218,25.01963,0.1234207
4.5,5.5,357.9752,24.8088,0.1234207
5,5.5,358.4286,24.59795,0.3111229
5.5,5.5,358.882,24.38714,0.4062347
6,5.5,359.3353,24.17631,0.4659348
6.5,5.5,359.7887,23.96546,0.5328465
7,5.5,360.2421,23.75464,0.634388
7.5,5.5,360.6954,23.54381,0.7909145
8,5.5,361.1488,23.33298,0.9474411
8.5,5.5,361.6022,23.12215,1.006527
9,5.5,362.0555,22.9113,1.042068
9.5,5.5,362.5089,22.70047,1.176538
10,5.5,362.9623,22.48964,1.208614
10.5,5.5,363.4156,22.27882,1.19919
11,5.5,363.8691,22.06797,1.189798
11.5,5.5,364.3224,21.85715,1.22538
12,5.5,364.7758,21.64632,1.280493
12.5,5.5,365.2292,21.43548,1.335594
13,5.5,365.6826,21.22465,1.343178
13.5,5.5,366.1359,21.01381,1.330151
14,5.5,366.5893,20.80298,1.319099
14.5,5.5,367.0427,20.59215,1.269547
15,5.5,367.496,20.38132,1.201738
15.5,5.5,367.9495,20.17049,1.133884
16,5.5,368.4028,19.95965,1.038244
16.5,5.5,368.8562,19.74884,0.9837933
17,5.5,369.3096,19.53799,0.9293098
17.5,5.5,369.7629,19.32716,0.8362885
18,5.5,370.2163,19.11633,0.7322922
18.5,5.5,370.6697,18.90548,0.6383934
19,5.5,371.1231,18.69466,0.5824432
19.5,5.5,371.5764,18.48382,0.5473614
20,5.5,372.0298,18.273,0.5050964
20.5,5.5,372.4832,18.06217,0.4146652
21,5.5,372.9366,17.85134,0.3835239
21.5,5.5,373.39,17.64049,0.3641605
22,5.5,373.8433,17.42966,0.3372231
22.5,5.5,374.2967,17.21883,0.2853088
23,5.5,374.7501,17.008,0.2226582
23.5,5.5,375.2035,16.79718,0.1878929
24,5.5,375.6568,16.58633,0.1708393
24.5,5.5,376.1102,16.3755,0.1452103
25,5.5,376.5636,16.16468,0.1245327
25.5,5.5,377.017,15.95383,0.1249733
26,5.5,377.4703,15.743,0.1256638
26.5,5.5,377.9237,15.53217,0.1257591
27,5.5,378.3771,15.32133,0.1254368
27.5,5.5,378.8305,15.11051,0.1251144
28,5.5,379.2838,14.89968,0.1253796
28.5,5.5,379.7372,14.68884,0.1260719
29,5.5,380.1906,14.47801,0.1267624
29.5,5.5,380.644,14.2672,0.1268806
30,5.5,381.0974,14.05634,0.1265583
-2,6,352.2921,28.00302,0.1234207
-1.5,6,352.7455,27.79217,0.1234207
-1,6,353.1989,27.58132,0.1234207
-0.5,6,353.6522,27.37051,0.1234207
0,6,354.1057,27.15966,0.1234207
0.5,6,354.559,26.94884,0.1234207
1,6,355.0124,26.73801,0.1234207
1.5,6,355.4658,26.52716,0.1234207
2,6,355.9191,26.31635,0.1234207
2.5,6,356.3725,26.10551,0.1234207
3,6,356.8259,25.89467,0.1234207
3.5,6,357.2793,25.68384,0.1234207
4,6,357.7326,25.47302,0.1234207
4.5,6,358.186,25.26217,0.204895
5,6,358.6394,25.05134,0.40345
5.5,6,359.0928,24.84051,0.5492687
6,6,359.5461,24.62968,0.6089706
6.5,6,359.9995,24.41886,0.6686707
7,6,360.4529,24.20801,0.8721104
7.5,6,360.9063,23.99717,0.989912
8,6,361.3596,23.78635,1.146439
8.5,6,361.813,23.5755,1.254751
9,6,362.2664,23.36469,1.34273
9.5,6,362.7198,23.15385,1.477226
10,6,363.1732,22.94302,1.561834
10.5,6,363.6265,22.73219,1.552408
11,6,364.0799,22.52136,1.557604
11.5,6,364.5333,22.31053,1.609837
12,6,364.9866,22.09968,1.619488
12.5,6,365.44,21.88886,1.653143
13,6,365.8934,21.67802,1.68594
13.5,6,366.3468,21.46718,1.674198
14,6,366.8001,21.25637,1.663149
14.5,6,367.2535,21.04552,1.634323
15,6,367.7069,20.8347,1.566513
15.5,6,368.1603,20.62387,1.485743
16,6,368.6136,20.41303,1.378162
16.5,6,369.067,20.20219,1.26355
17,6,369.5204,19.99136,1.151367
17.5,6,369.9738,19.78053,1.079811
18,6,370.4272,19.5697,0.9848232
18.5,6,370.8805,19.35888,0.8909569
19,6,371.3339,19.14804,0.8135223
19.5,6,371.7873,18.9372,0.7784405
20,6,372.2407,18.72637,0.6853199
20.5,6,372.694,18.51553,0.5637932
21,6,373.1474,18.30471,0.5045376
21.5,6,373.6008,18.09388,0.445282
22,6,374.0542,17.88303,0.4013004
22.5,6,374.5075,17.67221,0.3386421
23,6,374.9609,17.46136,0.2759743
23.5,6,375.4143,17.25055,0.2245598
24,6,375.8677,17.03972,0.20751
24.5,6,376.321,16.82889,0.165472
25,6,376.7744,16.61804,0.1255455
25.5,6,377.2278,16.40721,0.1259155
26,6,377.6812,16.19637,0.1262856
26.5,6,378.1346,15.98554,0.1264496
27,6,378.5879,15.77473,0.1261292
27.5,6,379.0413,15.56388,0.1258068
28,6,379.4947,15.35305,0.1257019
28.5,6,379.948,15.14222,0.1263924
29,6,380.4014,14.93137,0.1270847
29.5,6,380.8548,14.72055,0.1275711
30,6,381.3082,14.50972,0.1272507
-2,6.5,352.503,28.45637,0.1234207
-1.5,6.5,352.9563,28.24554,0.1234207
-1,6.5,353.4097,28.03471,0.1234207
-0.5,6.5,353.8631,27.82388,0.1234207
0,6.5,354.3164,27.61304,0.1234207
0.5,6.5,354.7698,27.40221,0.1234207
1,6.5,355.2232,27.19138,0.1234207
1.5,6.5,355.6766,26.98056,0.1234207
2,6.5,356.13,26.7697,0.1234207
2.5,6.5,356.5833,26.55887,0.1234207
3,6.5,357.0367,26.34805,0.1234207
3.5,6.5,357.4901,26.13721,0.1234207
4,6.5,357.9435,25.92639,0.1234207
4.5,6.5,358.3969,25.71556,0.2972221
5,6.5,358.8502,25.50473,0.4957771
5.5,6.5,359.3036,25.29389,0.6923027
6,6.5,359.757,25.08305,0.7520046
6.5,6.5,360.2104,24.87222,0.9018822
7,6.5,360.6637,24.66138,1.155512
7.5,6.5,361.1171,24.45057,1.272789
8,6.5,361.5705,24.23972,1.390123
8.5,6.5,362.0238,24.02889,1.512514
9,6.5,362.4772,23.81807,1.643452
9.5,6.5,362.9306,23.60723,1.777948
10,6.5,363.384,23.39641,1.912443
10.5,6.5,363.8373,23.18556,1.905663
11,6.5,364.2907,22.97473,1.949484
11.5,6.5,364.7441,22.7639,2.023077
12,6.5,365.1975,22.55305,2.034676
12.5,6.5,365.6509,22.34224,2.044416
13,6.5,366.1042,22.1314,2.047955
13.5,6.5,366.5576,21.92057,2.018288
14,6.5,367.011,21.70974,2.007198
14.5,6.5,367.4644,21.49889,1.996147
15,6.5,367.9177,21.28806,1.93129
15.5,6.5,368.3711,21.07723,1.833426
16,6.5,368.8245,20.86641,1.728949
16.5,6.5,369.2779,20.65557,1.614979
17,6.5,369.7313,20.44475,1.500366
17.5,6.5,370.1846,20.23392,1.356701
18,6.5,370.638,20.02307,1.239326
18.5,6.5,371.0913,19.81224,1.143488
19,6.5,371.5447,19.60141,1.049589
19.5,6.5,371.9981,19.39058,1.009504
20,6.5,372.4515,19.17974,0.8655682
20.5,6.5,372.9049,18.96891,0.7211628
21,6.5,373.3582,18.75808,0.6536808
21.5,6.5,373.8116,18.54725,0.5944271
22,6.5,374.265,18.33643,0.4672318
22.5,6.5,374.7184,18.12558,0.3921566
23,6.5,375.1717,17.91474,0.329298
23.5,6.5,375.6251,17.70392,0.2666378
24,6.5,376.0785,17.49307,0.2380676
24.5,6.5,376.5319,17.28226,0.1857319
25,6.5,376.9852,17.07142,0.1333981
25.5,6.5,377.4386,16.86059,0.1269283
26,6.5,377.892,16.64976,0.1273003
26.5,6.5,378.3454,16.43893,0.127142
27,6.5,378.7988,16.2281,0.1268196
27.5,6.5,379.2521,16.01725,0.1264992
28,6.5,379.7055,15.80643,0.1261768
28.5,6.5,380.1589,15.59559,0.1267147
29,6.5,380.6122,15.38476,0.1274071
29.5,6.5,381.0656,15.17392,0.1280994
30,6.5,381.519,14.96309,0.1279411
-2,7,352.7138,28.90976,0.1234207
-1.5,7,353.1672,28.69891,0.1234207
-1,7,353.6205,28.48809,0.1234207
-0.5,7,354.0739,28.27726,0.1234207
0,7,354.5273,28.06643,0.1234207
0.5,7,354.9807,27.85559,0.1234207
1,7,355.4341,27.64474,0.1234207
1.5,7,355.8875,27.43392,0.1234207
2,7,356.3408,27.22309,0.1234207
2.5,7,356.7942,27.01226,0.1234207
3,7,357.2476,26.80142,0.1234207
3.5,7,357.7009,26.59059,0.1234207
4,7,358.1543,26.37976,0.2145405
4.5,7,358.6077,26.16893,0.4153309
5,7,359.061,25.9581,0.5881062
5.5,7,359.5144,25.74725,0.7866592
6,7,359.9678,25.53643,0.8950424
6.5,7,360.4211,25.3256,1.135328
7,7,360.8746,25.11476,1.38942
7.5,7,361.3279,24.90394,1.55619
8,7,361.7813,24.69311,1.673468
8.5,7,362.2347,24.48228,1.842026
9,7,362.688,24.27143,1.9863
9.5,7,363.1414,24.0606,2.08798
10,7,363.5948,23.84977,2.213104
10.5,7,364.0482,23.63893,2.267712
11,7,364.5015,23.42812,2.341249
11.5,7,364.955,23.21727,2.414902
12,7,365.4083,23.00645,2.449862
12.5,7,365.8617,22.79562,2.459558
13,7,366.3151,22.58477,2.450548
13.5,7,366.7684,22.37394,2.418262
14,7,367.2218,22.16311,2.375637
14.5,7,367.6752,21.95228,2.340197
15,7,368.1286,21.74145,2.285671
15.5,7,368.5819,21.53061,2.181196
16,7,369.0353,21.31978,2.076689
16.5,7,369.4887,21.10895,1.966417
17,7,369.942,20.89813,1.851793
17.5,7,370.3954,20.68727,1.674986
18,7,370.8488,20.47646,1.530605
18.5,7,371.3022,20.26561,1.418722
19,7,371.7556,20.05478,1.306803
19.5,7,372.2089,19.84396,1.190182
20,7,372.6624,19.63311,1.04579
20.5,7,373.1157,19.4223,0.9013977
21,7,373.5691,19.21147,0.802845
21.5,7,374.0225,19.0006,0.7378139
22,7,374.4758,18.78979,0.5623322
22.5,7,374.9292,18.57896,0.4461708
23,7,375.3826,18.36812,0.3831825
23.5,7,375.836,18.15729,0.3202019
24,7,376.2893,17.94646,0.2583294
24.5,7,376.7427,17.73563,0.2059956
25,7,377.1961,17.5248,0.153656
25.5,7,377.6495,17.31398,0.127943
26,7,378.1028,17.10312,0.1281567
26.5,7,378.5562,16.8923,0.1278343
27,7,379.0096,16.68147,0.127512
27.5,7,379.463,16.47062,0.1271915
28,7,379.9164,16.25981,0.1268692
28.5,7,380.3697,16.04897,0.127037
29,7,380.8231,15.83814,0.1277275
29.5,7,381.2765,15.62731,0.1284199
30,7,381.7298,15.41648,0.1286335
-2,7.5,352.9246,29.36313,0.1234207
-1.5,7.5,353.378,29.1523,0.1234207
-1,7.5,353.8314,28.94147,0.1234207
-0.5,7.5,354.2847,28.73062,0.1234207
0,7.5,354.7381,28.5198,0.1234207
0.5,7.5,355.1915,28.30896,0.1234207
1,7.5,355.6449,28.09814,0.1234207
1.5,7.5,356.0982,27.88731,0.1234207
2,7.5,356.5516,27.67646,0.1234207
2.5,7.5,357.005,27.46564,0.1234207
3,7.5,357.4584,27.25481,0.1234207
3.5,7.5,357.9117,27.04396,0.1234207
4,7.5,358.3651,26.83313,0.3390388
4.5,7.5,358.8185,26.6223,0.5768414
5,7.5,359.2719,26.41147,0.743227
5.5,7.5,359.7253,26.20064,0.9096565
6,7.5,360.1786,25.98982,1.114655
6.5,7.5,360.632,25.77897,1.368839
7,7.5,361.0854,25.56816,1.622946
7.5,7.5,361.5388,25.3573,1.839645
8,7.5,361.9922,25.14646,1.956923
8.5,7.5,362.4455,24.93565,2.171429
9,7.5,362.8989,24.7248,2.357588
9.5,7.5,363.3523,24.51398,2.45927
10,7.5,363.8056,24.30315,2.560953
10.5,7.5,364.259,24.09232,2.661831
11,7.5,364.7124,23.88149,2.73313
11.5,7.5,365.1658,23.67066,2.806725
12,7.5,365.6191,23.45981,2.865004
12.5,7.5,366.0725,23.24898,2.870384
13,7.5,366.5259,23.03816,2.853146
13.5,7.5,366.9793,22.82731,2.830111
14,7.5,367.4326,22.61648,2.787485
14.5,7.5,367.886,22.40566,2.744909
15,7.5,368.3394,22.19482,2.642912
15.5,7.5,368.7928,21.984,2.528923
16,7.5,369.2462,21.77317,2.424446
16.5,7.5,369.6995,21.56231,2.317833
17,7.5,370.1529,21.35149,2.179203
17.5,7.5,370.6063,21.14066,1.993334
18,7.5,371.0597,20.92983,1.821878
18.5,7.5,371.5131,20.719,1.709997
19,7.5,371.9664,20.50816,1.598116
19.5,7.5,372.4198,20.29733,1.370897
20,7.5,372.8732,20.0865,1.226156
20.5,7.5,373.3265,19.87567,1.081635
21,7.5,373.7799,19.66482,0.9519711
21.5,7.5,374.2333,19.45401,0.8329124
22,7.5,374.6866,19.24316,0.6574306
22.5,7.5,375.14,19.03233,0.500185
23,7.5,375.5934,18.82151,0.4372063
23.5,7.5,376.0468,18.61068,0.366724
24,7.5,376.5002,18.39985,0.2462425
24.5,7.5,376.9535,18.189,0.210968
25,7.5,377.4069,17.97817,0.1739082
25.5,7.5,377.8603,17.76734,0.1289558
26,7.5,378.3137,17.55651,0.1288471
26.5,7.5,378.767,17.34567,0.1285267
27,7.5,379.2204,17.13484,0.1282043
27.5,7.5,379.6738,16.92402,0.127882
28,7.5,380.1272,16.71318,0.1275616
28.5,7.5,380.5806,16.50234,0.1273575
29,7.5,381.0339,16.29151,0.1280499
29.5,7.5,381.4873,16.08067,0.1287422
30,7.5,381.9407,15.86985,0.1293259
-2,8,353.1355,29.81649,0.1234207
-1.5,8,353.5888,29.60567,0.1234207
-1,8,354.0422,29.39484,0.1234207
-0.5,8,354.4956,29.18401,0.1234207
0,8,354.949,28.97317,0.1234207
0.5,8,355.4023,28.76234,0.1234207
1,8,355.8557,28.55151,0.1234207
1.5,8,356.3091,28.34068,0.1234207
2,8,356.7625,28.12986,0.1234207
2.5,8,357.2159,27.919,0.1234207
3,8,357.6692,27.70817,0.1234207
3.5,8,358.1226,27.49735,0.195797
4,8,358.576,27.2865,0.4635353
4.5,8,359.0293,27.07569,0.7312737
5,8,359.4827,26.86485,0.9047375
5.5,8,359.9361,26.65402,1.071121
6,8,360.3895,26.44319,1.389618
6.5,8,360.8428,26.23235,1.628786
7,8,361.2962,26.02151,1.858824
7.5,8,361.7496,25.81068,2.110472
8,8,362.2029,25.59986,2.28454
8.5,8,362.6564,25.38902,2.500832
9,8,363.1097,25.17819,2.717018
9.5,8,363.5631,24.96737,2.830498
10,8,364.0165,24.75652,2.933035
10.5,8,364.4698,24.54569,3.058241
11,8,364.9232,24.33484,3.133127
11.5,8,365.3766,24.12401,3.201576
12,8,365.83,23.9132,3.272142
12.5,8,366.2833,23.70236,3.273026
13,8,366.7368,23.49153,3.255779
13.5,8,367.1901,23.2807,3.238501
14,8,367.6435,23.06987,3.199415
14.5,8,368.0969,22.85904,3.139191
15,8,368.5502,22.64819,3.014284
15.5,8,369.0036,22.43736,2.89802
16,8,369.457,22.22653,2.783203
16.5,8,369.9104,22.01571,2.668432
17,8,370.3637,21.80486,2.497488
17.5,8,370.8171,21.59403,2.311617
18,8,371.2705,21.38321,2.125748
18.5,8,371.7239,21.17237,2.00127
19,8,372.1772,20.96155,1.831778
19.5,8,372.6306,20.7507,1.572536
20,8,373.084,20.53987,1.407085
20.5,8,373.5374,20.32904,1.262371
21,8,373.9907,20.11821,1.117659
21.5,8,374.4441,19.90738,0.9280128
22,8,374.8975,19.69654,0.7525291
22.5,8,375.3509,19.48573,0.5770473
23,8,375.8043,19.27488,0.4912205
23.5,8,376.2576,19.06404,0.386961
24,8,376.711,18.85322,0.251339
24.5,8,377.1644,18.64237,0.194561
25,8,377.6177,18.43155,0.1592789
25.5,8,378.0711,18.22072,0.1295242
26,8,378.5245,18.00989,0.1295242
26.5,8,378.9779,17.79906,0.1292171
27,8,379.4312,17.58823,0.1288967
27.5,8,379.8846,17.37738,0.1285744
28,8,380.338,17.16655,0.128252
28.5,8,380.7914,16.95572,0.1279316
29,8,381.2448,16.74488,0.1283722
29.5,8,381.6982,16.53405,0.1290627
30,8,382.1515,16.32324,0.1295242
-2,8.5,353.3463,30.26987,0.1234207
-1.5,8.5,353.7997,30.05906,0.1234207
-1,8.5,354.253,29.84821,0.1234207
-0.5,8.5,354.7064,29.63739,0.1234207
0,8.5,355.1598,29.42654,0.1234207
0.5,8.5,355.6132,29.21573,0.1234207
1,8.5,356.0665,29.00488,0.1234207
1.5,8.5,356.5199,28.79403,0.1234207
2,8.5,356.9733,28.58322,0.1234207
2.5,8.5,357.4266,28.37239,0.1234207
3,8.5,357.8801,28.16155,0.1234207
3.5,8.5,358.3334,27.95072,0.3202953
4,8.5,358.7868,27.73989,0.5881042
4.5,8.5,359.2402,27.52906,0.8558426
5,8.5,359.6935,27.31823,1.066301
5.5,8.5,360.1469,27.1074,1.2901
6,8.5,360.6003,26.89655,1.633583
6.5,8.5,361.0537,26.68573,1.914186
7,8.5,361.507,26.4749,2.144163
7.5,8.5,361.9604,26.26405,2.374123
8,8.5,362.4138,26.05324,2.616219
8.5,8.5,362.8672,25.8424,2.830236
9,8.5,363.3206,25.63157,3.046446
9.5,8.5,363.7739,25.42073,3.201725
10,8.5,364.2273,25.20989,3.315201
10.5,8.5,364.6807,24.99906,3.440405
11,8.5,365.1341,24.78823,3.536022
11.5,8.5,365.5874,24.57741,3.604469
12,8.5,366.0408,24.36657,3.667751
12.5,8.5,366.4942,24.15574,3.668966
13,8.5,366.9475,23.94492,3.658382
13.5,8.5,367.4009,23.73406,3.641098
14,8.5,367.8543,23.52324,3.611231
14.5,8.5,368.3077,23.31241,3.512745
15,8.5,368.7611,23.10158,3.38785
15.5,8.5,369.2144,22.89075,3.267872
16,8.5,369.6678,22.67991,3.153114
16.5,8.5,370.1212,22.46908,3.006666
17,8.5,370.5746,22.25825,2.801594
17.5,8.5,371.028,22.04742,2.627306
18,8.5,371.4813,21.83657,2.443996
18.5,8.5,371.9347,21.62574,2.292545
19,8.5,372.3881,21.41491,2.054529
19.5,8.5,372.8415,21.20407,1.79529
20,8.5,373.2948,20.99326,1.588039
20.5,8.5,373.7482,20.78241,1.443285
21,8.5,374.2016,20.57159,1.228775
21.5,8.5,374.6549,20.36076,0.9911995
22,8.5,375.1083,20.1499,0.8343334
22.5,8.5,375.5617,19.93909,0.6721191
23,8.5,376.0151,19.72825,0.5428009
23.5,8.5,376.4684,19.51742,0.4071693
24,8.5,376.9218,19.30659,0.2715473
24.5,8.5,377.3752,19.09576,0.1781464
25,8.5,377.8286,18.88492,0.1428623
25.5,8.5,378.282,18.67409,0.1295242
26,8.5,378.7353,18.46326,0.1295242
26.5,8.5,379.1887,18.25241,0.1295242
27,8.5,379.6421,18.0416,0.1295242
27.5,8.5,380.0955,17.83077,0.1292667
28,8.5,380.5488,17.61992,0.1289444
28.5,8.5,381.0022,17.4091,0.1286221
29,8.5,381.4556,17.19827,0.1286926
29.5,8.5,381.909,16.98744,0.129385
30,8.5,382.3624,16.77661,0.1295242
-2,9,353.5571,30.72326,0.1234207
-1.5,9,354.0105,30.51243,0.1234207
-1,9,354.4639,30.30159,0.1234207
-0.5,9,354.9173,30.09075,0.1234207
0,9,355.3706,29.87992,0.1234207
0.5,9,355.824,29.6691,0.1234207
1,9,356.2774,29.45825,0.1234207
1.5,9,356.7307,29.24743,0.1234207
2,9,357.1841,29.0366,0.1234207
2.5,9,357.6375,28.82576,0.1234207
3,9,358.0909,28.61494,0.1885586
3.5,9,358.5443,28.40411,0.4959755
4,9,358.9977,28.19326,0.7370777
4.5,9,359.451,27.98243,0.9802685
5,9,359.9044,27.7716,1.227757
5.5,9,360.3578,27.56077,1.533966
6,9,360.8111,27.34993,1.877449
6.5,9,361.2645,27.1391,2.199505
7,9,361.7179,26.92827,2.429483
7.5,9,362.1713,26.71745,2.68429
8,9,362.6246,26.50661,2.9643
8.5,9,363.078,26.29576,3.171825
9,9,363.5314,26.08494,3.379351
9.5,9,363.9848,25.8741,3.572954
10,9,364.4381,25.66328,3.697365
10.5,9,364.8915,25.45245,3.822571
11,9,365.3449,25.2416,3.938971
11.5,9,365.7983,25.03078,4.007418
12,9,366.2516,24.81994,4.043985
12.5,9,366.705,24.60911,4.052229
13,9,367.1584,24.39828,4.043955
13.5,9,367.6118,24.18744,4.035723
14,9,368.0652,23.97661,4.011276
14.5,9,368.5185,23.76578,3.88637
15,9,368.9719,23.55496,3.761417
15.5,9,369.4253,23.34411,3.637749
16,9,369.8786,23.1333,3.52298
16.5,9,370.332,22.92245,3.321522
17,9,370.7854,22.71161,3.09498
17.5,9,371.2388,22.50079,2.920692
18,9,371.6921,22.28996,2.746405
18.5,9,372.1455,22.07912,2.531092
19,9,372.5989,21.86829,2.277283
19.5,9,373.0522,21.65746,2.018042
20,9,373.5057,21.44663,1.768967
20.5,9,373.959,21.2358,1.624228
21,9,374.4124,21.02495,1.336676
21.5,9,374.8658,20.81412,1.046173
22,9,375.3192,20.6033,0.8893337
22.5,9,375.7725,20.39247,0.7325134
23,9,376.2259,20.18162,0.535902
23.5,9,376.6793,19.97081,0.4274139
24,9,377.1327,19.75996,0.2917843
24.5,9,377.5861,19.54914,0.1617393
25,9,378.0394,19.3383,0.1295242
25.5,9,378.4928,19.12745,0.1295242
26,9,378.9462,18.91663,0.1295242
26.5,9,379.3995,18.7058,0.1295242
27,9,379.8529,18.49497,0.1295242
27.5,9,380.3063,18.28414,0.1295242
28,9,380.7597,18.07332,0.1295242
28.5,9,381.213,17.86247,0.1293144
29,9,381.6664,17.65163,0.129015
29.5,9,382.1198,17.44081,0.1295242
30,9,382.5732,17.22996,0.1295242
-2,9.5,353.7679,31.17664,0.1234207
-1.5,9.5,354.2213,30.96578,0.1234207
-1,9.5,354.6747,30.75497,0.1234207
-0.5,9.5,355.1281,30.54413,0.1234207
0,9.5,355.5815,30.3333,0.1234207
0.5,9.5,356.0348,30.12247,0.1234207
1,9.5,356.4882,29.91164,0.1234207
1.5,9.5,356.9416,29.70081,0.1234207
2,9.5,357.395,29.48997,0.1234207
2.5,9.5,357.8483,29.27914,0.1234207
3,9.5,358.3017,29.0683,0.3398438
3.5,9.5,358.7551,28.85746,0.6650028
4,9.5,359.2084,28.64665,0.9190025
4.5,9.5,359.6619,28.4358,1.160032
5,9.5,360.1152,28.22498,1.443975
5.5,9.5,360.5686,28.01415,1.779364
6,9.5,361.022,27.8033,2.121315
6.5,9.5,361.4753,27.59249,2.464808
7,9.5,361.9287,27.38164,2.714804
7.5,9.5,362.3821,27.17081,3.00017
8,9.5,362.8355,26.95998,3.295851
8.5,9.5,363.2888,26.74915,3.519907
9,9.5,363.7422,26.53831,3.727432
9.5,9.5,364.1956,26.32748,3.924784
10,9.5,364.649,26.11665,4.072235
10.5,9.5,365.1024,25.90582,4.204737
11,9.5,365.5557,25.69499,4.329939
11.5,9.5,366.0091,25.48414,4.409151
12,9.5,366.4625,25.27331,4.420135
12.5,9.5,366.9158,25.06249,4.43116
13,9.5,367.3692,24.85164,4.427179
13.5,9.5,367.8226,24.64083,4.418947
14,9.5,368.2759,24.43,4.345844
14.5,9.5,368.7294,24.21916,4.238867
15,9.5,369.1827,24.00832,4.134184
15.5,9.5,369.6361,23.79749,4.010078
16,9.5,370.0895,23.58665,3.869497
16.5,9.5,370.5428,23.37582,3.636425
17,9.5,370.9962,23.16501,3.403305
17.5,9.5,371.4496,22.95416,3.214079
18,9.5,371.903,22.74333,3.039793
18.5,9.5,372.3564,22.53251,2.744795
19,9.5,372.8098,22.32166,2.477911
19.5,9.5,373.2631,22.11083,2.233147
20,9.5,373.7165,21.9,1.981552
20.5,9.5,374.1699,21.68917,1.746279
21,9.5,374.6233,21.47834,1.444523
21.5,9.5,375.0766,21.26751,1.142763
22,9.5,375.53,21.05667,0.944294
22.5,9.5,375.9834,20.84584,0.7874565
23,9.5,376.4367,20.63503,0.5339909
23.5,9.5,376.8901,20.42418,0.3842144
24,9.5,377.3435,20.21333,0.2801189
24.5,9.5,377.7968,20.00252,0.1760235
25,9.5,378.2502,19.79167,0.1295242
25.5,9.5,378.7036,19.58085,0.1295242
26,9.5,379.157,19.37002,0.1295242
26.5,9.5,379.6104,19.15917,0.1295242
27,9.5,380.0637,18.94835,0.1295242
27.5,9.5,380.5172,18.73751,0.1295242
28,9.5,380.9705,18.52668,0.1295242
28.5,9.5,381.4239,18.31585,0.1295242
29,9.5,381.8773,18.10501,0.1295242
29.5,9.5,382.3306,17.89418,0.1295242
30,9.5,382.784,17.68335,0.1295242
-2,10,353.9788,31.63,0.1234207
-1.5,10,354.4322,31.41917,0.1234207
-1,10,354.8856,31.20834,0.1234207
-0.5,10,355.3389,30.99751,0.1234207
0,10,355.7923,30.78669,0.1234207
0.5,10,356.2457,30.57584,0.1234207
1,10,356.699,30.365,0.1234207
1.5,10,357.1524,30.15418,0.1234207
2,10,357.6058,29.94333,0.1234207
2.5,10,358.0592,29.73252,0.1658821
3,10,358.5125,29.52168,0.4910412
3.5,10,358.9659,29.31085,0.8162022
4,10,359.4193,29.10002,1.100924
4.5,10,359.8727,28.88919,1.341953
5,10,360.326,28.67835,1.70439
5.5,10,360.7794,28.46751,2.07235
6,10,361.2328,28.25669,2.393003
6.5,10,361.6862,28.04585,2.713638
7,10,362.1395,27.83501,3.02035
7.5,10,362.5929,27.6242,3.316051
8,10,363.0463,27.41335,3.611734
8.5,10,363.4997,27.20253,3.868071
9,10,363.953,26.9917,4.075516
9.5,10,364.4064,26.78087,4.262032
10,10,364.8598,26.57002,4.426104
10.5,10,365.3132,26.35919,4.564497
11,10,365.7666,26.14836,4.70289
11.5,10,366.2199,25.93753,4.785343
12,10,366.6733,25.72671,4.796368
12.5,10,367.1267,25.51586,4.807394
13,10,367.5801,25.30503,4.810444
13.5,10,368.0334,25.09422,4.794352
14,10,368.4868,24.88335,4.679537
14.5,10,368.9402,24.67254,4.568848
15,10,369.3936,24.4617,4.464207
15.5,10,369.847,24.25087,4.359528
16,10,370.3003,24.04004,4.179218
16.5,10,370.7537,23.82919,3.951277
17,10,371.2071,23.61838,3.718206
17.5,10,371.6604,23.40755,3.507467
18,10,372.1138,23.1967,3.294638
18.5,10,372.5672,22.98587,2.966722
19,10,373.0206,22.77504,2.669567
19.5,10,373.4739,22.5642,2.424801
20,10,373.9273,22.35337,2.180002
20.5,10,374.3807,22.14256,1.84964
21,10,374.8341,21.93171,1.552425
21.5,10,375.2875,21.72088,1.250666
22,10,375.7408,21.51006,0.9992676
22.5,10,376.1942,21.2992,0.7994556
23,10,376.6476,21.08838,0.5423164
23.5,10,377.101,20.87755,0.3366508
24,10,377.5543,20.66672,0.2325554
24.5,10,378.0077,20.45588,0.1302204
25,10,378.4611,20.24505,0.1298981
25.5,10,378.9145,20.03422,0.1295757
26,10,379.3679,19.82339,0.1295242
26.5,10,379.8212,19.61256,0.1295242
27,10,380.2746,19.40171,0.1295242
27.5,10,380.7279,19.19088,0.1295242
28,10,381.1813,18.98006,0.1295242
28.5,10,381.6347,18.76922,0.1295242
29,10,382.0881,18.5584,0.1296597
29.5,10,382.5414,18.34757,0.1300545
30,10,382.9948,18.13674,0.1297321
-2,10.5,354.1896,32.08339,0.188942
-1.5,10.5,354.643,31.87255,0.1234207
-1,10.5,355.0964,31.66172,0.1234207
-0.5,10.5,355.5497,31.45089,0.1234207
0,10.5,356.0031,31.24005,0.1234207
0.5,10.5,356.4565,31.02921,0.1234207
1,10.5,356.9099,30.8184,0.1234207
1.5,10.5,357.3633,30.60755,0.1234207
2,10.5,357.8166,30.39672,0.1234207
2.5,10.5,358.27,30.1859,0.3573666
3,10.5,358.7234,29.97505,0.6422405
3.5,10.5,359.1768,29.76424,0.9673996
4,10.5,359.6301,29.55339,1.282841
4.5,10.5,360.0835,29.34256,1.554958
5,10.5,360.5369,29.13173,1.964802
5.5,10.5,360.9903,28.92088,2.365334
6,10.5,361.4436,28.71006,2.685987
6.5,10.5,361.897,28.49923,3.006622
7,10.5,362.3504,28.2884,3.341072
7.5,10.5,362.8038,28.07757,3.633234
8,10.5,363.2571,27.86674,3.927633
8.5,10.5,363.7105,27.65589,4.216072
9,10.5,364.1639,27.44506,4.415096
9.5,10.5,364.6172,27.23424,4.5991
10,10.5,365.0706,27.02339,4.779903
10.5,10.5,365.524,26.81258,4.918297
11,10.5,365.9774,26.60175,5.056625
11.5,10.5,366.4308,26.3909,5.11203
12,10.5,366.8841,26.18008,5.149755
12.5,10.5,367.3375,25.96924,5.183586
13,10.5,367.7909,25.7584,5.193668
13.5,10.5,368.2443,25.54757,5.127993
14,10.5,368.6976,25.33674,5.013218
14.5,10.5,369.151,25.12591,4.898827
15,10.5,369.6044,24.91508,4.794189
15.5,10.5,370.0577,24.70426,4.672634
16,10.5,370.5112,24.49341,4.435942
16.5,10.5,370.9645,24.28258,4.22991
17,10.5,371.4179,24.07175,4.023859
17.5,10.5,371.8713,23.8609,3.800846
18,10.5,372.3246,23.65009,3.516558
18.5,10.5,372.778,23.43925,3.188684
19,10.5,373.2314,23.22842,2.861151
19.5,10.5,373.6848,23.01759,2.616386
20,10.5,374.1382,22.80674,2.328815
20.5,10.5,374.5916,22.59593,1.943611
21,10.5,375.0449,22.38508,1.647987
21.5,10.5,375.4983,22.17426,1.352983
22,10.5,375.9517,21.96342,1.05681
22.5,10.5,376.405,21.75258,0.8077831
23,10.5,376.8584,21.54175,0.5506439
23.5,10.5,377.3118,21.33092,0.2935047
24,10.5,377.7652,21.1201,0.1849918
24.5,10.5,378.2186,20.90926,0.1309109
25,10.5,378.6719,20.69844,0.1305904
25.5,10.5,379.1253,20.48759,0.1302681
26,10.5,379.5787,20.27675,0.1299458
26.5,10.5,380.032,20.06593,0.1296253
27,10.5,380.4854,19.8551,0.1295242
27.5,10.5,380.9388,19.64427,0.1295242
28,10.5,381.3922,19.43343,0.1295242
28.5,10.5,381.8455,19.2226,0.1295242
29,10.5,382.299,19.01177,0.1299801
29.5,10.5,382.7523,18.80092,0.1306725
30,10.5,383.2057,18.59011,0.1304245
-2,11,354.4005,32.53676,0.5446091
-1.5,11,354.8538,32.32594,0.3795586
-1,11,355.3072,32.11508,0.2138844
-0.5,11,355.7606,31.90426,0.1234207
0,11,356.2139,31.69343,0.1234207
0.5,11,356.6674,31.48258,0.1234207
1,11,357.1207,31.27177,0.1234207
1.5,11,357.5741,31.06094,0.1234207
2,11,358.0275,30.8501,0.1490707
2.5,11,358.4808,30.63926,0.5724697
3,11,358.9342,30.42842,0.8862686
3.5,11,359.3876,30.21759,1.165747
4,11,359.841,30.00676,1.445227
4.5,11,360.2943,29.79594,1.81538
5,11,360.7477,29.5851,2.225216
5.5,11,361.2011,29.37428,2.635059
6,11,361.6544,29.16345,2.978971
6.5,11,362.1078,28.9526,3.305473
7,11,362.5612,28.74177,3.650341
7.5,11,363.0146,28.53094,3.956823
8,11,363.468,28.32011,4.248987
8.5,11,363.9213,28.10928,4.54113
9,11,364.3747,27.89844,4.752317
9.5,11,364.8281,27.68761,4.936321
10,11,365.2815,27.47678,5.120325
10.5,11,365.7349,27.26595,5.272099
11,11,366.1882,27.05512,5.374588
11.5,11,366.6416,26.84429,5.426502
12,11,367.095,26.63344,5.468525
12.5,11,367.5483,26.42261,5.506252
13,11,368.0017,26.21179,5.543531
13.5,11,368.4551,26.00094,5.461536
14,11,368.9085,25.79012,5.346901
14.5,11,369.3618,25.57929,5.232126
15,11,369.8152,25.36845,5.12417
15.5,11,370.2686,25.15762,4.940807
16,11,370.722,24.94678,4.703339
16.5,11,371.1754,24.73595,4.486652
17,11,371.6287,24.52512,4.280602
17.5,11,372.0821,24.3143,4.048513
18,11,372.5355,24.10346,3.727476
18.5,11,372.9889,23.89262,3.410654
19,11,373.4422,23.68181,3.082779
19.5,11,373.8956,23.47095,2.808006
20,11,374.349,23.26013,2.45513
20.5,11,374.8024,23.0493,2.069925
21,11,375.2557,22.83845,1.741358
21.5,11,375.7091,22.62763,1.446356
22,11,376.1625,22.4168,1.129042
22.5,11,376.6159,22.20597,0.8268108
23,11,377.0692,21.99514,0.5589695
23.5,11,377.5226,21.78431,0.3018303
24,11,377.976,21.57346,0.1374016
24.5,11,378.4294,21.36263,0.1316032
25,11,378.8828,21.15181,0.1312809
25.5,11,379.3361,20.94097,0.1309605
26,11,379.7895,20.73015,0.1306381
26.5,11,380.2429,20.5193,0.1303158
27,11,380.6963,20.30847,0.1299953
27.5,11,381.1496,20.09765,0.129673
28,11,381.603,19.88682,0.1295242
28.5,11,382.0564,19.67597,0.1296101
29,11,382.5097,19.46514,0.1303024
29.5,11,382.9631,19.25431,0.1309948
30,11,383.4165,19.04348,0.1311169
-2,11.5,354.6113,32.99013,0.8997917
-1.5,11.5,355.0647,32.7793,0.7358513
-1,11.5,355.518,32.56847,0.5701771
-0.5,11.5,355.9714,32.35764,0.404501
0,11.5,356.4248,32.1468,0.2625237
0.5,11.5,356.8781,31.93599,0.1234207
1,11.5,357.3315,31.72514,0.1234207
1.5,11.5,357.7849,31.51429,0.1234207
2,11.5,358.2383,31.30348,0.3459511
2.5,11.5,358.6917,31.09263,0.7693501
3,11.5,359.145,30.88181,1.135721
3.5,11.5,359.5984,30.67098,1.415186
4,11.5,360.0518,30.46015,1.711409
4.5,11.5,360.5052,30.24932,2.117647
5,11.5,360.9585,30.03848,2.492102
5.5,11.5,361.4119,29.82764,2.895472
6,11.5,361.8653,29.61681,3.271955
6.5,11.5,362.3187,29.40599,3.609625
7,11.5,362.7721,29.19514,3.954584
7.5,11.5,363.2254,28.98431,4.280216
8,11.5,363.6788,28.77349,4.572479
8.5,11.5,364.1322,28.56265,4.844446
9,11.5,364.5855,28.35183,5.059937
9.5,11.5,365.0389,28.141,5.261631
10,11.5,365.4923,27.93015,5.457468
10.5,11.5,365.9457,27.71932,5.625896
11,11.5,366.399,27.50849,5.688175
11.5,11.5,366.8524,27.29766,5.740089
12,11.5,367.3058,27.08682,5.787329
12.5,11.5,367.7592,26.87601,5.825022
13,11.5,368.2126,26.66516,5.807301
13.5,11.5,368.6659,26.45433,5.72607
14,11.5,369.1193,26.24351,5.643475
14.5,11.5,369.5727,26.03265,5.560837
15,11.5,370.0261,25.82183,5.446508
15.5,11.5,370.4794,25.61099,5.208998
16,11.5,370.9328,25.40015,4.971529
16.5,11.5,371.3862,25.18934,4.743374
17,11.5,371.8396,24.97849,4.537323
17.5,11.5,372.293,24.76767,4.238285
18,11.5,372.7463,24.55684,3.90102
18.5,11.5,373.1997,24.346,3.595665
19,11.5,373.6531,24.13516,3.290308
19.5,11.5,374.1064,23.92433,2.96665
20,11.5,374.5598,23.7135,2.581446
20.5,11.5,375.0132,23.50267,2.196239
21,11.5,375.4666,23.29185,1.834757
21.5,11.5,375.92,23.08101,1.53973
22,11.5,376.3734,22.87017,1.19346
22.5,11.5,376.8267,22.65934,0.8586597
23,11.5,377.2801,22.4485,0.5905666
23.5,11.5,377.7335,22.23768,0.3224907
24,11.5,378.1868,22.02685,0.132576
24.5,11.5,378.6402,21.81602,0.1322956
25,11.5,379.0936,21.60518,0.1319733
25.5,11.5,379.5469,21.39435,0.1316509
26,11.5,380.0003,21.18352,0.1313305
26.5,11.5,380.4537,20.97269,0.1310081
27,11.5,380.907,20.76186,0.1306858
27.5,11.5,381.3605,20.55101,0.1303654
28,11.5,381.8138,20.34018,0.130043
28.5,11.5,382.2672,20.12936,0.1299324
29,11.5,382.7206,19.91851,0.1306229
29.5,11.5,383.174,19.7077,0.1313152
30,11.5,383.6273,19.49686,0.1318092
-2,12,354.8221,33.44352,1.25502
-1.5,12,355.2755,33.23268,1.092142
-1,12,355.7289,33.02185,0.9264679
-0.5,12,356.1823,32.81102,0.7902737
0,12,356.6356,32.60017,0.6921482
0.5,12,357.089,32.38934,0.4923744
1,12,357.5424,32.17851,0.2925987
1.5,12,357.9957,31.96769,0.1234207
2,12,358.4492,31.75685,0.542944
2.5,12,358.9025,31.54601,0.9662285
3,12,359.3559,31.3352,1.385159
3.5,12,359.8093,31.12435,1.664711
4,12,360.2626,30.91352,2.029171
4.5,12,360.716,30.70267,2.454277
5,12,361.1694,30.49186,2.828733
5.5,12,361.6227,30.28102,3.203171
6,12,362.0761,30.07018,3.57136
6.5,12,362.5295,29.85936,3.913977
7,12,362.9828,29.64853,4.258844
7.5,12,363.4363,29.4377,4.603697
8,12,363.8896,29.22686,4.895969
8.5,12,364.343,29.01602,5.135767
9,12,364.7964,28.80519,5.358747
9.5,12,365.2498,28.59435,5.560726
10,12,365.7031,28.38354,5.762423
10.5,12,366.1565,28.17269,5.925171
11,12,366.6099,27.96186,6.001762
11.5,12,367.0632,27.75104,6.053679
12,12,367.5167,27.5402,6.105595
12.5,12,367.97,27.32936,6.143791
13,12,368.4234,27.11853,6.071051
13.5,12,368.8768,26.9077,5.990473
14,12,369.3301,26.69687,5.907965
14.5,12,369.7835,26.48604,5.825327
15,12,370.2369,26.27521,5.676231
15.5,12,370.6903,26.06437,5.468216
16,12,371.1436,25.85356,5.239811
16.5,12,371.597,25.64269,5.002274
17,12,372.0504,25.43186,4.778063
17.5,12,372.5038,25.22105,4.428112
18,12,372.9572,25.0102,4.078123
18.5,12,373.4105,24.79938,3.769207
19,12,373.8639,24.58854,3.463852
19.5,12,374.3173,24.37772,3.070869
20,12,374.7706,24.16689,2.695538
20.5,12,375.224,23.95605,2.322552
21,12,375.6774,23.74521,1.937347
21.5,12,376.1308,23.53438,1.615147
22,12,376.5842,23.32355,1.257809
22.5,12,377.0375,23.11271,0.9005413
23,12,377.4909,22.90188,0.6223583
23.5,12,377.9443,22.69105,0.3542824
24,12,378.3977,22.48022,0.1559982
24.5,12,378.851,22.2694,0.132576
25,12,379.3044,22.05855,0.132576
25.5,12,379.7578,21.84772,0.1323433
26,12,380.2112,21.63689,0.1320229
26.5,12,380.6646,21.42604,0.1317005
27,12,381.1179,21.21523,0.1313782
27.5,12,381.5713,21.00439,0.1310577
28,12,382.0247,20.79356,0.1307354
28.5,12,382.4781,20.58273,0.1304131
29,12,382.9314,20.3719,0.1309452
29.5,12,383.3848,20.16105,0.1316376
30,12,383.8382,19.95022,0.1323299
