row,x,y,z,ground
0,-64.36566,-6.130849,-156.3937,-6.156188
0,-64.32297,-6.122188,-156.6317,-6.156849
0,-64.28027,-6.113528,-156.8698,-6.157511
0,-64.23759,-6.104867,-157.1078,-6.158172
0,-64.19489,-6.096207,-157.3458,-6.158834
0,-64.1522,-6.087546,-157.5838,-6.159494
0,-64.1095,-6.078886,-157.8218,-6.160155
0,-64.06681,-6.070225,-158.0599,-6.161274
0,-64.02412,-6.061564,-158.2979,-6.159991
0,-63.98143,-6.052904,-158.5359,-6.158302
0,-63.93874,-6.044243,-158.7739,-6.156206
0,-63.89604,-6.035583,-159.0119,-6.154113
0,-63.85335,-6.026922,-159.25,-6.152018
0,-63.81066,-6.018261,-159.488,-6.149923
0,-63.76796,-6.009601,-159.726,-6.147828
0,-63.72527,-6.00094,-159.964,-6.142092
0,-63.68258,-5.99228,-160.202,-6.137562
0,-63.63988,-5.983619,-160.4401,-6.133365
0,-63.59719,-5.974958,-160.6781,-6.129164
0,-63.5545,-5.966298,-160.9161,-6.124967
0,-63.51181,-5.957637,-161.1541,-6.120767
0,-63.46911,-5.948977,-161.3922,-6.11657
0,-63.42642,-5.940316,-161.6302,-6.10957
0,-63.38373,-5.931656,-161.8682,-6.101518
0,-63.34103,-5.922995,-162.1062,-6.094275
0,-63.29834,-5.914334,-162.3442,-6.088036
0,-63.25565,-5.905674,-162.5822,-6.081799
0,-63.21296,-5.897013,-162.8203,-6.07556
0,-63.17027,-5.888353,-163.0583,-6.069323
0,-63.12757,-5.879692,-163.2963,-6.06128
0,-63.08488,-5.871032,-163.5343,-6.052047
0,-63.04219,-5.862371,-163.7724,-6.042808
0,-62.99949,-5.853711,-164.0104,-6.033621
0,-62.9568,-5.84505,-164.2484,-6.025471
0,-62.91411,-5.83639,-164.4864,-6.017326
0,-62.87141,-5.827729,-164.7244,-6.009177
0,-62.82872,-5.819068,-164.9624,-6.000011
0,-62.78603,-5.810408,-165.2005,-5.989721
0,-62.74334,-5.801747,-165.4385,-5.979434
0,-62.70065,-5.793087,-165.6765,-5.969143
0,-62.65795,-5.784426,-165.9145,-5.958856
0,-62.61526,-5.775765,-166.1526,-5.949264
0,-62.57257,-5.767105,-166.3906,-5.940067
0,-62.52987,-5.758444,-166.6286,-5.930263
0,-62.48718,-5.749784,-166.8666,-5.919353
0,-62.44449,-5.741123,-167.1046,-5.908438
0,-62.40179,-5.732462,-167.3427,-5.897527
0,-62.3591,-5.723802,-167.5807,-5.886617
0,-62.31641,-5.715141,-167.8187,-5.875701
0,-62.27372,-5.706481,-168.0567,-5.864879
0,-62.23103,-5.69782,-168.2947,-5.854229
0,-62.18833,-5.689159,-168.5328,-5.843253
0,-62.14564,-5.680499,-168.7708,-5.832273
0,-62.10295,-5.671838,-169.0088,-5.821299
0,-62.06025,-5.663178,-169.2468,-5.810317
0,-62.01756,-5.654517,-169.4848,-5.799341
0,-61.97487,-5.645857,-169.7229,-5.788095
0,-61.93217,-5.637196,-169.9609,-5.776793
0,-61.88948,-5.628536,-170.1989,-5.766035
0,-61.84679,-5.619875,-170.4369,-5.755164
0,-61.8041,-5.611215,-170.6749,-5.744286
0,-61.76141,-5.602554,-170.913,-5.733413
0,-61.71871,-5.593893,-171.151,-5.722533
0,-61.67602,-5.585233,-171.389,-5.711662
0,-61.63333,-5.576572,-171.627,-5.700785
0,-61.59063,-5.567912,-171.865,-5.692842
0,-61.54794,-5.559251,-172.1031,-5.684492
0,-61.50525,-5.550591,-172.3411,-5.675529
0,-61.46255,-5.54193,-172.5791,-5.666559
0,-61.41986,-5.533269,-172.8171,-5.657595
0,-61.37717,-5.524609,-173.0551,-5.648631
0,-61.33448,-5.515948,-173.2932,-5.639663
0,-61.29179,-5.507288,-173.5312,-5.633986
0,-61.24909,-5.498627,-173.7692,-5.628874
0,-61.2064,-5.489966,-174.0072,-5.623721
0,-61.16371,-5.481306,-174.2452,-5.617155
0,-61.12101,-5.472645,-174.4833,-5.610593
0,-61.07832,-5.463984,-174.7213,-5.604027
0,-61.03563,-5.455324,-174.9593,-5.597466
0,-60.99294,-5.446663,-175.1973,-5.594019
0,-60.95024,-5.438003,-175.4353,-5.591741
0,-60.90755,-5.429342,-175.6734,-5.589458
0,-60.86486,-5.420682,-175.9114,-5.58718
0,-60.82216,-5.412021,-176.1494,-5.583986
0,-60.77947,-5.40336,-176.3874,-5.580255
0,-60.73678,-5.3947,-176.6254,-5.57652
0,-60.69408,-5.386039,-176.8635,-5.576148
0,-60.65139,-5.377379,-177.1015,-5.577983
0,-60.6087,-5.368718,-177.3395,-5.579819
0,-60.56601,-5.360058,-177.5775,-5.581656
0,-60.52332,-5.351397,-177.8156,-5.58349
0,-60.48062,-5.342737,-178.0536,-5.584589
0,-60.43793,-5.334076,-178.2916,-5.583157
0,-60.39524,-5.325416,-178.5296,-5.584595
0,-60.35254,-5.316755,-178.7676,-5.589158
0,-60.30985,-5.308095,-179.0056,-5.593721
0,-60.26716,-5.299434,-179.2437,-5.598286
1,-64.71707,-6.135226,-157.0279,-6.15866
1,-64.67429,-6.126687,-157.2659,-6.159321
1,-64.6315,-6.118147,-157.504,-6.159983
1,-64.58872,-6.109608,-157.7421,-6.160644
1,-64.54594,-6.101068,-157.9802,-6.161305
1,-64.50315,-6.092529,-158.2182,-6.163631
1,-64.46037,-6.08399,-158.4563,-6.166109
1,-64.41759,-6.07545,-158.6944,-6.164785
1,-64.3748,-6.066911,-158.9324,-6.163405
1,-64.33202,-6.058371,-159.1705,-6.162026
1,-64.28923,-6.049832,-159.4086,-6.160647
1,-64.24645,-6.041292,-159.6467,-6.159268
1,-64.20367,-6.032753,-159.8847,-6.157888
1,-64.16088,-6.024213,-160.1228,-6.157258
1,-64.1181,-6.015674,-160.3609,-6.154369
1,-64.07532,-6.007134,-160.5989,-6.151013
1,-64.03253,-5.998595,-160.837,-6.147658
1,-63.98975,-5.990056,-161.0751,-6.1441
1,-63.94696,-5.981516,-161.3132,-6.139896
1,-63.90418,-5.972977,-161.5512,-6.135694
1,-63.8614,-5.964437,-161.7893,-6.131489
1,-63.81861,-5.955898,-162.0274,-6.124627
1,-63.77583,-5.947358,-162.2654,-6.118382
1,-63.73304,-5.938819,-162.5035,-6.112138
1,-63.69026,-5.930279,-162.7416,-6.105894
1,-63.64748,-5.92174,-162.9796,-6.099649
1,-63.60469,-5.9132,-163.2177,-6.093405
1,-63.56191,-5.904661,-163.4558,-6.08716
1,-63.51913,-5.896122,-163.6939,-6.079049
1,-63.47634,-5.887582,-163.9319,-6.069804
1,-63.43356,-5.879043,-164.17,-6.061337
1,-63.39077,-5.870503,-164.4081,-6.053183
1,-63.34799,-5.861964,-164.6461,-6.045033
1,-63.30521,-5.853424,-164.8842,-6.036874
1,-63.26242,-5.844885,-165.1223,-6.028723
1,-63.21964,-5.836345,-165.3604,-6.019496
1,-63.17686,-5.827806,-165.5984,-6.009197
1,-63.13407,-5.819266,-165.8365,-5.9989
1,-63.09129,-5.810727,-166.0746,-5.988944
1,-63.0485,-5.802187,-166.3127,-5.979736
1,-63.00572,-5.793648,-166.5507,-5.970529
1,-62.96294,-5.785109,-166.7888,-5.96132
1,-62.92015,-5.776569,-167.0269,-5.951463
1,-62.87737,-5.76803,-167.2649,-5.940541
1,-62.83459,-5.75949,-167.503,-5.929618
1,-62.7918,-5.750951,-167.7411,-5.918695
1,-62.74902,-5.742411,-167.9791,-5.907775
1,-62.70623,-5.733872,-168.2172,-5.897183
1,-62.66345,-5.725332,-168.4553,-5.886623
1,-62.62067,-5.716793,-168.6934,-5.875955
1,-62.57788,-5.708253,-168.9314,-5.864968
1,-62.5351,-5.699714,-169.1695,-5.853981
1,-62.49231,-5.691175,-169.4076,-5.842992
1,-62.44953,-5.682635,-169.6456,-5.832006
1,-62.40675,-5.674096,-169.8837,-5.821018
1,-62.36396,-5.665556,-170.1218,-5.810031
1,-62.32118,-5.657017,-170.3598,-5.799102
1,-62.2784,-5.648477,-170.5979,-5.788545
1,-62.23561,-5.639938,-170.836,-5.777986
1,-62.19283,-5.631398,-171.0741,-5.767426
1,-62.15004,-5.622859,-171.3121,-5.756868
1,-62.10726,-5.614319,-171.5502,-5.74631
1,-62.06448,-5.60578,-171.7883,-5.73575
1,-62.02169,-5.59724,-172.0264,-5.725186
1,-61.97891,-5.588701,-172.2644,-5.716311
1,-61.93613,-5.580162,-172.5025,-5.707341
1,-61.89334,-5.571622,-172.7406,-5.698361
1,-61.85056,-5.563083,-172.9786,-5.689391
1,-61.80777,-5.554543,-173.2167,-5.680417
1,-61.76499,-5.546004,-173.4548,-5.671441
1,-61.72221,-5.537464,-173.6928,-5.662466
1,-61.67942,-5.528925,-173.9309,-5.656945
1,-61.63664,-5.520385,-174.169,-5.650796
1,-61.59386,-5.511846,-174.4071,-5.644225
1,-61.55107,-5.503306,-174.6451,-5.637653
1,-61.50829,-5.494767,-174.8832,-5.631084
1,-61.4655,-5.486228,-175.1213,-5.624513
1,-61.42272,-5.477688,-175.3593,-5.617941
1,-61.37994,-5.469149,-175.5974,-5.61469
1,-61.33715,-5.460609,-175.8355,-5.612405
1,-61.29437,-5.45207,-176.0735,-5.60967
1,-61.25159,-5.44353,-176.3116,-5.605931
1,-61.2088,-5.434991,-176.5497,-5.602194
1,-61.16602,-5.426451,-176.7878,-5.598455
1,-61.12323,-5.417912,-177.0258,-5.594717
1,-61.08045,-5.409372,-177.2639,-5.594618
1,-61.03767,-5.400833,-177.502,-5.596451
1,-60.99488,-5.392293,-177.7401,-5.598285
1,-60.9521,-5.383754,-177.9781,-5.600118
1,-60.90932,-5.375215,-178.2162,-5.598982
1,-60.86653,-5.366675,-178.4543,-5.597546
1,-60.82375,-5.358136,-178.6923,-5.596108
1,-60.78096,-5.349596,-178.9304,-5.597866
1,-60.73818,-5.341057,-179.1685,-5.602428
1,-60.6954,-5.332517,-179.4066,-5.606993
1,-60.65261,-5.323978,-179.6446,-5.611558
1,-60.60983,-5.315438,-179.8827,-5.61612
2,-65.06847,-6.13962,-157.662,-6.161131
2,-65.02568,-6.131172,-157.9001,-6.161793
2,-64.9829,-6.122723,-158.1382,-6.163508
2,-64.94012,-6.114274,-158.3762,-6.165986
2,-64.89733,-6.105825,-158.6143,-6.168464
2,-64.85455,-6.097376,-158.8524,-6.170941
2,-64.81177,-6.088928,-159.0904,-6.169592
2,-64.76898,-6.080479,-159.3285,-6.168212
2,-64.7262,-6.07203,-159.5666,-6.166833
2,-64.68341,-6.063581,-159.8047,-6.165453
2,-64.64063,-6.055133,-160.0427,-6.164335
2,-64.59785,-6.046684,-160.2808,-6.164409
2,-64.55506,-6.038235,-160.5189,-6.164481
2,-64.51228,-6.029787,-160.7569,-6.161569
2,-64.4695,-6.021338,-160.995,-6.158215
2,-64.42671,-6.012889,-161.2331,-6.15486
2,-64.38393,-6.00444,-161.4712,-6.151504
2,-64.34114,-5.995992,-161.7092,-6.148149
2,-64.29836,-5.987543,-161.9473,-6.144794
2,-64.25558,-5.979094,-162.1854,-6.142853
2,-64.21279,-5.970645,-162.4234,-6.138421
2,-64.17001,-5.962196,-162.6615,-6.133026
2,-64.12723,-5.953748,-162.8996,-6.12763
2,-64.08444,-5.945299,-163.1376,-6.122237
2,-64.04166,-5.936851,-163.3757,-6.116838
2,-63.99887,-5.928401,-163.6138,-6.111424
2,-63.95609,-5.919953,-163.8519,-6.105179
2,-63.91331,-5.911504,-164.0899,-6.09746
2,-63.87052,-5.903055,-164.328,-6.089305
2,-63.82774,-5.894607,-164.5661,-6.08115
2,-63.78495,-5.886158,-164.8042,-6.072996
2,-63.74217,-5.877709,-165.0422,-6.06484
2,-63.69939,-5.86926,-165.2803,-6.056687
2,-63.6566,-5.860812,-165.5184,-6.048532
2,-63.61382,-5.852363,-165.7564,-6.039289
2,-63.57104,-5.843914,-165.9945,-6.028992
2,-63.52825,-5.835465,-166.2326,-6.01976
2,-63.48547,-5.827016,-166.4706,-6.010551
2,-63.44268,-5.818568,-166.7087,-6.001343
2,-63.3999,-5.810119,-166.9468,-5.992136
2,-63.35712,-5.801671,-167.1849,-5.982927
2,-63.31433,-5.793221,-167.4229,-5.973058
2,-63.27155,-5.784773,-167.661,-5.962134
2,-63.22877,-5.776324,-167.8991,-5.951215
2,-63.18598,-5.767875,-168.1371,-5.9405
2,-63.1432,-5.759427,-168.3752,-5.929941
2,-63.10041,-5.750978,-168.6133,-5.919383
2,-63.05763,-5.742529,-168.8514,-5.908823
2,-63.01485,-5.73408,-169.0894,-5.898151
2,-62.97206,-5.725632,-169.3275,-5.887164
2,-62.92928,-5.717183,-169.5656,-5.876178
2,-62.8865,-5.708734,-169.8036,-5.86519
2,-62.84372,-5.700285,-170.0417,-5.854201
2,-62.80093,-5.691836,-170.2798,-5.843215
2,-62.75815,-5.683388,-170.5179,-5.832234
2,-62.71536,-5.674939,-170.7559,-5.821303
2,-62.67258,-5.666491,-170.994,-5.810748
2,-62.6298,-5.658041,-171.2321,-5.80019
2,-62.58701,-5.649593,-171.4701,-5.789631
2,-62.54423,-5.641144,-171.7082,-5.779074
2,-62.50145,-5.632695,-171.9463,-5.768514
2,-62.45866,-5.624247,-172.1844,-5.757674
2,-62.41588,-5.615798,-172.4224,-5.746801
2,-62.37309,-5.607349,-172.6605,-5.738021
2,-62.33031,-5.5989,-172.8986,-5.729243
2,-62.28753,-5.590452,-173.1366,-5.720464
2,-62.24474,-5.582003,-173.3747,-5.711685
2,-62.20196,-5.573554,-173.6128,-5.702906
2,-62.15918,-5.565105,-173.8509,-5.694127
2,-62.11639,-5.556656,-174.0889,-5.68494
2,-62.07361,-5.548208,-174.327,-5.678164
2,-62.03082,-5.539759,-174.5651,-5.671725
2,-61.98804,-5.53131,-174.8031,-5.665249
2,-61.94526,-5.522861,-175.0412,-5.658677
2,-61.90247,-5.514413,-175.2793,-5.652106
2,-61.85969,-5.505964,-175.5173,-5.645535
2,-61.81691,-5.497515,-175.7554,-5.638965
2,-61.77412,-5.489067,-175.9935,-5.635741
2,-61.73134,-5.480618,-176.2316,-5.632043
2,-61.68855,-5.472169,-176.4696,-5.628304
2,-61.64577,-5.46372,-176.7077,-5.624566
2,-61.60299,-5.455272,-176.9458,-5.620828
2,-61.5602,-5.446823,-177.1839,-5.61709
2,-61.51742,-5.438374,-177.4219,-5.613351
2,-61.47464,-5.429925,-177.66,-5.61329
2,-61.43185,-5.421476,-177.8981,-5.615124
2,-61.38907,-5.413028,-178.1361,-5.615088
2,-61.34628,-5.404579,-178.3742,-5.613653
2,-61.3035,-5.39613,-178.6123,-5.612216
2,-61.26072,-5.387681,-178.8503,-5.61078
2,-61.21793,-5.379233,-179.0884,-5.609344
2,-61.17515,-5.370784,-179.3265,-5.611139
2,-61.13237,-5.362335,-179.5646,-5.615705
2,-61.08958,-5.353887,-179.8026,-5.620267
2,-61.0468,-5.345438,-180.0407,-5.62452
2,-61.00402,-5.336989,-180.2788,-5.627269
2,-60.96123,-5.32854,-180.5168,-5.630015
3,-65.41987,-6.144014,-158.2962,-6.165862
3,-65.37708,-6.135623,-158.5342,-6.168341
3,-65.3343,-6.127232,-158.7723,-6.170818
3,-65.29152,-6.118841,-159.0104,-6.173296
3,-65.24873,-6.11045,-159.2484,-6.175774
3,-65.20595,-6.102059,-159.4865,-6.174397
3,-65.16317,-6.093668,-159.7246,-6.173018
3,-65.12038,-6.085277,-159.9627,-6.171639
3,-65.0776,-6.076886,-160.2007,-6.171484
3,-65.03481,-6.068495,-160.4388,-6.171558
3,-64.99203,-6.060104,-160.6769,-6.171633
3,-64.94925,-6.051713,-160.9149,-6.171705
3,-64.90646,-6.043322,-161.153,-6.16877
3,-64.86368,-6.034931,-161.3911,-6.165414
3,-64.8209,-6.02654,-161.6292,-6.162061
3,-64.77811,-6.018149,-161.8672,-6.158707
3,-64.73533,-6.009758,-162.1053,-6.156155
3,-64.69254,-6.001367,-162.3434,-6.154616
3,-64.64977,-5.992976,-162.5814,-6.153078
3,-64.60698,-5.984585,-162.8195,-6.148621
3,-64.56419,-5.976194,-163.0576,-6.143224
3,-64.52141,-5.967803,-163.2957,-6.137829
3,-64.47863,-5.959413,-163.5337,-6.132433
3,-64.43584,-5.951021,-163.7718,-6.127038
3,-64.39306,-5.94263,-164.0099,-6.121686
3,-64.35027,-5.934239,-164.2479,-6.117381
3,-64.3075,-5.925848,-164.486,-6.111168
3,-64.26471,-5.917458,-164.7241,-6.103863
3,-64.22192,-5.909067,-164.9621,-6.096556
3,-64.17914,-5.900675,-165.2002,-6.089252
3,-64.13636,-5.892284,-165.4383,-6.081944
3,-64.09357,-5.883893,-165.6764,-6.074637
3,-64.05079,-5.875503,-165.9144,-6.067333
3,-64.008,-5.867112,-166.1525,-6.059634
3,-63.96522,-5.858721,-166.3906,-6.050573
3,-63.92244,-5.85033,-166.6286,-6.041365
3,-63.87965,-5.841938,-166.8667,-6.032158
3,-63.83687,-5.833548,-167.1048,-6.02295
3,-63.79409,-5.825157,-167.3429,-6.013741
3,-63.7513,-5.816766,-167.5809,-6.004535
3,-63.70852,-5.808375,-167.819,-5.994654
3,-63.66574,-5.799984,-168.0571,-5.983818
3,-63.62295,-5.791593,-168.2952,-5.973258
3,-63.58017,-5.783202,-168.5332,-5.962707
3,-63.53738,-5.774811,-168.7713,-5.952141
3,-63.4946,-5.76642,-169.0094,-5.941588
3,-63.45182,-5.758029,-169.2474,-5.931028
3,-63.40903,-5.749638,-169.4855,-5.920355
3,-63.36625,-5.741247,-169.7236,-5.909367
3,-63.32347,-5.732856,-169.9616,-5.898378
3,-63.28069,-5.724465,-170.1997,-5.887392
3,-63.2379,-5.716074,-170.4378,-5.876404
3,-63.19512,-5.707683,-170.6759,-5.865417
3,-63.15233,-5.699292,-170.9139,-5.854429
3,-63.10955,-5.690901,-171.152,-5.843509
3,-63.06676,-5.68251,-171.3901,-5.832949
3,-63.02398,-5.674119,-171.6281,-5.822389
3,-62.9812,-5.665728,-171.8662,-5.811831
3,-62.93842,-5.657337,-172.1043,-5.801114
3,-62.89563,-5.648946,-172.3423,-5.790191
3,-62.85285,-5.640555,-172.5804,-5.779269
3,-62.81006,-5.632164,-172.8185,-5.768412
3,-62.76728,-5.623773,-173.0566,-5.759632
3,-62.72449,-5.615382,-173.2946,-5.750854
3,-62.68171,-5.606991,-173.5327,-5.742074
3,-62.63893,-5.5986,-173.7708,-5.733295
3,-62.59615,-5.590209,-174.0089,-5.724475
3,-62.55336,-5.581818,-174.2469,-5.714606
3,-62.51058,-5.573427,-174.485,-5.704738
3,-62.46779,-5.565036,-174.7231,-5.697985
3,-62.42501,-5.556645,-174.9611,-5.691545
3,-62.38223,-5.548254,-175.1992,-5.685104
3,-62.33944,-5.539864,-175.4373,-5.678664
3,-62.29666,-5.531473,-175.6754,-5.672223
3,-62.25388,-5.523081,-175.9134,-5.665788
3,-62.21109,-5.51469,-176.1515,-5.657725
3,-62.16831,-5.506299,-176.3896,-5.653135
3,-62.12552,-5.497909,-176.6276,-5.649723
3,-62.08274,-5.489518,-176.8657,-5.646311
3,-62.03996,-5.481127,-177.1038,-5.642899
3,-61.99717,-5.472736,-177.3418,-5.639465
3,-61.95439,-5.464345,-177.5799,-5.635727
3,-61.91161,-5.455954,-177.818,-5.631989
3,-61.86882,-5.447563,-178.0561,-5.631195
3,-61.82604,-5.439172,-178.2941,-5.629759
3,-61.78325,-5.430781,-178.5322,-5.628322
3,-61.74047,-5.42239,-178.7703,-5.626885
3,-61.69769,-5.413999,-179.0083,-5.625449
3,-61.6549,-5.405608,-179.2464,-5.624013
3,-61.61212,-5.397217,-179.4845,-5.622577
3,-61.56934,-5.388826,-179.7226,-5.624413
3,-61.52655,-5.380435,-179.9606,-5.628977
3,-61.48377,-5.372044,-180.1987,-5.632026
3,-61.44098,-5.363653,-180.4368,-5.634772
3,-61.3982,-5.355262,-180.6749,-5.637519
3,-61.35542,-5.346871,-180.9129,-5.640266
3,-61.31263,-5.33848,-181.151,-5.643014
4,-65.77124,-6.148408,-158.9303,-6.173173
4,-65.72836,-6.140075,-159.1684,-6.175651
4,-65.68549,-6.131741,-159.4065,-6.178129
4,-65.64262,-6.123407,-159.6447,-6.180579
4,-65.59974,-6.115074,-159.8828,-6.179197
4,-65.55687,-6.10674,-160.1209,-6.178555
4,-65.51399,-6.098407,-160.359,-6.178627
4,-65.47112,-6.090073,-160.5972,-6.1787
4,-65.42825,-6.081739,-160.8353,-6.178772
4,-65.38537,-6.073406,-161.0734,-6.178844
4,-65.34249,-6.065072,-161.3115,-6.178917
4,-65.29962,-6.056738,-161.5496,-6.175938
4,-65.25674,-6.048405,-161.7878,-6.172579
4,-65.21387,-6.040071,-162.0259,-6.169419
4,-65.171,-6.031737,-162.264,-6.167879
4,-65.12812,-6.023404,-162.5021,-6.166337
4,-65.08525,-6.01507,-162.7402,-6.164797
4,-65.04237,-6.006737,-162.9784,-6.163255
4,-64.9995,-5.998403,-163.2165,-6.158734
4,-64.95663,-5.990069,-163.4546,-6.153334
4,-64.91375,-5.981736,-163.6927,-6.147934
4,-64.87087,-5.973402,-163.9308,-6.142533
4,-64.828,-5.965068,-164.169,-6.137908
4,-64.78513,-5.956735,-164.4071,-6.133598
4,-64.74225,-5.948401,-164.6452,-6.129287
4,-64.69938,-5.940067,-164.8833,-6.123013
4,-64.6565,-5.931734,-165.1215,-6.115701
4,-64.61362,-5.9234,-165.3596,-6.108389
4,-64.57076,-5.915067,-165.5977,-6.101076
4,-64.52788,-5.906733,-165.8358,-6.093766
4,-64.485,-5.898399,-166.0739,-6.086904
4,-64.44213,-5.890066,-166.3121,-6.081048
4,-64.39925,-5.881732,-166.5502,-6.073806
4,-64.35638,-5.873398,-166.7883,-6.065376
4,-64.31351,-5.865065,-167.0264,-6.056944
4,-64.27063,-5.856731,-167.2646,-6.048514
4,-64.22776,-5.848397,-167.5027,-6.040085
4,-64.18488,-5.840064,-167.7408,-6.031652
4,-64.14201,-5.83173,-167.9789,-6.023222
4,-64.09914,-5.823397,-168.217,-6.014402
4,-64.05626,-5.815063,-168.4552,-6.00462
4,-64.01338,-5.806729,-168.6933,-5.994835
4,-63.97051,-5.798396,-168.9314,-5.984515
4,-63.92764,-5.790062,-169.1695,-5.973944
4,-63.88476,-5.781728,-169.4077,-5.963379
4,-63.84188,-5.773395,-169.6458,-5.952809
4,-63.79901,-5.765061,-169.8839,-5.942113
4,-63.75614,-5.756727,-170.122,-5.931119
4,-63.71326,-5.748394,-170.3601,-5.92012
4,-63.67039,-5.74006,-170.5983,-5.909125
4,-63.62751,-5.731727,-170.8364,-5.898127
4,-63.58464,-5.723393,-171.0745,-5.887131
4,-63.54176,-5.715059,-171.3126,-5.876132
4,-63.49889,-5.706726,-171.5508,-5.865216
4,-63.45602,-5.698392,-171.7889,-5.854646
4,-63.41314,-5.690058,-172.027,-5.844041
4,-63.37027,-5.681725,-172.2651,-5.833105
4,-63.32739,-5.673391,-172.5032,-5.822177
4,-63.28452,-5.665057,-172.7413,-5.811249
4,-63.24164,-5.656724,-172.9795,-5.800314
4,-63.19877,-5.64839,-173.2176,-5.789529
4,-63.1559,-5.640057,-173.4557,-5.78074
4,-63.11302,-5.631723,-173.6938,-5.771954
4,-63.07014,-5.623389,-173.932,-5.763165
4,-63.02727,-5.615056,-174.1701,-5.7536
4,-62.98439,-5.606722,-174.4082,-5.743721
4,-62.94152,-5.598388,-174.6463,-5.733845
4,-62.89865,-5.590055,-174.8844,-5.723966
4,-62.85577,-5.581721,-175.1226,-5.717349
4,-62.8129,-5.573387,-175.3607,-5.710898
4,-62.77002,-5.565054,-175.5988,-5.704453
4,-62.72715,-5.55672,-175.8369,-5.698009
4,-62.68427,-5.548387,-176.0751,-5.690758
4,-62.6414,-5.540053,-176.3132,-5.681769
4,-62.59853,-5.531719,-176.5513,-5.672778
4,-62.55565,-5.523386,-176.7894,-5.668426
4,-62.51278,-5.515052,-177.0275,-5.665008
4,-62.4699,-5.506718,-177.2657,-5.661592
4,-62.42702,-5.498384,-177.5038,-5.658175
4,-62.38415,-5.490051,-177.7419,-5.65476
4,-62.34128,-5.481718,-177.98,-5.651345
4,-62.2984,-5.473384,-178.2182,-5.644265
4,-62.25553,-5.46505,-178.4563,-5.641448
4,-62.21265,-5.456717,-178.6944,-5.640466
4,-62.16978,-5.448383,-178.9325,-5.639484
4,-62.1269,-5.440049,-179.1706,-5.638503
4,-62.08403,-5.431715,-179.4088,-5.637522
4,-62.04116,-5.423382,-179.6469,-5.636539
4,-61.99828,-5.415048,-179.885,-5.635541
4,-61.95541,-5.406714,-180.1231,-5.636744
4,-61.91253,-5.398381,-180.3613,-5.639491
4,-61.86966,-5.390047,-180.5994,-5.642238
4,-61.82678,-5.381714,-180.8375,-5.644986
4,-61.78391,-5.37338,-181.0756,-5.647733
4,-61.74104,-5.365047,-181.3137,-5.650478
4,-61.69816,-5.356713,-181.5518,-5.653226
4,-61.65528,-5.348379,-181.79,-5.656383
