name,beforeGapM,afterGapM,deltaM
Grove tree 110,0.1199999,-0.01999986,-0.1399999
Grove tree 176,0.1200047,-0.02000046,-0.1400046
Grove tree 152,0.1199999,-0.01999998,-0.1399999
Grove tree 148,0.1200018,-0.01999998,-0.1400018
Grove tree 008,0.1199999,-0.01999998,-0.1399999
Grove tree 010,0.1199999,-0.0199995,-0.1399999
Grove tree 156,0.1199999,-0.01999998,-0.1399999
BroadleafTree_05_Green,0.1201999,-0.01999998,-0.1401999
BroadleafTree_05_Green,0.1198626,-0.01999998,-0.1398626
Grove tree 136,0.1199999,-0.01999998,-0.1399999
Grove tree 089,0.1199951,-0.01999998,-0.1399951
BroadleafTree_05_Green,0.1202383,-0.01999998,-0.1402383
Grove tree 038,0.1199999,-0.01999998,-0.1399999
Grove tree 041,0.1199999,-0.0199995,-0.1399999
Grove tree 071,0.1199999,-0.01999998,-0.1399999
Grove tree 115,0.1199999,-0.01999998,-0.1399999
Grove tree 072,0.1199999,-0.0199995,-0.1399999
Grove tree 113,0.1199999,-0.01999998,-0.1399999
Grove tree 188,0.1199989,-0.01999998,-0.1399989
Grove tree 039,0.1199999,-0.01999998,-0.1399999
Grove tree 030,0.1199951,-0.01999998,-0.1399951
BroadleafTree_05_Green,0.1198921,-0.02000046,-0.1398921
Grove tree 029,0.1199999,-0.01999998,-0.1399999
Grove tree 042,0.1199999,-0.01999998,-0.1399999
BroadleafTree_05_Green,0.1201844,-0.01999998,-0.1401844
Grove tree 126,0.1199942,-0.01999998,-0.1399942
Grove tree 212,0.1199999,-0.01999998,-0.1399999
Grove tree 025,0.1199884,-0.01999998,-0.1399884
Grove tree 155,0.1199999,-0.01999998,-0.1399999
Grove tree 046,0.1199999,-0.01999998,-0.1399999
Grove tree 162,0.1199999,-0.0199995,-0.1399999
Grove tree 043,0.1199999,-0.01999998,-0.1399999
BroadleafTree_02_Green,0.1203909,-0.01999998,-0.1403909
Grove tree 101,0.1199999,-0.01999998,-0.1399999
Grove tree 023,0.1199999,-0.01999998,-0.1399999
Grove tree 093,0.1199999,-0.01999998,-0.1399999
Grove tree 220,0.1199999,-0.01999998,-0.1399999
Grove tree 080,0.1199989,-0.01999998,-0.1399989
Grove tree 184,0.1199999,-0.01999998,-0.1399999
BroadleafTree_02_Green,0.1204991,-0.01999998,-0.1404991
BroadleafTree_02_Green,0.1211095,-0.01999998,-0.1411095
Grove tree 194,0.1199999,-0.0199995,-0.1399999
Lakeside willow 11,0.1467195,-0.01999998,-0.1667195
Grove tree 122,0.1199999,-0.01999998,-0.1399999
Grove tree 142,0.1200004,-0.01999998,-0.1400004
Grove tree 186,0.1199999,-0.01999998,-0.1399999
Grove tree 096,0.1199999,-0.01999998,-0.1399999
BroadleafTree_02_Green,0.1203661,-0.01999998,-0.1403661
Grove tree 230,0.1199999,-0.01999998,-0.1399999
BroadleafTree_02_Green,0.1200604,-0.01999998,-0.1400604
Grove tree 099,0.1199999,-0.01999998,-0.1399999
Grove tree 011,0.119997,-0.01999998,-0.139997
BroadleafTree_02_Green,0.1211314,-0.02000046,-0.1411314
Grove tree 190,0.1200008,-0.01999998,-0.1400008
Grove tree 154,0.1199999,-0.01999998,-0.1399999
Grove tree 016,0.1199999,-0.01999998,-0.1399999
Grove tree 004,0.1199999,-0.01999998,-0.1399999
Grove tree 229,0.1199999,-0.01999998,-0.1399999
Grove tree 058,0.1199999,-0.01999998,-0.1399999
Grove tree 011,0.1199999,-0.01999998,-0.1399999
Lakeside willow 7,0.1493158,-0.01999998,-0.1693158
Grove tree 239,0.1199999,-0.01999998,-0.1399999
BroadleafTree_02_Green,0.1203604,-0.02000046,-0.1403604
Grove tree 213,0.1200008,-0.01999998,-0.1400008
Grove tree 077,0.1199999,-0.01999998,-0.1399999
Grove tree 114,0.1199999,-0.01999998,-0.1399999
Lakeside willow 6,0.1483607,-0.01999998,-0.1683607
Grove tree 019,0.1199999,-0.01999998,-0.1399999
BroadleafTree_02_Green,0.1200533,-0.0199995,-0.1400533
Grove tree 185,0.1199999,-0.01999998,-0.1399999
Grove tree 179,0.1199961,-0.0199995,-0.1399961
Grove tree 173,0.1199999,-0.01999998,-0.1399999
Grove tree 003,0.1199999,-0.0199995,-0.1399999
Grove tree 153,0.1199999,-0.01999998,-0.1399999
Grove tree 117,0.1199999,-0.01999986,-0.1399999
BroadleafTree_02_Green,0.1204524,-0.01999998,-0.1404524
Grove tree 223,0.1199999,-0.01999998,-0.1399999
Grove tree 092,0.1199999,-0.01999998,-0.1399999
Grove tree 055,0.1199999,-0.01999998,-0.1399999
Grove tree 224,0.1199999,-0.01999998,-0.1399999
Grove tree 079,0.1199999,-0.01999998,-0.1399999
Grove tree 199,0.1200018,-0.01999998,-0.1400018
Grove tree 107,0.1199999,-0.01999998,-0.1399999
Grove tree 177,0.1199999,-0.02000046,-0.1399999
Grove tree 053,0.1199999,-0.01999998,-0.1399999
Grove tree 191,0.1199999,-0.01999998,-0.1399999
Grove tree 005,0.1199999,-0.01999998,-0.1399999
Grove tree 034,0.1199999,-0.0199995,-0.1399999
Grove tree 060,0.1199999,-0.01999998,-0.1399999
Grove tree 118,0.1199999,-0.01999998,-0.1399999
Grove tree 025,0.1200018,-0.0199995,-0.1400018
Grove tree 157,0.1200008,-0.01999998,-0.1400008
Grove tree 207,0.1199999,-0.01999998,-0.1399999
Grove tree 226,0.1199999,-0.01999998,-0.1399999
Grove tree 017,0.1200037,-0.0199995,-0.1400037
Grove tree 054,0.1199999,-0.01999998,-0.1399999
Grove tree 067,0.1199999,-0.01999998,-0.1399999
Grove tree 215,0.1200094,-0.01999998,-0.1400094
BroadleafTree_02_Green,0.1203361,-0.01999998,-0.1403361
Grove tree 112,0.1199999,-0.01999998,-0.1399999
BroadleafTree_05_Green,0.1202374,-0.01999998,-0.1402373
Grove tree 195,0.1199999,-0.01999998,-0.1399999
Grove tree 211,0.1199999,-0.01999998,-0.1399999
BroadleafTree_05_Green,0.1213312,-0.02000046,-0.1413312
BroadleafTree_02_Green,0.1203752,-0.01999998,-0.1403752
Grove tree 001,0.1199999,-0.01999998,-0.1399999
Grove tree 038,0.1199999,-0.01999998,-0.1399999
Grove tree 144,0.1199999,-0.01999998,-0.1399999
Grove tree 015,0.1199999,-0.01999998,-0.1399999
BroadleafTree_05_Green,0.1201754,-0.02000046,-0.1401754
Grove tree 008,0.1199999,-0.01999998,-0.1399999
Grove tree 047,0.1199951,-0.01999998,-0.1399951
Grove tree 075,0.1199999,-0.0199995,-0.1399999
BroadleafTree_05_Green,0.1210804,-0.01999998,-0.1410804
BroadleafTree_02_Green,0.1215019,-0.02000046,-0.1415019
Grove tree 098,0.1199999,-0.01999998,-0.1399999
Grove tree 160,0.1199923,-0.01999998,-0.1399923
Grove tree 040,0.1200001,-0.02000022,-0.1400001
Lakeside willow 5,0.1467137,-0.01999998,-0.1667137
Lakeside willow 4,0.1493082,-0.01999998,-0.1693082
BroadleafTree_05_Green,0.1198711,-0.01999998,-0.1398711
Grove tree 159,0.1199999,-0.01999998,-0.1399999
Lakeside willow 8,0.1467195,-0.01999998,-0.1667195
BroadleafTree_02_Green,0.1200733,-0.02000046,-0.1400733
Grove tree 217,0.1200094,-0.01999998,-0.1400094
Grove tree 037,0.1199999,-0.0199995,-0.1399999
Grove tree 128,0.1199999,-0.01999998,-0.1399999
Grove tree 078,0.1199999,-0.01999998,-0.1399999
Grove tree 073,0.1199999,-0.01999998,-0.1399999
Grove tree 137,0.1199999,-0.02000046,-0.1399999
BroadleafTree_05_Green,0.1198816,-0.01999998,-0.1398816
Grove tree 063,0.1200047,-0.01999998,-0.1400046
Lakeside willow 2,0.1467195,-0.01999998,-0.1667195
Grove tree 032,0.1199999,-0.01999998,-0.1399999
Grove tree 031,0.1199999,-0.01999998,-0.1399999
Grove tree 200,0.1199999,-0.01999998,-0.1399999
Grove tree 189,0.1199999,-0.01999998,-0.1399999
Grove tree 231,0.1200001,-0.02000022,-0.1400001
BroadleafTree_02_Green,0.121202,-0.01999998,-0.141202
Grove tree 095,0.1199999,-0.01999998,-0.1399999
Grove tree 074,0.1199999,-0.01999998,-0.1399999
Grove tree 009,0.1199999,-0.01999998,-0.1399999
BroadleafTree_02_Green,0.1200409,-0.0199995,-0.1400409
Grove tree 120,0.1199999,-0.01999998,-0.1399999
Grove tree 135,0.1199999,-0.01999998,-0.1399999
Grove tree 228,0.1199932,-0.01999998,-0.1399932
Grove tree 007,0.1199999,-0.01999998,-0.1399999
Grove tree 014,0.1199895,-0.01999998,-0.1399895
Grove tree 167,0.1199999,-0.01999998,-0.1399999
Grove tree 181,0.1199999,-0.01999998,-0.1399999
Grove tree 027,0.1199999,-0.02000046,-0.1399999
Grove tree 151,0.1199999,-0.01999998,-0.1399999
Grove tree 085,0.1199999,-0.01999998,-0.1399999
Grove tree 028,0.1199999,-0.01999998,-0.1399999
Grove tree 180,0.1199999,-0.01999998,-0.1399999
Grove tree 036,0.1199999,-0.0199995,-0.1399999
Grove tree 002,0.1200001,-0.02000022,-0.1400001
Grove tree 039,0.1199989,-0.01999998,-0.1399989
Grove tree 116,0.1199999,-0.01999986,-0.1399999
Grove tree 026,0.1200047,-0.0199995,-0.1400046
Grove tree 140,0.1199999,-0.02000046,-0.1399999
Grove tree 171,0.1199999,-0.01999998,-0.1399999
BroadleafTree_05_Green,0.1211119,-0.01999998,-0.1411119
Grove tree 087,0.1200094,-0.01999998,-0.1400094
Grove tree 007,0.1200001,-0.02000022,-0.1400001
Grove tree 216,0.1199999,-0.0199995,-0.1399999
Lakeside willow 9,0.1483645,-0.01999998,-0.1683645
Grove tree 163,0.1199999,-0.01999998,-0.1399999
BroadleafTree_05_Green,0.1202116,-0.02000046,-0.1402116
Grove tree 040,0.1199999,-0.0199995,-0.1399999
BroadleafTree_02_Green,0.1200571,-0.01999998,-0.1400571
Grove tree 198,0.1199999,-0.01999998,-0.1399999
BroadleafTree_02_Green,0.1212301,-0.01999998,-0.1412301
Grove tree 209,0.1199999,-0.01999998,-0.1399999
Grove tree 103,0.1199999,-0.01999998,-0.1399999
Grove tree 000,0.1199999,-0.01999998,-0.1399999
BroadleafTree_02_Green,0.1200604,-0.01999998,-0.1400604
Grove tree 237,0.1200008,-0.01999998,-0.1400008
Grove tree 033,0.119998,-0.01999998,-0.139998
BroadleafTree_05_Green,0.1202152,-0.02000046,-0.1402152
Grove tree 022,0.1199951,-0.01999998,-0.1399951
Grove tree 049,0.1199999,-0.01999998,-0.1399999
BroadleafTree_02_Green,0.12147,-0.01999998,-0.14147
Grove tree 187,0.1199999,-0.01999998,-0.1399999
Grove tree 013,0.1200018,-0.0199995,-0.1400018
Grove tree 139,0.1199999,-0.02000141,-0.1399999
Grove tree 141,0.1199999,-0.02000046,-0.1399999
Grove tree 013,0.1199999,-0.01999998,-0.1399999
Grove tree 068,0.1199999,-0.0199995,-0.1399999
Grove tree 062,0.1199999,-0.01999998,-0.1399999
Grove tree 056,0.1199999,-0.01999998,-0.1399999
Grove tree 005,0.1199999,-0.01999998,-0.1399999
BroadleafTree_02_Green,0.1212144,-0.01999998,-0.1412144
Grove tree 125,0.1199999,-0.0199995,-0.1399999
Grove tree 006,0.1199999,-0.0199995,-0.1399999
Lakeside willow 0,0.1483607,-0.01999998,-0.1683607
BroadleafTree_02_Green,0.1204224,-0.01999998,-0.1404224
Grove tree 234,0.1199999,-0.01999998,-0.1399999
BroadleafTree_02_Green,0.121109,-0.0199995,-0.141109
Grove tree 021,0.1199999,-0.01999998,-0.1399999
BroadleafTree_05_Green,0.1208811,-0.02000046,-0.1408811
BroadleafTree_05_Green,0.1209192,-0.02000046,-0.1409192
Grove tree 210,0.1200008,-0.01999998,-0.1400008
Grove tree 123,0.1199999,-0.01999998,-0.1399999
Grove tree 100,0.1199999,-0.01999998,-0.1399999
Grove tree 031,0.1199999,-0.01999998,-0.1399999
Grove tree 028,0.1199999,-0.01999998,-0.1399999
Grove tree 081,0.1199999,-0.01999998,-0.1399999
BroadleafTree_05_Green,0.1212611,-0.01999998,-0.1412611
Grove tree 227,0.1199999,-0.01999998,-0.1399999
Grove tree 203,0.1200027,-0.01999998,-0.1400027
Lakeside willow 1,0.1493158,-0.01999998,-0.1693158
Grove tree 022,0.1199999,-0.0199995,-0.1399999
Grove tree 083,0.1199999,-0.01999998,-0.1399999
BroadleafTree_05_Green,0.1201744,-0.02000046,-0.1401744
Grove tree 238,0.1199999,-0.01999998,-0.1399999
Grove tree 032,0.119998,-0.01999998,-0.139998
Grove tree 161,0.1200008,-0.01999998,-0.1400008
Grove tree 204,0.1199999,-0.0199995,-0.1399999
BroadleafTree_02_Green,0.1211791,-0.01999998,-0.1411791
Grove tree 164,0.1199999,-0.01999998,-0.1399999
BroadleafTree_02_Green,0.1215577,-0.01999998,-0.1415577
Grove tree 016,0.1199999,-0.01999998,-0.1399999
Grove tree 084,0.119998,-0.01999998,-0.139998
Grove tree 020,0.1199999,-0.01999998,-0.1399999
Grove tree 121,0.1199999,-0.01999998,-0.1399999
Grove tree 000,0.1200001,-0.02000022,-0.1400001
Grove tree 108,0.1199999,-0.01999998,-0.1399999
Grove tree 070,0.1199999,-0.01999998,-0.1399999
Grove tree 037,0.1199961,-0.01999998,-0.1399961
Grove tree 143,0.1199999,-0.01999998,-0.1399999
BroadleafTree_05_Green,0.1202035,-0.01999998,-0.1402035
Grove tree 036,0.1200008,-0.01999998,-0.1400008
Grove tree 001,0.1199999,-0.01999998,-0.1399999
Grove tree 158,0.1200008,-0.01999998,-0.1400008
Grove tree 023,0.1199999,-0.01999998,-0.1399999
Grove tree 042,0.1200037,-0.01999998,-0.1400037
Grove tree 130,0.1199999,-0.02000046,-0.1399999
Grove tree 035,0.1199999,-0.01999998,-0.1399999
Lakeside willow 10,0.1493158,-0.01999998,-0.1693158
Grove tree 020,0.1199999,-0.0199995,-0.1399999
Grove tree 050,0.1199999,-0.01999998,-0.1399999
Grove tree 165,0.1199999,-0.01999998,-0.1399999
BroadleafTree_05_Green,0.1211195,-0.01999998,-0.1411195
BroadleafTree_05_Green,0.120244,-0.01999998,-0.140244
Grove tree 091,0.1199999,-0.01999998,-0.1399999
Grove tree 166,0.1199999,-0.01999998,-0.1399999
Grove tree 225,0.1199999,-0.01999998,-0.1399999
BroadleafTree_05_Green,0.1201973,-0.01999998,-0.1401973
Grove tree 170,0.1199999,-0.01999998,-0.1399999
Grove tree 202,0.1199999,-0.01999998,-0.1399999
BroadleafTree_02_Green,0.1211135,-0.01999998,-0.1411135
Grove tree 146,0.1199999,-0.01999998,-0.1399999
Grove tree 009,0.1199989,-0.01999998,-0.1399989
BroadleafTree_02_Green,0.1200624,-0.01999998,-0.1400623
Grove tree 232,0.1199999,-0.01999998,-0.1399999
Grove tree 124,0.1199999,-0.01999998,-0.1399999
Grove tree 082,0.1199999,-0.01999998,-0.1399999
BroadleafTree_05_Green,0.1212339,-0.01999998,-0.1412339
BroadleafTree_05_Green,0.1201668,-0.0199995,-0.1401668
Grove tree 150,0.1199999,-0.01999998,-0.1399999
BroadleafTree_02_Green,0.1200595,-0.01999998,-0.1400595
BroadleafTree_05_Green,0.1208849,-0.02000046,-0.1408849
Grove tree 052,0.1199999,-0.01999998,-0.1399999
Lakeside willow 3,0.1483607,-0.01999998,-0.1683607
BroadleafTree_02_Green,0.1203995,-0.01999998,-0.1403995
Grove tree 221,0.1199999,-0.01999998,-0.1399999
Grove tree 131,0.1200008,-0.02000046,-0.1400008
Grove tree 035,0.1199999,-0.01999998,-0.1399999
Grove tree 097,0.1199999,-0.01999998,-0.1399999
Grove tree 045,0.1199999,-0.01999998,-0.1399999
BroadleafTree_05_Green,0.1202593,-0.01999998,-0.1402593
Grove tree 133,0.1199999,-0.01999998,-0.1399999
Grove tree 006,0.1199999,-0.01999998,-0.1399999
Grove tree 015,0.1199999,-0.01999998,-0.1399999
Grove tree 172,0.1199999,-0.01999998,-0.1399999
Grove tree 208,0.1199999,-0.01999998,-0.1399999
Grove tree 012,0.1199999,-0.01999998,-0.1399999
BroadleafTree_05_Green,0.1211987,-0.01999998,-0.1411987
Grove tree 051,0.1199989,-0.01999998,-0.1399989
Grove tree 105,0.1200008,-0.01999998,-0.1400008
Grove tree 041,0.1199999,-0.01999998,-0.1399999
Grove tree 192,0.1199999,-0.01999998,-0.1399999
Grove tree 019,0.1199999,-0.0199995,-0.1399999
BroadleafTree_05_Green,0.1201863,-0.01999998,-0.1401863
Grove tree 017,0.1199999,-0.01999998,-0.1399999
Grove tree 178,0.1199999,-0.02000046,-0.1399999
Grove tree 018,0.1199999,-0.0199995,-0.1399999
Grove tree 193,0.1199999,-0.01999998,-0.1399999
Grove tree 196,0.1199999,-0.01999998,-0.1399999
Grove tree 094,0.1199999,-0.01999998,-0.1399999
Grove tree 214,0.1199999,-0.01999998,-0.1399999
Grove tree 018,0.1200037,-0.01999998,-0.1400037
Grove tree 029,0.1199999,-0.01999998,-0.1399999
BroadleafTree_02_Green,0.1203365,-0.0199995,-0.1403365
