name,x,y,z,active,renderers,enabled,minY,terrainY
BroadleafTree_02_Green,192.0859,1.322906,-166.178,True,3,3,1.322842,1.202419
Grove tree 009,186.8104,1.486152,-162.6322,True,3,3,1.48602,1.36602
Grove tree 020,95.12968,-5.062058,-321.2925,True,3,3,-5.06319,-5.18319
Grove tree 210,-128.3573,-5.89594,-40.68734,True,3,3,-5.896468,-6.016469
Grove tree 017,-23.28516,-6.437444,-174.8878,True,3,3,-6.437589,-6.557589
Grove tree 149,-65.88124,-8.762024,-314.6011,False,3,3,-8.763173,-7.737286
Grove tree 103,127.0438,-2.996825,-255.4543,True,3,3,-2.997359,-3.117359
Grove tree 046,90.4021,-6.639349,-243.8757,True,3,3,-6.63946,-6.759459
BroadleafTree_05_Green,183.0698,0.2235056,-186.124,True,3,3,0.2231741,0.1029148
BroadleafTree_02_Green,99.10092,-6.026532,-241.3293,True,3,3,-6.026593,-6.146653
Grove tree 067,-75.5862,-5.693248,-68.6943,True,3,3,-5.693383,-5.813383
Grove tree 155,-218.7772,-7.681839,-227.862,True,3,3,-7.681985,-7.801985
Grove tree 157,-206.8872,-7.579545,-234.8896,True,3,3,-7.580044,-7.700045
Grove tree 106,144.4621,-3.494614,-248.6309,False,3,3,-3.495784,-3.050862
Grove tree 132,-230.6751,-7.608828,-235.3908,False,3,3,-7.610503,-8.16806
Grove tree 138,-246.2906,-8.016828,-219.376,False,3,3,-8.016973,-8.295504
Grove tree 131,-243.2835,-8.241419,-229.0257,True,3,3,-8.241936,-8.361937
Grove tree 009,-50.02066,-6.76502,-226.733,True,3,3,-6.765101,-6.8851
Grove tree 104,141.2941,-3.723047,-256.491,False,3,3,-3.723173,-3.258274
Grove tree 203,-134.7336,-6.637872,-53.08204,True,3,3,-6.637994,-6.757997
Grove tree 027,-281.839,-8.68515,-195.8286,True,3,3,-8.68554,-8.80554
Grove tree 146,-86.50912,-7.416628,-304.1043,True,3,3,-7.417093,-7.537093
BroadleafTree_05_Green,-42.18872,-5.358961,-282.0351,True,3,3,-5.359245,-5.480365
Grove tree 007,-0.7102623,-4.175166,-135.8214,True,3,3,-4.17552,-4.29552
Grove tree 196,-126.3644,-6.358819,-81.90086,True,3,3,-6.35929,-6.47929
Grove tree 134,-206.0631,-7.09066,-249.5553,False,3,3,-7.092187,-7.77511
BroadleafTree_05_Green,102.184,-4.544278,-312.6464,True,3,3,-4.5446,-4.665834
Grove tree 206,-117.3689,-6.023375,-63.17479,False,3,3,-6.025016,-6.389724
BroadleafTree_02_Green,-57.28622,-5.40625,-79.05336,True,3,3,-5.406299,-5.526352
BroadleafTree_05_Green,-230.6751,-8.046385,-235.3908,True,3,3,-8.046729,-8.16806
Grove tree 175,-293.5435,-8.82471,-178.6392,False,3,3,-8.826293,-9.164011
Grove tree 162,-70.11195,-7.69077,-304.049,True,3,3,-7.690866,-7.810865
Grove tree 003,183.0698,-0.5566019,-186.124,False,3,3,-0.5571928,0.1029148
Grove tree 040,157.2238,-0.4482723,-153.9556,True,3,3,-0.4483583,-0.5683584
Grove tree 198,-135.7066,-6.58966,-69.14095,True,3,3,-6.589772,-6.709772
Grove tree 015,-33.82249,-6.115861,-178.9526,True,3,3,-6.117159,-6.237159
BroadleafTree_02_Green,122.8195,-2.988874,-223.2724,True,3,3,-2.98894,-3.110154
Grove tree 051,103.1569,-5.663382,-235.7798,True,3,3,-5.663942,-5.783941
Grove tree 058,111.6359,-4.708428,-217.2339,True,3,3,-4.708556,-4.828556
Grove tree 023,110.5327,-3.645404,-366.6435,True,3,3,-3.645738,-3.765738
Lakeside willow 0,179.0638,2.081717,-135.6352,True,3,3,2.080078,1.931717
Grove tree 079,2.51738,-6.611681,-331.6746,True,3,3,-6.613368,-6.733368
Grove tree 036,70.59258,-4.99753,-303.4704,True,3,3,-4.998462,-5.118462
Grove tree 092,106.9607,-4.300905,-298.1259,True,3,3,-4.301044,-4.421044
BroadleafTree_02_Green,-136.6097,-6.531342,-82.13492,True,3,3,-6.531384,-6.651425
Grove tree 006,186.4697,0.5517265,-179.0056,True,3,3,0.5515909,0.431591
BroadleafTree_02_Green,-33.88506,-6.348574,-184.8198,True,3,3,-6.348637,-6.469816
Grove tree 169,-69.41734,-8.267191,-288.2881,False,3,3,-8.267317,-7.368915
Grove tree 032,-61.69926,-6.474488,-233.9919,True,3,3,-6.474607,-6.594604
BroadleafTree_05_Green,166.0978,1.277261,-153.1809,True,3,3,1.276973,1.156734
Grove tree 200,-134.0467,-6.613803,-63.79181,True,3,3,-6.613935,-6.733935
BroadleafTree_05_Green,81.71552,-5.643533,-282.0617,True,3,3,-5.64388,-5.765141
Grove tree 083,93.15343,-4.610596,-330.1238,True,3,3,-4.611098,-4.731098
Grove tree 094,120.6835,-3.6565,-305.5135,True,3,3,-3.658115,-3.778115
Grove tree 015,-74.26765,-5.567817,-62.51822,True,3,3,-5.568148,-5.688148
Grove tree 044,92.08611,-6.649188,-252.2453,False,3,3,-6.650301,-6.354095
BroadleafTree_02_Green,-69.41734,-7.248789,-288.2881,True,3,3,-7.248852,-7.368915
Grove tree 111,151.8242,-3.002209,-237.6392,False,3,3,-3.003383,-2.422749
Grove tree 029,-165.9479,-6.790184,-104.3336,True,3,3,-6.790563,-6.910563
Grove tree 026,-59.45866,-5.41717,-257.169,False,3,3,-5.417282,-5.612067
Grove tree 027,-62.74777,-7.224381,-249.6459,False,3,3,-7.224833,-5.643094
Grove tree 080,-0.5647736,-5.155691,-323.3085,True,3,3,-5.157079,-5.277078
Grove tree 143,-203.5692,-7.64944,-243.9825,True,3,3,-7.649961,-7.76996
BroadleafTree_02_Green,177.0471,-0.2373852,-192.1573,True,3,3,-0.2374644,-0.3589344
Grove tree 072,-64.13457,-5.529206,-67.75734,True,3,3,-5.529639,-5.649639
Grove tree 208,-125.3791,-5.837903,-50.07722,True,3,3,-5.83834,-5.95834
BroadleafTree_05_Green,112.3068,-3.630712,-355.095,True,3,3,-3.630967,-3.751167
Grove tree 213,65.00497,-5.072148,-303.3467,True,3,3,-5.072618,-5.192618
Grove tree 159,-90.06104,-6.261368,-295.9698,True,3,3,-6.261493,-6.381493
BroadleafTree_02_Green,160.4464,-1.144283,-219.7011,True,3,3,-1.144343,-1.264403
Grove tree 016,-29.23765,-5.990145,-170.4632,True,3,3,-5.990261,-6.110261
Grove tree 042,99.64108,-4.513054,-267.0737,True,3,3,-4.514437,-4.63444
Grove tree 041,89.13403,-5.56458,-258.8752,True,3,3,-5.56496,-5.684959
BroadleafTree_02_Green,-11.49276,-5.449008,-141.772,True,3,3,-5.449068,-5.570177
Grove tree 179,308.1984,4.244051,-183.9497,True,3,3,4.243955,4.123959
Grove tree 012,109.6716,-5.246895,-234.2313,False,3,3,-5.24732,-4.92618
Grove tree 035,-119.8338,-5.552891,-50.27421,True,3,3,-5.55299,-5.67299
Grove tree 165,-51.13699,-5.970188,-314.4229,True,3,3,-5.971516,-6.091516
Grove tree 178,-276.6606,-8.123918,-189.7746,True,3,3,-8.124444,-8.244444
Grove tree 087,99.42405,-4.802407,-317.8322,True,3,3,-4.802547,-4.922556
BroadleafTree_02_Green,-246.2906,-8.175358,-219.376,True,3,3,-8.17543,-8.295504
Grove tree 014,-33.88506,-7.098673,-184.8198,False,3,3,-7.099916,-6.469816
Grove tree 063,132.8445,-1.2576,-204.7693,True,3,3,-1.258031,-1.378036
Grove tree 096,122.4024,-3.615658,-299.0591,True,3,3,-3.617151,-3.737151
Grove tree 133,-212.2848,-7.743576,-246.0135,True,3,3,-7.744034,-7.864034
BroadleafTree_02_Green,-150.058,-6.585728,-111.4665,True,3,3,-6.585777,-6.706114
Lakeside willow 7,219.8339,1.753628,-57.64926,True,3,3,1.752944,1.603628
BroadleafTree_02_Green,-62.74777,-5.522642,-249.6459,True,3,3,-5.522703,-5.643094
Grove tree 020,-19.54438,-5.598762,-151.5934,True,3,3,-5.599266,-5.719266
Grove tree 086,107.8975,-4.104365,-330.6138,False,3,3,-4.104857,-4.004657
Grove tree 002,180.8756,1.103229,-167.0149,True,3,3,1.102203,0.9822025
Grove tree 221,77.09409,-5.734832,-277.9181,True,3,3,-5.736156,-5.856156
Grove tree 216,70.38302,-6.967634,-291.4719,True,3,3,-6.968843,-7.088843
Grove tree 236,-133.5289,-6.912304,-192.2771,False,3,3,-6.912686,-7.04475
Grove tree 039,-50.43784,-6.01554,-207.221,True,3,3,-6.015653,-6.135652
Grove tree 032,-143.3711,-6.566463,-96.33664,True,3,3,-6.566877,-6.686877
Grove tree 158,-189.7771,-7.405568,-243.6191,True,3,3,-7.405714,-7.525715
Grove tree 021,126.569,-3.465626,-263.8121,True,3,3,-3.466058,-3.586058
Grove tree 025,-35.56327,-5.643804,-287.2101,True,3,3,-5.645249,-5.765238
Grove tree 220,87.26651,-5.008145,-291.4709,True,3,3,-5.008253,-5.128253
Grove tree 061,127.1205,-3.818668,-215.8365,False,3,3,-3.818789,-2.73034
BroadleafTree_02_Green,73.96882,-6.63421,-283.9311,True,3,3,-6.634263,-6.754599
Grove tree 071,-37.00239,-5.650387,-90.53761,True,3,3,-5.650532,-5.770532
Grove tree 118,162.7315,-1.218821,-226.5412,True,3,3,-1.220086,-1.340086
Lakeside willow 1,177.5338,1.017601,-121.2944,True,3,3,1.016917,0.8676014
Grove tree 184,-158.6566,-6.75262,-97.2838,True,3,3,-6.753729,-6.873729
Grove tree 033,-136.6097,-6.639637,-82.13492,False,3,3,-6.63972,-6.651425
Grove tree 139,-233.2004,-8.028959,-226.3872,True,3,3,-8.030098,-8.150098
Grove tree 016,-58.61534,-5.217129,-72.05111,True,3,3,-5.218066,-5.338066
Grove tree 186,-139.8016,-6.441751,-106.5092,True,3,3,-6.442245,-6.562244
Grove tree 122,99.78513,-3.659612,-390.3841,True,3,3,-3.660016,-3.780016
Grove tree 112,158.3109,-1.550076,-240.7467,True,3,3,-1.550614,-1.670614
Grove tree 004,174.1145,0.7687966,-173.3461,True,3,3,0.7673597,0.6473598
Grove tree 028,-71.86956,-5.56774,-237.4509,True,3,3,-5.568957,-5.688957
Lakeside willow 6,214.2743,1.649062,-68.2837,True,3,3,1.647422,1.499062
Grove tree 037,-53.23485,-6.249921,-213.0014,True,3,3,-6.250044,-6.37004
Grove tree 011,198.453,1.484387,-168.735,True,3,3,1.483228,1.363228
Grove tree 229,144.5742,-2.738611,-164.3923,True,3,3,-2.739144,-2.859144
BroadleafTree_05_Green,9.613956,-4.458881,-106.4455,True,3,3,-4.459116,-4.579303
Grove tree 023,-6.932934,-3.756016,-128.8845,True,3,3,-3.757365,-3.877365
BroadleafTree_05_Green,141.2941,-3.138148,-256.491,True,3,3,-3.138412,-3.258274
Grove tree 193,-130.6995,-6.420062,-87.39926,True,3,3,-6.420189,-6.540189
BroadleafTree_02_Green,104.3093,-4.416907,-306.5974,True,3,3,-4.416966,-4.537025
Grove tree 107,151.3559,-2.036556,-252.6979,True,3,3,-2.036674,-2.156673
Grove tree 076,-1.712173,-8.527836,-345.138,False,3,3,-8.528296,-7.418133
Grove tree 013,117.1546,-4.161656,-219.1693,True,3,3,-4.161756,-4.281757
Grove tree 235,166.0978,0.9939414,-153.1809,False,3,3,0.9934149,1.156734
Grove tree 209,-112.4858,-5.693233,-56.37166,True,3,3,-5.694417,-5.814417
BroadleafTree_05_Green,-141.8388,-6.724524,-65.1952,True,3,3,-6.724806,-6.845043
Grove tree 151,-254.7453,-7.696681,-207.653,True,3,3,-7.698103,-7.818103
Grove tree 119,160.4464,-2.244325,-219.7011,False,3,3,-2.244445,-1.264403
Grove tree 123,107.9964,-5.97012,-393.0273,True,3,3,-5.971255,-6.091255
Grove tree 098,127.8728,-3.581142,-281.7968,True,3,3,-3.581579,-3.701579
Grove tree 172,-71.64984,-6.637299,-279.5662,True,3,3,-6.638455,-6.758455
Grove tree 156,-213.7472,-7.637205,-230.7185,True,3,3,-7.637342,-7.757342
Grove tree 145,-92.90269,-8.259079,-300.831,False,3,3,-8.259462,-7.124196
Grove tree 147,-80.25453,-8.527954,-307.8303,False,3,3,-8.528532,-7.671449
Grove tree 082,78.04753,-4.026927,-325.1127,True,3,3,-4.027443,-4.147443
Grove tree 006,-11.43201,-6.035023,-151.8073,True,3,3,-6.035396,-6.155396
Grove tree 125,109.0104,-5.456457,-386.96,True,3,3,-5.45688,-5.57688
Grove tree 217,82.59976,-5.389785,-297.5469,True,3,3,-5.390377,-5.510386
BroadleafTree_05_Green,-133.5289,-6.924368,-192.2771,True,3,3,-6.924575,-7.04475
Grove tree 030,-52.78843,-6.708124,-244.7681,True,3,3,-6.709594,-6.829589
Grove tree 177,-283.5302,-8.528148,-184.6044,True,3,3,-8.528243,-8.648243
Grove tree 053,105.5193,-5.436936,-228.7705,True,3,3,-5.437062,-5.557062
Grove tree 207,-133.7887,-6.515121,-46.92222,True,3,3,-6.516534,-6.636534
Grove tree 101,138.6779,-2.91981,-277.5392,True,3,3,-2.920978,-3.040977
Grove tree 219,73.96882,-7.309177,-283.9311,False,3,3,-7.309566,-6.754599
Grove tree 164,-57.56371,-7.233169,-312.9055,True,3,3,-7.234802,-7.354802
Grove tree 010,192.0859,1.385373,-166.178,False,3,3,1.384883,1.202419
Grove tree 090,104.3093,-5.641475,-306.5974,False,3,3,-5.641593,-4.537025
Grove tree 005,-16.9594,-6.390963,-167.4139,True,3,3,-6.392043,-6.512043
Grove tree 025,-74.82643,-7.486809,-296.3111,True,3,3,-7.488001,-7.608003
Grove tree 021,-11.49276,-6.349866,-141.772,False,3,3,-6.351029,-5.570177
Grove tree 038,-45.37384,-6.451477,-216.9509,True,3,3,-6.452915,-6.572915
BroadleafTree_02_Green,-117.3689,-6.268083,-63.17479,True,3,3,-6.268166,-6.389724
Grove tree 024,-42.18872,-7.097093,-282.0351,False,3,3,-7.098496,-5.480365
Grove tree 052,114.4537,-3.356372,-242.7787,True,3,3,-3.356495,-3.476495
Grove tree 114,153.7665,-2.113139,-231.6814,True,3,3,-2.113701,-2.233701
Grove tree 057,119.4574,-4.703324,-229.2029,False,3,3,-4.703772,-3.381229
BroadleafTree_05_Green,-155.554,-6.671443,-107.3908,True,3,3,-6.671757,-6.792001
Grove tree 035,-56.41769,-6.537806,-220.3665,True,3,3,-6.53832,-6.658319
Grove tree 202,-119.909,-6.36159,-69.54237,True,3,3,-6.362957,-6.482957
Grove tree 129,112.3068,-4.658769,-355.095,False,3,3,-4.659225,-3.751167
Grove tree 222,81.71552,-6.610505,-282.0617,False,3,3,-6.612114,-5.765141
BroadleafTree_05_Green,107.8975,-3.884165,-330.6138,True,3,3,-3.884442,-4.004657
Grove tree 190,-144.9631,-6.628645,-87.21872,True,3,3,-6.629241,-6.749242
Grove tree 105,147.9866,-2.235099,-258.3388,True,3,3,-2.235535,-2.355536
Grove tree 034,-52.6178,-7.109017,-231.7149,False,3,3,-7.109485,-6.988335
Lakeside willow 11,255.7667,2.656092,-49.35268,True,3,3,2.652812,2.506092
Grove tree 181,-145.5099,-6.4399,-118.386,True,3,3,-6.440323,-6.560323
Grove tree 047,107.5103,-4.056004,-252.9053,True,3,3,-4.057466,-4.177461
Grove tree 024,-218.0148,-7.333202,-239.1817,False,3,3,-7.334394,-7.987024
Lakeside willow 5,212.2596,1.987601,-80.77133,True,3,3,1.98432,1.837606
Grove tree 194,-151.5528,-6.795016,-69.44934,True,3,3,-6.796207,-6.916207
Grove tree 160,-83.48114,-6.990345,-297.0234,True,3,3,-6.991453,-7.111445
Grove tree 022,-10.49035,-4.644877,-134.8886,True,3,3,-4.646051,-4.766051
Grove tree 056,113.4397,-4.466299,-226.1422,True,3,3,-4.466821,-4.586821
Grove tree 110,154.0516,-1.827992,-246.4119,True,3,3,-1.829223,-1.949223
Grove tree 022,135.1108,-2.64036,-247.5448,True,3,3,-2.64045,-2.760445
Grove tree 124,103.7454,-3.655996,-381.4425,True,3,3,-3.656114,-3.776114
Grove tree 197,-141.8388,-6.322767,-65.1952,False,3,3,-6.323286,-6.845043
Grove tree 034,-141.4847,-6.76481,-59.01193,True,3,3,-6.765157,-6.885157
Grove tree 081,8.232498,-6.019969,-326.6577,True,3,3,-6.021486,-6.141486
Grove tree 088,102.184,-5.700098,-312.6464,False,3,3,-5.701654,-4.665834
BroadleafTree_05_Green,92.08611,-6.232983,-252.2453,True,3,3,-6.233214,-6.354095
Grove tree 144,-97.42124,-6.537622,-297.4127,True,3,3,-6.539315,-6.659315
Grove tree 048,99.10092,-6.213019,-241.3293,False,3,3,-6.21314,-6.146653
Grove tree 171,-57.70506,-6.407305,-296.2616,True,3,3,-6.407812,-6.527812
Grove tree 120,96.02725,-3.665244,-401.0292,True,3,3,-3.665768,-3.785768
Grove tree 030,-150.058,-7.169924,-111.4665,False,3,3,-7.17031,-6.706114
Grove tree 055,107.9568,-5.098154,-221.4214,True,3,3,-5.098291,-5.218291
Grove tree 033,-59.8447,-6.661889,-227.8356,True,3,3,-6.66359,-6.783588
BroadleafTree_02_Green,-218.0148,-7.865832,-239.1817,True,3,3,-7.865893,-7.987024
Grove tree 008,194.3368,1.073883,-177.2368,True,3,3,1.072385,0.9523849
Grove tree 161,-76.40978,-7.600494,-303.0954,True,3,3,-7.60096,-7.720961
Grove tree 029,-65.81712,-5.696834,-239.3081,True,3,3,-5.696943,-5.816943
BroadleafTree_05_Green,156.2753,-0.01772249,-146.89,True,3,3,-0.01801777,-0.1391296
BroadleafTree_05_Green,127.1205,-2.61022,-215.8365,True,3,3,-2.610469,-2.73034
Grove tree 059,122.8195,-4.356371,-223.2724,False,3,3,-4.357651,-3.110154
Grove tree 099,124.7993,-3.737525,-269.4824,True,3,3,-3.73763,-3.85763
Grove tree 148,-74.88081,-7.594498,-311.0764,True,3,3,-7.595744,-7.715746
Grove tree 173,-66.425,-6.555429,-283.4864,True,3,3,-6.555921,-6.67592
Grove tree 183,-165.2562,-6.963431,-94.82806,False,3,3,-6.963544,-6.919985
Grove tree 231,153.5835,-1.069727,-162.5145,True,3,3,-1.069822,-1.189822
Grove tree 141,-222.187,-7.889263,-232.4682,True,3,3,-7.889657,-8.009657
Grove tree 201,-126.7432,-6.222129,-67.33489,False,3,3,-6.223396,-6.596751
Grove tree 108,141.4338,-2.324846,-238.428,True,3,3,-2.326127,-2.446127
Grove tree 093,114.6437,-4.580366,-304.4693,True,3,3,-4.580483,-4.700483
BroadleafTree_05_Green,-92.90269,-7.003813,-300.831,True,3,3,-7.004029,-7.124196
Grove tree 227,143.4234,-3.148788,-170.9936,True,3,3,-3.149384,-3.269383
Grove tree 102,134.9153,-4.147377,-266.5491,False,3,3,-4.147837,-3.872088
Grove tree 060,120.5019,-3.682702,-212.3883,True,3,3,-3.683284,-3.803284
Grove tree 212,254.5933,-0.952722,30.67019,True,3,3,-0.9528189,-1.072819
Grove tree 188,-157.6811,-6.792508,-81.88359,True,3,3,-6.79295,-6.912949
Grove tree 007,189.705,0.8552762,-173.6173,True,3,3,0.8541653,0.7341652
Lakeside willow 8,221.8486,1.620215,-45.16164,True,3,3,1.616934,1.470215
Grove tree 089,114.8578,-3.721341,-317.727,True,3,3,-3.721852,-3.841847
Grove tree 005,178.8246,0.4402949,-176.8793,True,3,3,0.4401922,0.3201923
Grove tree 018,-26.04773,-5.970066,-165.8879,True,3,3,-5.970185,-6.090189
Grove tree 192,-149.5475,-6.744986,-78.43446,True,3,3,-6.746511,-6.866511
Grove tree 031,-158.1928,-6.774687,-89.52089,True,3,3,-6.775638,-6.895638
Grove tree 074,-33.81291,-5.113461,-83.19283,True,3,3,-5.113976,-5.233975
Lakeside willow 3,193.8893,1.774536,-107.2767,True,3,3,1.772897,1.624537
BroadleafTree_05_Green,-74.71771,-7.040891,-285.3907,True,3,3,-7.041118,-7.161303
Grove tree 223,135.02,-1.883763,-183.484,True,3,3,-1.883882,-2.003881
Grove tree 182,-155.554,-7.141773,-107.3908,False,3,3,-7.14233,-6.792001
Grove tree 130,-250.8146,-8.357161,-225.2438,True,3,3,-8.358277,-8.478277
Grove tree 001,173.6865,0.3527614,-180.5174,True,3,3,0.3516378,0.231638
Grove tree 166,-253.8038,-7.134161,-200.4069,True,3,3,-7.135786,-7.255786
Grove tree 218,88.61861,-6.153789,-300.7429,False,3,3,-6.155086,-4.502853
Grove tree 003,-34.47939,-6.268276,-196.1364,True,3,3,-6.269482,-6.389482
Grove tree 077,0.2938538,-6.844573,-337.274,True,3,3,-6.844973,-6.964972
Grove tree 191,-132.5533,-6.407444,-93.43059,True,3,3,-6.407551,-6.527551
Grove tree 154,-226.4888,-7.78921,-224.9014,True,3,3,-7.789327,-7.909327
Grove tree 026,-60.19805,-7.460752,-303.2124,True,3,3,-7.461113,-7.581118
Grove tree 085,102.6012,-5.29655,-327.3342,True,3,3,-5.297131,-5.41713
BroadleafTree_05_Green,-24.96672,-6.500316,-181.2676,True,3,3,-6.500525,-6.620417
Grove tree 002,177.0471,-0.9254354,-192.1573,False,3,3,-0.9269838,-0.3589344
Grove tree 018,1.804123,-7.757453,-350.704,True,3,3,-7.758409,-7.878408
Grove tree 097,120.6703,-3.831394,-276.7032,True,3,3,-3.831831,-3.951831
Grove tree 041,-140.0772,-6.579524,-186.3477,True,3,3,-6.580487,-6.700487
Grove tree 084,89.05381,-4.836883,-322.6942,True,3,3,-4.83734,-4.957338
Grove tree 150,-60.52029,-6.831687,-317.6422,True,3,3,-6.83182,-6.95182
Grove tree 238,-113.5994,-6.934732,-201.1833,True,3,3,-6.934869,-7.054869
Grove tree 128,117.7501,-5.958641,-375.3195,True,3,3,-5.959105,-6.079105
Grove tree 117,157.4254,-1.676832,-224.4499,True,3,3,-1.677979,-1.797978
Grove tree 040,85.51224,-5.371763,-265.3974,True,3,3,-5.37285,-5.49285
Grove tree 140,-228.4663,-7.999637,-230.3346,True,3,3,-8.000091,-8.12009
Grove tree 050,96.83479,-6.363836,-230.9881,True,3,3,-6.364326,-6.484325
Grove tree 054,117.9675,-3.073259,-236.1409,True,3,3,-3.073759,-3.193759
Grove tree 011,100.7027,-5.541627,-251.5956,True,3,3,-5.541976,-5.661973
Grove tree 010,91.56281,-5.061807,-265.1651,True,3,3,-5.062178,-5.182178
Grove tree 078,6.021164,-7.685826,-342.9899,True,3,3,-7.686356,-7.806355
Grove tree 017,-44.5299,-4.611632,-77.3591,True,3,3,-4.611732,-4.731736
Grove tree 069,-57.28622,-5.157455,-79.05336,False,3,3,-5.157554,-5.526352
Grove tree 153,-236.7823,-7.773977,-217.4883,True,3,3,-7.774416,-7.894416
Grove tree 000,171.7466,-0.5508045,-203.3306,True,3,3,-0.5509002,-0.6709003
Grove tree 073,-52.86986,-4.815128,-72.87688,True,3,3,-4.815269,-4.935268
Grove tree 237,-119.4123,-6.929747,-198.2373,True,3,3,-6.931026,-7.051026
Grove tree 136,-81.92903,-7.285804,-313.1158,True,3,3,-7.286932,-7.406932
Grove tree 109,148.8188,-3.240356,-243.1962,False,3,3,-3.241735,-2.703012
Grove tree 215,78.92552,-4.795755,-303.7005,True,3,3,-4.796343,-4.916352
Grove tree 214,68.38137,-6.387467,-297.1761,True,3,3,-6.387961,-6.507961
Grove tree 068,-67.61547,-5.781439,-73.50527,True,3,3,-5.781836,-5.901835
Grove tree 228,148.7451,-1.583369,-175.3761,True,3,3,-1.583482,-1.703475
BroadleafTree_05_Green,-1.712173,-7.29768,-345.138,True,3,3,-7.297929,-7.418133
Grove tree 031,-68.2332,-5.850637,-230.9602,True,3,3,-5.85078,-5.970779
Grove tree 100,131.761,-3.806686,-275.0276,True,3,3,-3.806788,-3.926788
Grove tree 019,8.390793,-7.608955,-336.046,True,3,3,-7.609056,-7.729055
Grove tree 199,-124.2575,-6.383713,-74.48149,True,3,3,-6.384974,-6.504975
Grove tree 152,-244.5216,-7.81915,-214.0375,True,3,3,-7.820568,-7.940568
Grove tree 042,-124.7883,-6.903996,-194.906,True,3,3,-6.904326,-7.024326
Grove tree 091,111.5274,-4.783533,-310.8168,True,3,3,-4.78366,-4.90366
Grove tree 135,-199.4394,-7.584089,-251.8593,True,3,3,-7.584234,-7.704234
Grove tree 019,-21.94975,-5.971648,-160.1496,True,3,3,-5.973304,-6.093304
BroadleafTree_02_Green,2.159447,-3.854448,-105.1738,True,3,3,-3.854502,-3.974877
BroadleafTree_02_Green,115.3183,-6.281881,-380.4824,True,3,3,-6.281937,-6.402297
Grove tree 239,-108.1185,-6.969688,-204.8678,True,3,3,-6.971381,-7.091381
Grove tree 211,-121.8753,-5.44093,-43.87963,True,3,3,-5.442351,-5.562351
Grove tree 001,170.8466,-0.1342715,-188.9886,True,3,3,-0.1347084,-0.2547083
Grove tree 230,149.0602,-2.141797,-159.2951,True,3,3,-2.143189,-2.263189
Grove tree 038,142.8183,-2.157095,-181.7076,True,3,3,-2.157488,-2.277488
BroadleafTree_05_Green,148.8188,-2.581632,-243.1962,True,3,3,-2.581931,-2.703012
Grove tree 232,163.8018,0.9972509,-159.0963,True,3,3,0.9968348,0.8768349
Grove tree 163,-64.98769,-7.812238,-307.8078,True,3,3,-7.813908,-7.933908
Grove tree 189,-151.8658,-6.733319,-85.61846,True,3,3,-6.733431,-6.853431
Grove tree 113,146.7015,-1.759368,-227.263,True,3,3,-1.759505,-1.879505
BroadleafTree_02_Green,-165.2562,-6.799872,-94.82806,True,3,3,-6.799928,-6.919985
BroadleafTree_02_Green,-126.7432,-6.475484,-67.33489,True,3,3,-6.475549,-6.596751
Grove tree 070,-49.20874,-5.150578,-82.08856,True,3,3,-5.150688,-5.270688
Lakeside willow 9,234.3363,1.986969,-47.17638,True,3,3,1.98533,1.836966
Grove tree 064,2.159447,-3.509655,-105.1738,False,3,3,-3.510085,-3.974877
BroadleafTree_02_Green,-45.72933,-5.796015,-91.3991,True,3,3,-5.796086,-5.916538
Grove tree 234,161.9474,0.8032228,-149.4548,True,3,3,0.8030825,0.6830826
Grove tree 075,-5.992844,-7.42605,-350.8106,True,3,3,-7.426146,-7.546145
Grove tree 039,152.7544,-0.9194249,-168.338,True,3,3,-0.9204559,-1.040456
BroadleafTree_05_Green,-274.1615,-8.228375,-198.0126,True,3,3,-8.228602,-8.349487
Grove tree 226,150.8606,-0.2929891,-183.1879,True,3,3,-0.2945557,-0.4145555
BroadleafTree_05_Green,-59.45866,-5.491955,-257.169,True,3,3,-5.492186,-5.612067
Grove tree 205,-123.7671,-5.962091,-60.12112,False,3,3,-5.962475,-6.495146
Grove tree 037,77.76512,-6.608848,-290.1801,True,3,3,-6.609241,-6.729241
Lakeside willow 4,204.6853,1.380852,-103.8934,True,3,3,1.380168,1.23086
Grove tree 187,-150.1035,-6.674487,-92.13382,True,3,3,-6.675942,-6.795942
BroadleafTree_05_Green,119.4574,-3.260782,-229.2029,True,3,3,-3.261032,-3.381229
BroadleafTree_02_Green,134.9153,-3.751628,-266.5491,True,3,3,-3.751689,-3.872088
Grove tree 116,151.4095,-1.499529,-220.8649,True,3,3,-1.499908,-1.619908
Grove tree 012,-42.67773,-6.009706,-195.7781,True,3,3,-6.009814,-6.129814
Grove tree 224,141.9361,-1.346035,-187.2786,True,3,3,-1.347724,-1.467724
Grove tree 204,-129.0453,-6.459408,-57.01123,True,3,3,-6.459505,-6.579505
Grove tree 176,-289.0563,-8.867576,-183.2335,True,3,3,-8.868681,-8.988686
Grove tree 013,-38.26018,-6.188364,-190.6032,True,3,3,-6.18895,-6.308949
Grove tree 045,103.3893,-4.408672,-259.7463,True,3,3,-4.410192,-4.530191
Grove tree 062,131.255,-1.808043,-210.1946,True,3,3,-1.808586,-1.928586
Grove tree 121,104.5504,-5.929952,-400.793,True,3,3,-5.931317,-6.051317
Grove tree 180,-159.2085,-6.698221,-112.3002,True,3,3,-6.699716,-6.819715
BroadleafTree_05_Green,-206.0631,-7.653584,-249.5553,True,3,3,-7.653912,-7.77511
Grove tree 225,138.9546,-3.199514,-176.5522,True,3,3,-3.199655,-3.319654
BroadleafTree_05_Green,-65.88124,-7.616137,-314.6011,True,3,3,-7.616366,-7.737286
BroadleafTree_02_Green,-80.25453,-7.55087,-307.8303,True,3,3,-7.55095,-7.671449
Grove tree 170,-64.71518,-7.064209,-292.1305,True,3,3,-7.06432,-7.184319
BroadleafTree_05_Green,-123.7671,-6.374763,-60.12112,True,3,3,-6.374971,-6.495146
BroadleafTree_02_Green,109.6716,-4.805755,-234.2313,True,3,3,-4.805814,-4.92618
Grove tree 126,107.9579,-3.94116,-377.1216,True,3,3,-3.941289,-4.061283
Grove tree 233,156.2753,0.7915388,-146.89,False,3,3,0.7901316,-0.1391296
Grove tree 127,115.3183,-6.378452,-380.4824,False,3,3,-6.378868,-6.402297
Grove tree 168,-74.71771,-8.154481,-285.3907,False,3,3,-8.154892,-7.161303
BroadleafTree_02_Green,-293.5435,-9.042428,-178.6392,True,3,3,-9.042509,-9.164011
Grove tree 000,166.0687,-0.4603177,-196.3022,True,3,3,-0.4606657,-0.5806656
Grove tree 174,-274.1615,-8.57974,-198.0126,False,3,3,-8.580852,-8.349487
Grove tree 137,-253.1504,-8.258702,-216.423,True,3,3,-8.259293,-8.379292
Lakeside willow 10,244.9707,2.000821,-52.73594,True,3,3,2.000136,1.850821
Grove tree 195,-139.7706,-6.609165,-76.45537,True,3,3,-6.61037,-6.73037
BroadleafTree_02_Green,151.8242,-2.301575,-237.6392,True,3,3,-2.301635,-2.422749
Grove tree 014,123.4034,-1.981118,-203.8479,True,3,3,-1.981216,-2.101206
Lakeside willow 2,183.0933,0.9288601,-110.6599,True,3,3,0.9255795,0.7788601
Grove tree 043,86.35248,-6.427758,-250.8906,True,3,3,-6.429379,-6.549379
Grove tree 167,-68.35388,-7.561531,-298.3314,True,3,3,-7.561634,-7.681634
Grove tree 185,-150.8145,-6.646194,-99.44975,True,3,3,-6.646314,-6.766314
Grove tree 065,9.613956,-2.8429,-106.4455,False,3,3,-2.843321,-4.579303
BroadleafTree_02_Green,88.61861,-4.381557,-300.7429,True,3,3,-4.381623,-4.502853
Grove tree 028,303.7005,3.61175,-192.1342,True,3,3,3.611375,3.491375
BroadleafTree_02_Green,144.4621,-2.929693,-248.6309,True,3,3,-2.929753,-3.050862
Grove tree 008,-58.12459,-6.434856,-241.4008,True,3,3,-6.43591,-6.55591
BroadleafTree_05_Green,-52.6178,-6.867867,-231.7149,True,3,3,-6.868123,-6.988335
Grove tree 036,-43.4415,-6.625576,-225.8105,True,3,3,-6.625692,-6.745693
Grove tree 049,110.164,-3.885617,-247.8809,True,3,3,-3.885729,-4.005729
Grove tree 142,-210.457,-7.741883,-240.0686,True,3,3,-7.743043,-7.863044
Grove tree 004,-24.96672,-6.507128,-181.2676,False,3,3,-6.507229,-6.620417
Grove tree 095,116.8979,-3.842155,-295.4116,True,3,3,-3.843679,-3.963679
Grove tree 066,-45.72933,-6.21376,-91.3991,False,3,3,-6.214283,-5.916538
Grove tree 115,159.0827,-1.499721,-233.9314,True,3,3,-1.500244,-1.620244
